S No,Station Name,Stn Code,"Old Station
Category","New Station
Category",Division,Zone,District,State,Coordinates
1,BHORAS BUDRUKH,BFJ,F,HG2,BSL,CR,JALGAON,MAHARASHTRA,
2,JAMNER,JMNR,E,HG2,BSL,CR,JALGAON,MAHARASHTRA,
3,ANJANGAON,ANJ,E,HG3,BSL,CR,AMRAVATI,MAHARASHTRA,
4,BANOSA,BASA,F,HG3,BSL,CR,AMRAVATI,MAHARASHTRA,
5,BHADSIVNI,BDKE,F,HG3,BSL,CR,WASHIM,MAHARASHTRA,
6,BHAGDARA,BGR,F,HG3,BSL,CR,JALGAON,MAHARASHTRA,
7,BORVIHIR,BRVR,F,HG3,BSL,CR,DHULE,MAHARASHTRA,
8,CHAMAK,CMK,F,HG3,BSL,CR,AMRAVATI,MAHARASHTRA,
9,DARWHA MOTI BAGH JN.,DWM,F,HG3,BSL,CR,YAVATMAL,MAHARASHTRA,
10,KAPUSTALNI,KTNI,F,HG3,BSL,CR,AMRAVATI,MAHARASHTRA,
11,KARANJA,KRJA,F,HG3,BSL,CR,WASHIM,MAHARASHTRA,
12,KARANJA TOWN,KRJT,F,HG3,BSL,CR,WASHIM,MAHARASHTRA,
13,KHUSTA BUZURG,KSBG,F,HG3,BSL,CR,AMRAVATI,MAHARASHTRA,
14,KINKHED,KQV,F,HG3,BSL,CR,AKOLA,MAHARASHTRA,
15,KOHDAD,KDK,F,HG3,BSL,CR,EAST NIMAR,MADHYA PRADESH,
16,KOKALDA,KXD,F,HG3,BSL,CR,AMRAVATI,MAHARASHTRA,
17,KOLHADI,KLHD,F,HG3,BSL,CR,JALGAON,MAHARASHTRA,
18,LADKHED,LDD,F,HG3,BSL,CR,YAVATMAL,MAHARASHTRA,
19,LAKHPURI,LPU,F,HG3,BSL,CR,AKOLA,MAHARASHTRA,
20,LASINA,LSN,F,HG3,BSL,CR,YAVATMAL,MAHARASHTRA,
21,LEHGAON,LGN,F,HG3,BSL,CR,AMRAVATI,MAHARASHTRA,
22,LING,LING,F,HG3,BSL,CR,YAVATMAL,MAHARASHTRA,
23,MANDURA,MNDA,F,HG3,BSL,CR,AKOLA,MAHARASHTRA,
24,MOHADI PRAGANE LALIN,MHAD,F,HG3,BSL,CR,DHULE,MAHARASHTRA,
25,MORDAD TANDA,MWK,F,HG3,BSL,CR,DHULE,MAHARASHTRA,
26,MURTIZAPUR TOWN,MZRT,F,HG3,BSL,CR,AKOLA,MAHARASHTRA,
27,NOWBAGH,NBGH,F,HG3,BSL,CR,AMRAVATI,MAHARASHTRA,
28,PAHUR,PHU,F,HG3,BSL,CR,JALGAON,MAHARASHTRA,
29,PIMPALGAON,PMGN,F,HG3,BSL,CR,JALGAON,MAHARASHTRA,
30,POHE,POHE,F,HG3,BSL,CR,WASHIM,MAHARASHTRA,
31,RAJMANE,RM,F,HG3,BSL,CR,JALGAON,MAHARASHTRA,
32,SANGWI,SWQ,F,HG3,BSL,CR,YAVATMAL,MAHARASHTRA,
33,SHENDURNI,SDRN,F,HG3,BSL,CR,JALGAON,MAHARASHTRA,
34,SHIRALA,SIRL,F,HG3,BSL,CR,AMRAVATI,MAHARASHTRA,
35,SOMTHAN,SMTN,F,HG3,BSL,CR,WASHIM,MAHARASHTRA,
36,TAPONA,TPN,F,HG3,BSL,CR,YAVATMAL,MAHARASHTRA,
37,VARKHEDI,VRKD,F,HG3,BSL,CR,JALGAON,MAHARASHTRA,
38,VILEGAON,VLN,F,HG3,BSL,CR,WASHIM,MAHARASHTRA,
39,WARUDKHED,WRD,F,HG3,BSL,CR,YAVATMAL,MAHARASHTRA,
40,PADLI,PI,NA,"Not open for
passenger
traffic",BSL,CR,NASHIK,MAHARASHTRA,
41,SAGPHATA,SXA,NA,"Not open for
passenger
traffic",BSL,CR,BURHANPUR,MADHYA PRADESH,
42,NASHIK ROAD,NK,A1,NSG2,BSL,CR,NASHIK,MAHARASHTRA,
43,AKOLA JN.,AK,A,NSG3,BSL,CR,AKOLA,MAHARASHTRA,
44,AMRAVATI,AMI,A,NSG3,BSL,CR,AMRAVATI,MAHARASHTRA,
45,BADNERA JN.,BD,A,NSG3,BSL,CR,AMRAVATI,MAHARASHTRA,
46,BHUSAVAL JN.,BSL,A,NSG3,BSL,CR,JALGAON,MAHARASHTRA,
47,JALGAON JN,JL,A,NSG3,BSL,CR,JALGAON,MAHARASHTRA,
48,KHANDWA,KNW,A,NSG3,BSL,CR,EAST NIMAR,MADHYA PRADESH,
49,MANMAD JN.,MMR,A,NSG3,BSL,CR,NASHIK,MAHARASHTRA,
50,SHEGAON,SEG,A,NSG3,BSL,CR,BULDHANA,MAHARASHTRA,
51,BURHANPUR,BAU,B,NSG4,BSL,CR,BURHANPUR,MADHYA PRADESH,
52,CHALISGAON JN,CSN,B,NSG4,BSL,CR,JALGAON,MAHARASHTRA,
53,MALKAPUR,MKU,B,NSG4,BSL,CR,BULDHANA,MAHARASHTRA,
54,BODWAD,BDWD,A,NSG5,BSL,CR,JALGAON,MAHARASHTRA,
55,DEVLALI,DVL,B,NSG5,BSL,CR,NASHIK,MAHARASHTRA,
56,DHULE,DHI,E,NSG5,BSL,CR,DHULE,MAHARASHTRA,
57,LASALGAON,LS,D,NSG5,BSL,CR,NASHIK,MAHARASHTRA,
58,MURTIZAPUR,MZR,B,NSG5,BSL,CR,AKOLA,MAHARASHTRA,
59,NANDGAON,NGN,D,NSG5,BSL,CR,NASHIK,MAHARASHTRA,
60,NANDURA,NN,D,NSG5,BSL,CR,BULDHANA,MAHARASHTRA,
61,NEPANAGAR,NPNR,D,NSG5,BSL,CR,BURHANPUR,MADHYA PRADESH,
62,NIPHAD,NR,D,NSG5,BSL,CR,NASHIK,MAHARASHTRA,
63,PACHORA JN.,PC,B,NSG5,BSL,CR,JALGAON,MAHARASHTRA,
64,RAVER,RV,D,NSG5,BSL,CR,JALGAON,MAHARASHTRA,
65,ACHALPUR,ELP,E,NSG6,BSL,CR,AMRAVATI,MAHARASHTRA,
66,ACHEGAON,ACG,E,NSG6,BSL,CR,JALGAON,MAHARASHTRA,
67,ANKAI,ANK,E,NSG6,BSL,CR,NASHIK,MAHARASHTRA,
68,ASIRGARH ROAD,AGQ,E,NSG6,BSL,CR,BURHANPUR,MADHYA PRADESH,
69,ASVALI,AV,E,NSG6,BSL,CR,NASHIK,MAHARASHTRA,
70,BAGMAR,BMA,E,NSG6,BSL,CR,EAST NIMAR,MADHYA PRADESH,
71,BHADLI,BDI,E,NSG6,BSL,CR,JALGAON,MAHARASHTRA,
72,BISWA BRIDGE,BIS,E,NSG6,BSL,CR,BULDHANA,MAHARASHTRA,
73,BORGAON,BGN,E,NSG6,BSL,CR,AKOLA,MAHARASHTRA,
74,CHANDNI,CDI,E,NSG6,BSL,CR,BURHANPUR,MADHYA PRADESH,
75,CHANDUR BAZAR,CNDB,A,NSG6,BSL,CR,AMRAVATI,MAHARASHTRA,
76,DONGARGAON,DGN,E,NSG6,BSL,CR,EAST NIMAR,MADHYA PRADESH,
77,DUSKHEDA,DSK,E,NSG6,BSL,CR,JALGAON,MAHARASHTRA,
78,GAIGAON,GAO,E,NSG6,BSL,CR,AKOLA,MAHARASHTRA,
79,GALAN,GAA,E,NSG6,BSL,CR,JALGAON,MAHARASHTRA,
80,GHOTI,GO,E,NSG6,BSL,CR,NASHIK,MAHARASHTRA,
81,HIRAPUR,HPR,E,NSG6,BSL,CR,JALGAON,MAHARASHTRA,
82,HISVAHAL,HSL,E,NSG6,BSL,CR,NASHIK,MAHARASHTRA,
83,JALAMB JN.,JM,E,NSG6,BSL,CR,BULDHANA,MAHARASHTRA,
84,JAMDHA,JMD,E,NSG6,BSL,CR,JALGAON,MAHARASHTRA,
85,KAJGAON,KJ,E,NSG6,BSL,CR,JALGAON,MAHARASHTRA,
86,KASBE SUKENE,KBSN,E,NSG6,BSL,CR,NASHIK,MAHARASHTRA,
87,KATEPURNA,KTP,E,NSG6,BSL,CR,AKOLA,MAHARASHTRA,
88,KHAMGAON,KMN,E,NSG6,BSL,CR,BULDHANA,MAHARASHTRA,
89,KHAMKHED,KMKD,E,NSG6,BSL,CR,BULDHANA,MAHARASHTRA,
90,KHERWADI,KW,E,NSG6,BSL,CR,NASHIK,MAHARASHTRA,
91,KHUMGAON BURTI,KJL,E,NSG6,BSL,CR,BULDHANA,MAHARASHTRA,
92,KURAM,KUM,E,NSG6,BSL,CR,AKOLA,MAHARASHTRA,
93,LAHAVIT,LT,E,NSG6,BSL,CR,NASHIK,MAHARASHTRA,
94,MAHEJI,MYJ,E,NSG6,BSL,CR,JALGAON,MAHARASHTRA,
95,MANA,MANA,E,NSG6,BSL,CR,AKOLA,MAHARASHTRA,
96,MANDWA,MWA,E,NSG6,BSL,CR,EAST NIMAR,MADHYA PRADESH,
97,MHASAVAD,MWD,E,NSG6,BSL,CR,JALGAON,MAHARASHTRA,
98,NAGARDEVLA,NGD,E,NSG6,BSL,CR,JALGAON,MAHARASHTRA,
99,NAYDONGRI,NI,E,NSG6,BSL,CR,NASHIK,MAHARASHTRA,
100,NEW AMRAVATI,NAVI,E,NSG6,BSL,CR,AMRAVATI,MAHARASHTRA,
101,NIMBHORA,NB,E,NSG6,BSL,CR,JALGAON,MAHARASHTRA,
102,ODHA,ODHA,E,NSG6,BSL,CR,NASHIK,MAHARASHTRA,
103,PANJHAN,PJN,E,NSG6,BSL,CR,NASHIK,MAHARASHTRA,
104,PARAS,PS,E,NSG6,BSL,CR,AKOLA,MAHARASHTRA,
105,PARDHADE,PHQ,E,NSG6,BSL,CR,JALGAON,MAHARASHTRA,
106,PIMPARKHED,PKE,E,NSG6,BSL,CR,NASHIK,MAHARASHTRA,
107,SAVDA,SAV,E,NSG6,BSL,CR,JALGAON,MAHARASHTRA,
108,SHIRSOLI,SS,E,NSG6,BSL,CR,JALGAON,MAHARASHTRA,
109,SHIRUD,SHF,E,NSG6,BSL,CR,DHULE,MAHARASHTRA,
110,SHRI KSHETRA NAGJHARI,NGZ,E,NSG6,BSL,CR,BULDHANA,MAHARASHTRA,
111,SUMMIT,SUM,E,NSG6,BSL,CR,NASHIK,MAHARASHTRA,
112,TAKLI,TKI,E,NSG6,BSL,CR,AMRAVATI,MAHARASHTRA,
113,UGAON,UGN,E,NSG6,BSL,CR,NASHIK,MAHARASHTRA,
114,VAGHLI,VGL,E,NSG6,BSL,CR,JALGAON,MAHARASHTRA,
115,VARANGAON,VNA,E,NSG6,BSL,CR,JALGAON,MAHARASHTRA,
116,WADODA,WADO,F,NSG6,BSL,CR,BULDHANA,MAHARASHTRA,
117,WAGHODA,WGA,E,NSG6,BSL,CR,JALGAON,MAHARASHTRA,
118,WALGAON,WLGN,E,NSG6,BSL,CR,AMRAVATI,MAHARASHTRA,
119,YAVATMAL,YTL,A,NSG6,BSL,CR,YAVATMAL,MAHARASHTRA,
120,YEULKHED,YAD,F,NSG6,BSL,CR,AKOLA,MAHARASHTRA,
121,PANEVADI,PNV,NA,POL Siding,BSL,CR,NASHIK,MAHARASHTRA,
122,ANKAI KILA,AAK,NA,"This is B class
station of
operating,
there facility
of Goods
shed.",BSL,CR,NASHIK,MAHARASHTRA,
123,CHAUK,CHOK,F,HG2,CSTM,CR,RAIGAD,MAHARASHTRA,
124,HAMARAPUR,HMRR,F,HG2,CSTM,CR,RAIGAD,MAHARASHTRA,
125,JUICHANDRA,JCNR,F,HG2,CSTM,CR,THANE,MAHARASHTRA,
126,KASU,KASU,F,HG2,CSTM,CR,RAIGAD,MAHARASHTRA,
127,NAVADE ROAD,NVRD,F,HG2,CSTM,CR,RAIGAD,MAHARASHTRA,
128,NIDI,NIDI,F,HG2,CSTM,CR,RAIGAD,MAHARASHTRA,
129,CHIKHLI,CKHS,F,HG3,CSTM,CR,RAIGAD,MAHARASHTRA,
130,MOHOPE,MHPE,F,HG3,CSTM,CR,RAIGAD,MAHARASHTRA,
131,OOMBERMALI,OMB,NA,HG3,CSTM,CR,THANE,MAHARASHTRA,
132,RASAYANI,RSYI,F,HG3,CSTM,CR,RAIGAD,MAHARASHTRA,
133,THANSIT,THS,NA,HG3,CSTM,CR,THANE,MAHARASHTRA,
134,C SHIVAJI MAH T,CSMT,A1,NSG1,CSTM,CR,MUMBAI,MAHARASHTRA,
135,DADAR,DR,A1,NSG1,CSTM,CR,MUMBAI,MAHARASHTRA,
136,KALYAN JN.,KYN,A1,NSG1,CSTM,CR,THANE,MAHARASHTRA,
137,LOKMANYA TILAK TERMI,LTT,A1,NSG1,CSTM,CR,MUMBAI,MAHARASHTRA,
138,PANVEL,PNVL,A,NSG1,CSTM,CR,RAIGAD,MAHARASHTRA,
139,THANE,TNA,A1,NSG1,CSTM,CR,THANE,MAHARASHTRA,
140,LONAVALA,LNL,A,NSG3,CSTM,CR,PUNE,MAHARASHTRA,
141,AMAN LODGE,ANLG,D,NSG4,CSTM,CR,RAIGAD,MAHARASHTRA,
142,BHIVANDI ROAD,BIRD,D,NSG4,CSTM,CR,THANE,MAHARASHTRA,
143,MATHERAN,MAE,B,NSG4,CSTM,CR,RAIGAD,MAHARASHTRA,
144,IGATPURI,IGP,B,NSG5,CSTM,CR,NASHIK,MAHARASHTRA,
145,ROHA,ROHA,D,NSG5,CSTM,CR,RAIGAD,MAHARASHTRA,
146,APTA,APTA,E,NSG6,CSTM,CR,RAIGAD,MAHARASHTRA,
147,JITE,JITE,E,NSG6,CSTM,CR,RAIGAD,MAHARASHTRA,
148,KALAMBOLI,KLMC,E,NSG6,CSTM,CR,RAIGAD,MAHARASHTRA,
149,KAMAN ROAD,KARD,E,NSG6,CSTM,CR,THANE,MAHARASHTRA,
150,KHANDALA,KAD,E,NSG6,CSTM,CR,RAIGAD,MAHARASHTRA,
151,KHARBAV,KHBV,E,NSG6,CSTM,CR,THANE,MAHARASHTRA,
152,NAGOTHANE,NGTN,NA,NSG6,CSTM,CR,RAIGAD,MAHARASHTRA,
153,NILAJE,NIIJ,E,NSG6,CSTM,CR,THANE,MAHARASHTRA,
154,PEN,PEN,E,NSG6,CSTM,CR,RAIGAD,MAHARASHTRA,
155,SOMTANE,SMNE,E,NSG6,CSTM,CR,RAIGAD,MAHARASHTRA,
156,TALOJA PANCHNAND,TPND,E,NSG6,CSTM,CR,RAIGAD,MAHARASHTRA,
157,AMBARNATH,ABH,C,SG1,CSTM,CR,THANE,MAHARASHTRA,
158,BADLAPUR,BUD,C,SG1,CSTM,CR,THANE,MAHARASHTRA,
159,BHANDUP,BND,C,SG1,CSTM,CR,MUMBAI,MAHARASHTRA,
160,DIVA,DIVA,C,SG1,CSTM,CR,THANE,MAHARASHTRA,
161,DOMBIVLI,DI,C,SG1,CSTM,CR,THANE,MAHARASHTRA,
162,GHATKOPAR,GC,C,SG1,CSTM,CR,MUMBAI,MAHARASHTRA,
163,KURLA JN.,CLA,C,SG1,CSTM,CR,MUMBAI,MAHARASHTRA,
164,MANKHURD,MNKD,C,SG1,CSTM,CR,MUMBAI,MAHARASHTRA,
165,MULUND,MLND,C,SG1,CSTM,CR,MUMBAI,MAHARASHTRA,
166,MUMBRA,MBQ,C,SG1,CSTM,CR,THANE,MAHARASHTRA,
167,SION,SIN,C,SG1,CSTM,CR,MUMBAI,MAHARASHTRA,
168,VIKHROLI,VK,C,SG1,CSTM,CR,MUMBAI,MAHARASHTRA,
169,AIRAVALI,AIRL,C,SG2,CSTM,CR,THANE,MAHARASHTRA,
170,AMBIVLI,ABY,C,SG2,CSTM,CR,THANE,MAHARASHTRA,
171,BELAPUR C.B.D,BEPR,C,SG2,CSTM,CR,THANE,MAHARASHTRA,
172,BYCULLA,BY,C,SG2,CSTM,CR,MUMBAI,MAHARASHTRA,
173,CHEMBUR,CMBR,C,SG2,CSTM,CR,MUMBAI,MAHARASHTRA,
174,CHINCHPOKLI,CHG,C,SG2,CSTM,CR,MUMBAI,MAHARASHTRA,
175,COTTON GREEN,CTGN,C,SG2,CSTM,CR,MUMBAI,MAHARASHTRA,
176,CURREY ROAD,CRD,C,SG2,CSTM,CR,MUMBAI,MAHARASHTRA,
177,GHANSOLI,GNSL,C,SG2,CSTM,CR,THANE,MAHARASHTRA,
178,GOVANDI,GV,C,SG2,CSTM,CR,MUMBAI,MAHARASHTRA,
179,"GURU
TEGHBAHADURNAGA",GTBN,C,SG2,CSTM,CR,MUMBAI,MAHARASHTRA,
180,JUINAGAR,JNJ,C,SG2,CSTM,CR,THANE,MAHARASHTRA,
181,KALVA,KLVA,C,SG2,CSTM,CR,THANE,MAHARASHTRA,
182,KANJUR MARG,KJRD,C,SG2,CSTM,CR,MUMBAI,MAHARASHTRA,
183,KARJAT,KJT,C,SG2,CSTM,CR,RAIGAD,MAHARASHTRA,
184,KHANDESHWAR,KNDS,C,SG2,CSTM,CR,RAIGAD,MAHARASHTRA,
185,KHARGHAR,KHAG,C,SG2,CSTM,CR,RAIGAD,MAHARASHTRA,
186,KINGS CIRCLE,KCE,C,SG2,CSTM,CR,MUMBAI,MAHARASHTRA,
187,KOPARKHAIRANE,KPHN,A,SG2,CSTM,CR,THANE,MAHARASHTRA,
188,MANSAROVAR,MANR,C,SG2,CSTM,CR,RAIGAD,MAHARASHTRA,
189,MASJID,MSD,C,SG2,CSTM,CR,MUMBAI,MAHARASHTRA,
190,MATUNGA,MTN,C,SG2,CSTM,CR,MUMBAI,MAHARASHTRA,
191,NAHUR,NHU,A,SG2,CSTM,CR,MUMBAI SUBURBAN,MAHARASHTRA,
192,NERUL,NEU,C,SG2,CSTM,CR,THANE,MAHARASHTRA,
193,SANDHURST ROAD,SNRD,C,SG2,CSTM,CR,MUMBAI,MAHARASHTRA,
194,SANPADA,SNCR,C,SG2,CSTM,CR,THANE,MAHARASHTRA,
195,SEAWOODSDARAVE,SWDV,C,SG2,CSTM,CR,THANE,MAHARASHTRA,
196,SEWRI,SVE,C,SG2,CSTM,CR,MUMBAI,MAHARASHTRA,
197,SHAHAD,SHAD,C,SG2,CSTM,CR,THANE,MAHARASHTRA,
198,THAKURLI,THK,C,SG2,CSTM,CR,THANE,MAHARASHTRA,
199,TILAK NAGAR,TKNG,C,SG2,CSTM,CR,MUMBAI,MAHARASHTRA,
200,TITWALA,TLA,C,SG2,CSTM,CR,THANE,MAHARASHTRA,
201,ULHASNAGAR,ULNR,C,SG2,CSTM,CR,THANE,MAHARASHTRA,
202,VADALA ROAD,VDLR,C,SG2,CSTM,CR,MUMBAI,MAHARASHTRA,
203,VASHI,VSH,C,SG2,CSTM,CR,THANE,MAHARASHTRA,
204,VIDYAVIHAR,VVH,C,SG2,CSTM,CR,MUMBAI,MAHARASHTRA,
205,VITHALWADI,VLDI,C,SG2,CSTM,CR,THANE,MAHARASHTRA,
206,ASANGAON,ASO,C,SG3,CSTM,CR,THANE,MAHARASHTRA,
207,ATGAON,ATG,C,SG3,CSTM,CR,THANE,MAHARASHTRA,
208,BAMANDONGRI,BMDR,C,SG3,CSTM,CR,RAIGAD,MAHARASHTRA,
209,BHIVPURI ROAD,BVS,C,SG3,CSTM,CR,RAIGAD,MAHARASHTRA,
210,CHUNABHATTI,CHF,C,SG3,CSTM,CR,MUMBAI,MAHARASHTRA,
211,DOCKYARD ROAD,DKRD,C,SG3,CSTM,CR,MUMBAI,MAHARASHTRA,
212,DOLAVALI,DLV,C,SG3,CSTM,CR,RAIGAD,MAHARASHTRA,
213,KASARA,KSRA,C,SG3,CSTM,CR,THANE,MAHARASHTRA,
214,KELAVLI,KLY,C,SG3,CSTM,CR,RAIGAD,MAHARASHTRA,
215,KHADAVLI,KDV,C,SG3,CSTM,CR,THANE,MAHARASHTRA,
216,KHARDI,KE,C,SG3,CSTM,CR,THANE,MAHARASHTRA,
217,KHARKOPAR,KARP,C,SG3,CSTM,CR,RAIGAD,MAHARASHTRA,
218,KHOPOLI,KHPI,C,SG3,CSTM,CR,RAIGAD,MAHARASHTRA,
219,KOPAR,KOPR,C,SG3,CSTM,CR,THANE,MAHARASHTRA,
220,LOWJEE,LWJ,C,SG3,CSTM,CR,RAIGAD,MAHARASHTRA,
221,NERAL,NRL,C,SG3,CSTM,CR,RAIGAD,MAHARASHTRA,
222,PALASDHARI,PDI,C,SG3,CSTM,CR,RAIGAD,MAHARASHTRA,
223,PAREL,PR,C,SG3,CSTM,CR,MUMBAI,MAHARASHTRA,
224,RABALE,RABE,C,SG3,CSTM,CR,THANE,MAHARASHTRA,
225,REAY ROAD,RRD,C,SG3,CSTM,CR,MUMBAI,MAHARASHTRA,
226,SHELU,SHLU,C,SG3,CSTM,CR,RAIGAD,MAHARASHTRA,
227,TURBHE,TUH,C,SG3,CSTM,CR,THANE,MAHARASHTRA,
228,VANGANI,VGI,C,SG3,CSTM,CR,THANE,MAHARASHTRA,
229,VASIND,VSD,C,SG3,CSTM,CR,THANE,MAHARASHTRA,
230,FOOD CORPORATION OF,FNSG,NA,FCI SIDING,NGP,CR,NAGPUR,MAHARASHTRA,
231,KHIRASDOH JN.,KUX,NA,GOODS SHED,NGP,CR,CHHINDWARA,MADHYA PRADESH,
232,RAJUR,RAJR,NA,GOODS SHED,NGP,CR,YAVATMAL,MAHARASHTRA,
233,GHUGUS,GGS,NA,"GOODS SHED
& SIDING",NGP,CR,CHANDRAPUR,MAHARASHTRA,
234,BARCHHI ROAD,BCRD,F,HG2,NGP,CR,BETUL,MADHYA PRADESH,
235,BARELIPAR,BQM,F,HG2,NGP,CR,CHHINDWARA,MADHYA PRADESH,
236,BENODA,BNOD,F,HG2,NGP,CR,AMRAVATI,MAHARASHTRA,
237,GANGIWARA,GNW,F,HG2,NGP,CR,CHHINDWARA,MADHYA PRADESH,
238,MARKADHANA,MKDN,F,HG2,NGP,CR,CHHINDWARA,MADHYA PRADESH,
239,MOWAD,MWAD,F,HG2,NGP,CR,NAGPUR,MAHARASHTRA,
240,VARUD,VADR,F,HG2,NGP,CR,WARDHA,MAHARASHTRA,
241,DARIMETA,DDMT,F,HG3,NGP,CR,CHHINDWARA,MADHYA PRADESH,
242,GHUDANKHAPA,GDKP,F,HG3,NGP,CR,CHHINDWARA,MADHYA PRADESH,
243,GONDWANA VISAPUR,GNVR,F,HG3,NGP,CR,CHANDRAPUR,MAHARASHTRA,
244,HATNAPUR,HTN,F,HG3,NGP,CR,BETUL,MADHYA PRADESH,
245,HIWARKHED,HKNT,F,HG3,NGP,CR,AMRAVATI,MAHARASHTRA,
246,LALAWADI,LLD,F,HG3,NGP,CR,BETUL,MADHYA PRADESH,
247,MAGARDOH,MGRD,F,HG3,NGP,CR,BETUL,MADHYA PRADESH,
248,MALKAPUR ROAD,MALK,F,HG3,NGP,CR,BETUL,MADHYA PRADESH,
249,TINKHEDA,TNH,F,HG3,NGP,CR,NAGPUR,MAHARASHTRA,
250,YENOR,YNA,HA,"no station for
passenger
traffic,
operting
station",NGP,CR,WARDHA,MAHARASHTRA,
251,NAGPUR,NGP,A1,NSG2,NGP,CR,NAGPUR,MAHARASHTRA,
252,BALHARSHAH,BPQ,A,NSG3,NGP,CR,CHANDRAPUR,MAHARASHTRA,
253,BETUL,BZU,A,NSG4,NGP,CR,BETUL,MADHYA PRADESH,
254,"CHANDRAPUR
(MAHARASH",CD,A,NSG4,NGP,CR,CHANDRAPUR,MAHARASHTRA,
255,SEVAGRAM,SEGM,B,NSG4,NGP,CR,WARDHA,MAHARASHTRA,
256,AJNI,AJNI,D,NSG5,NGP,CR,NAGPUR,MAHARASHTRA,
257,AMLA JN.,AMLA,D,NSG5,NGP,CR,BETUL,MADHYA PRADESH,
258,BHANDAK,BUX,D,NSG5,NGP,CR,CHANDRAPUR,MAHARASHTRA,
259,BHUGAON,BPK,E,NSG5,NGP,CR,WARDHA,MAHARASHTRA,
260,CHANDUR,CND,D,NSG5,NGP,CR,AMRAVATI,MAHARASHTRA,
261,DHAMANGAON,DMN,B,NSG5,NGP,CR,AMRAVATI,MAHARASHTRA,
262,GHORADONGRI,GDYA,D,NSG5,NGP,CR,BETUL,MADHYA PRADESH,
263,HINGANGHAT,HGT,D,NSG5,NGP,CR,WARDHA,MAHARASHTRA,
264,JUNNOR DEO,JNO,D,NSG5,NGP,CR,CHHINDWARA,MADHYA PRADESH,
265,KATOL,KATL,D,NSG5,NGP,CR,NAGPUR,MAHARASHTRA,
266,MULTAI,MTY,D,NSG5,NGP,CR,BETUL,MADHYA PRADESH,
267,NARKHER,NRKR,D,NSG5,NGP,CR,NAGPUR,MAHARASHTRA,
268,PANDHURNA,PAR,D,NSG5,NGP,CR,CHHINDWARA,MADHYA PRADESH,
269,PARASIA,PUX,D,NSG5,NGP,CR,CHHINDWARA,MADHYA PRADESH,
270,PULGAON JN.,PLO,D,NSG5,NGP,CR,WARDHA,MAHARASHTRA,
271,WARDHA JN.,WR,A,NSG5,NGP,CR,WARDHA,MAHARASHTRA,
272,WARORA,WRR,D,NSG5,NGP,CR,CHANDRAPUR,MAHARASHTRA,
273,BABUPETH,BUPH,E,NSG6,NGP,CR,CHANDRAPUR,MAHARASHTRA,
274,BARBATPUR,BBTR,E,NSG6,NGP,CR,HOSHANGABAD,MADHYA PRADESH,
275,BARSALI,BYS,E,NSG6,NGP,CR,BETUL,MADHYA PRADESH,
276,BHARATWADA,BWRA,E,NSG6,NGP,CR,NAGPUR,MAHARASHTRA,
277,BORDHAI,BXY,E,NSG6,NGP,CR,CHHINDWARA,MADHYA PRADESH,
278,BORKHEDI,BOK,E,NSG6,NGP,CR,NAGPUR,MAHARASHTRA,
279,BUTI BORI,BTBR,E,NSG6,NGP,CR,NAGPUR,MAHARASHTRA,
280,CHICHONDA,CCD,E,NSG6,NGP,CR,BETUL,MADHYA PRADESH,
281,CHIKNI ROAD,CKNI,E,NSG6,NGP,CR,CHANDRAPUR,MAHARASHTRA,
282,DAHEGAON,DAE,E,NSG6,NGP,CR,WARDHA,MAHARASHTRA,
283,DHARAKHOH,DHQ,E,NSG6,NGP,CR,BETUL,MADHYA PRADESH,
284,DHODRA MOHAR,DOH,E,NSG6,NGP,CR,BETUL,MADHYA PRADESH,
285,GODHANI,GNQ,E,NSG6,NGP,CR,NAGPUR,MAHARASHTRA,
286,GUMGAON,GMG,E,NSG6,NGP,CR,NAGPUR,MAHARASHTRA,
287,HIRDAGARH,HRG,E,NSG6,NGP,CR,CHHINDWARA,MADHYA PRADESH,
288,IKLEHRA,IKR,E,NSG6,NGP,CR,CHHINDWARA,MADHYA PRADESH,
289,JAMBARA,JMV,E,NSG6,NGP,CR,BETUL,MADHYA PRADESH,
290,JAULKHERA,JKR,E,NSG6,NGP,CR,BETUL,MADHYA PRADESH,
291,KALA AKHAR,KQE,E,NSG6,NGP,CR,HOSHANGABAD,MADHYA PRADESH,
292,KALAMBHA,KLBA,E,NSG6,NGP,CR,NAGPUR,MAHARASHTRA,
293,KALMESHWAR,KSWR,E,NSG6,NGP,CR,NAGPUR,MAHARASHTRA,
294,KAOTHA,KAOT,E,NSG6,NGP,CR,WARDHA,MAHARASHTRA,
295,KAYAR,KAYR,E,NSG6,NGP,CR,YAVATMAL,MAHARASHTRA,
296,KHAPRI,KRI,E,NSG6,NGP,CR,NAGPUR,MAHARASHTRA,
297,KIRATGARH,KRTH,E,NSG6,NGP,CR,HOSHANGABAD,MADHYA PRADESH,
298,KOHLI,KOHL,E,NSG6,NGP,CR,NAGPUR,MAHARASHTRA,
299,LINGTI,LNT,E,NSG6,NGP,CR,YAVATMAL,MAHARASHTRA,
300,MAJRI JN.,MJRI,D,NSG6,NGP,CR,CHANDRAPUR,MAHARASHTRA,
301,MAJRIKHADAN,MJKN,E,NSG6,NGP,CR,CHANDRAPUR,MAHARASHTRA,
302,MALKHED,MLR,E,NSG6,NGP,CR,AMRAVATI,MAHARASHTRA,
303,MARAMJHIRI,MJY,E,NSG6,NGP,CR,BETUL,MADHYA PRADESH,
304,METPANJRA,MER,E,NSG6,NGP,CR,NAGPUR,MAHARASHTRA,
305,MORSHI,MRSH,E,NSG6,NGP,CR,AMRAVATI,MAHARASHTRA,
306,NAGRI,NGI,E,NSG6,NGP,CR,CHANDRAPUR,MAHARASHTRA,
307,NAWEGAON,NVG,E,NSG6,NGP,CR,CHHINDWARA,MADHYA PRADESH,
308,PALACHAURI,PCLI,E,NSG6,NGP,CR,CHHINDWARA,MADHYA PRADESH,
309,PIMPALKHUTI,PMKT,E,NSG6,NGP,CR,YAVATMAL,MAHARASHTRA,
310,PUSLA,PUSA,E,NSG6,NGP,CR,AMRAVATI,MAHARASHTRA,
311,SAHELI,SAHL,E,NSG6,NGP,CR,HOSHANGABAD,MADHYA PRADESH,
312,SELOO ROAD,SLOR,E,NSG6,NGP,CR,WARDHA,MAHARASHTRA,
313,SINDI,SNI,E,NSG6,NGP,CR,NAGPUR,MAHARASHTRA,
314,SONEGAON,SNN,E,NSG6,NGP,CR,WARDHA,MAHARASHTRA,
315,SONKHAMB,SNKB,E,NSG6,NGP,CR,NAGPUR,MAHARASHTRA,
316,TADALI,TAE,E,NSG6,NGP,CR,CHANDRAPUR,MAHARASHTRA,
317,TAKU,TAKU,E,NSG6,NGP,CR,HOSHANGABAD,MADHYA PRADESH,
318,TALNI,TLN,E,NSG6,NGP,CR,BULDHANA,MAHARASHTRA,
319,TEEGAON,TEO,E,NSG6,NGP,CR,CHHINDWARA,MADHYA PRADESH,
320,TIMTALA,TMT,E,NSG6,NGP,CR,AMRAVATI,MAHARASHTRA,
321,TULJAPUR,TGP,E,NSG6,NGP,CR,WARDHA,MAHARASHTRA,
322,WAGHOLI,WG,E,NSG6,NGP,CR,WARDHA,MAHARASHTRA,
323,WANI,WANI,E,NSG6,NGP,CR,YAVATMAL,MAHARASHTRA,
324,WARUD ORANGE CITY,WOC,E,NSG6,NGP,CR,AMRAVATI,MAHARASHTRA,
325,KADETHAN,KDTN,F,HG2,PUNE,CR,PUNE,MAHARASHTRA,
326,KANHE,KNHE,F,HG2,PUNE,CR,PUNE,MAHARASHTRA,
327,KATPHAL,KFH,F,HG2,PUNE,CR,PUNE,MAHARASHTRA,
328,KHUTBAV,KTT,F,HG2,PUNE,CR,PUNE,MAHARASHTRA,
329,MANJARI BUDRUK,MJBK,F,HG2,PUNE,CR,PUNE,MAHARASHTRA,
330,SHIRSAI,SSI,F,HG2,PUNE,CR,PUNE,MAHARASHTRA,
331,VISHRAMBAG,VRB,F,HG2,PUNE,CR,SANGLI,MAHARASHTRA,
332,AMNAPUR,ANQ,F,HG3,PUNE,CR,SANGLI,MAHARASHTRA,
333,MADHAVNAGAR,MDVR,F,HG3,PUNE,CR,SANGLI,MAHARASHTRA,
334,MALADGAON,MDDG,F,HG3,PUNE,CR,PUNE,MAHARASHTRA,
335,"NIMSHIRGAON
TAMDALGE",NMGT,F,HG3,PUNE,CR,KOLHAPUR,MAHARASHTRA,
336,PHALTAN,PLLD,NA,HG3,PUNE,CR,SATARA,MAHARASHTRA,
337,SURWADI,SWLN,NA,HG3,PUNE,CR,SATARA,MAHARASHTRA,
338,TARADGAON,TGLN,NA,HG3,PUNE,CR,SATARA,MAHARASHTRA,
339,PUNE JN.,PUNE,A1,NSG1,PUNE,CR,PUNE,MAHARASHTRA,
340,"CHHATRAPATI SHAHU
MAHARAJ TERMINUS",KOP,A,NSG3,PUNE,CR,KOLHAPUR,MAHARASHTRA,
341,MIRAJ JN.,MRJ,NA,NSG3,PUNE,CR,SANGLI,MAHARASHTRA,
342,BARAMATI,BRMT,D,NSG5,PUNE,CR,PUNE,MAHARASHTRA,
343,HATKANANGALE,HTK,D,NSG5,PUNE,CR,KOLHAPUR,MAHARASHTRA,
344,JAYASINGPUR,JSP,D,NSG5,PUNE,CR,KOLHAPUR,MAHARASHTRA,
345,JEJURI,JJR,D,NSG5,PUNE,CR,PUNE,MAHARASHTRA,
346,KARAD,KRD,B,NSG5,PUNE,CR,SATARA,MAHARASHTRA,
347,KEDGAON,KDG,D,NSG5,PUNE,CR,PUNE,MAHARASHTRA,
348,KIRLOSKARVADI,KOV,D,NSG5,PUNE,CR,SANGLI,MAHARASHTRA,
349,SANGLI,SLI,B,NSG5,PUNE,CR,SANGLI,MAHARASHTRA,
350,SATARA,STR,B,NSG5,PUNE,CR,SATARA,MAHARASHTRA,
351,URULI,URI,D,NSG5,PUNE,CR,PUNE,MAHARASHTRA,
352,VALIVADE,VV,D,NSG5,PUNE,CR,KOLHAPUR,MAHARASHTRA,
353,ADARKI,AKI,E,NSG6,PUNE,CR,SATARA,MAHARASHTRA,
354,ALANDI,ALN,E,NSG6,PUNE,CR,PUNE,MAHARASHTRA,
355,AMBALE,ABLE,E,NSG6,PUNE,CR,PUNE,MAHARASHTRA,
356,BHAVANINAGAR,BVNR,E,NSG6,PUNE,CR,SANGLI,MAHARASHTRA,
357,BHILAVDI,BVQ,D,NSG6,PUNE,CR,SANGLI,MAHARASHTRA,
358,DAUNDAJ,DNJ,E,NSG6,PUNE,CR,PUNE,MAHARASHTRA,
359,HADAPSAR,HDP,E,NSG6,PUNE,CR,PUNE,MAHARASHTRA,
360,JARANDESHWAR,JSV,E,NSG6,PUNE,CR,SATARA,MAHARASHTRA,
361,KOREGAON,KRG,E,NSG6,PUNE,CR,SATARA,MAHARASHTRA,
362,LONAND JN.,LNN,D,NSG6,PUNE,CR,SATARA,MAHARASHTRA,
363,LONI,LONI,E,NSG6,PUNE,CR,PUNE,MAHARASHTRA,
364,MASUR,MSR,E,NSG6,PUNE,CR,SATARA,MAHARASHTRA,
365,NANDRE,NDE,E,NSG6,PUNE,CR,SANGLI,MAHARASHTRA,
366,NIRA,NIRA,E,NSG6,PUNE,CR,PUNE,MAHARASHTRA,
367,PALSI,PLV,E,NSG6,PUNE,CR,SATARA,MAHARASHTRA,
368,PATAS,PAA,E,NSG6,PUNE,CR,PUNE,MAHARASHTRA,
369,PHURSUNGI,FSG,E,NSG6,PUNE,CR,PUNE,MAHARASHTRA,
370,RAHIMATPUR,RMP,E,NSG6,PUNE,CR,SATARA,MAHARASHTRA,
371,RAJEVADI,RJW,E,NSG6,PUNE,CR,PUNE,MAHARASHTRA,
372,RUKADI,RKD,E,NSG6,PUNE,CR,KOLHAPUR,MAHARASHTRA,
373,SALPA,SLP,E,NSG6,PUNE,CR,SATARA,MAHARASHTRA,
374,SASVAD ROAD,SSV,E,NSG6,PUNE,CR,PUNE,MAHARASHTRA,
375,SHENOLI,SNE,E,NSG6,PUNE,CR,SATARA,MAHARASHTRA,
376,SHINDAWANE,SHIV,E,NSG6,PUNE,CR,PUNE,MAHARASHTRA,
377,SHIRAVDE,SIW,E,NSG6,PUNE,CR,SATARA,MAHARASHTRA,
378,TAKARI,TKR,E,NSG6,PUNE,CR,SANGLI,MAHARASHTRA,
379,TARGAON,TAZ,E,NSG6,PUNE,CR,SATARA,MAHARASHTRA,
380,VALHA,WLH,E,NSG6,PUNE,CR,PUNE,MAHARASHTRA,
381,WATHAR,WTR,E,NSG6,PUNE,CR,SATARA,MAHARASHTRA,
382,YEVAT,YT,E,NSG6,PUNE,CR,PUNE,MAHARASHTRA,
383,AKURDI,AKRD,C,SG3,PUNE,CR,PUNE,MAHARASHTRA,
384,BEGDEWADI,BGWI,C,SG3,PUNE,CR,PUNE,MAHARASHTRA,
385,CHINCHVAD,CCH,C,SG3,PUNE,CR,PUNE,MAHARASHTRA,
386,DAPODI,DAPD,C,SG3,PUNE,CR,PUNE,MAHARASHTRA,
387,DEHU ROAD,DEHR,C,SG3,PUNE,CR,PUNE,MAHARASHTRA,
388,GHORAWADI,GRWD,C,SG3,PUNE,CR,PUNE,MAHARASHTRA,
389,KAMSHET,KMST,C,SG3,PUNE,CR,PUNE,MAHARASHTRA,
390,KASARWADI,KSWD,C,SG3,PUNE,CR,PUNE,MAHARASHTRA,
391,KHADKI,KK,C,SG3,PUNE,CR,PUNE,MAHARASHTRA,
392,MALAVLI,MVL,C,SG3,PUNE,CR,PUNE,MAHARASHTRA,
393,PIMPRI,PMP,C,SG3,PUNE,CR,PUNE,MAHARASHTRA,
394,SHIVAJI NAGAR,SVJR,C,SG3,PUNE,CR,PUNE,MAHARASHTRA,
395,TALEGAON,TGN,C,SG3,PUNE,CR,PUNE,MAHARASHTRA,
396,VADGAON,VDN,C,SG3,PUNE,CR,PUNE,MAHARASHTRA,
397,BHARAT FORGE COMP SD,BFSG,"Siding, not
for
passengers",,PUNE,CR,PUNE,MAHARASHTRA,
398,GUR MARKET,GRMT,"Goods shed,
not for
passengers",,PUNE,CR,KOLHAPUR,MAHARASHTRA,
399,SHELARWADI,SLRW,"Operational
halt, not for
passengers",,PUNE,CR,PUNE,MAHARASHTRA,
400,ASHTI,AHI,NA,HG3,SUR,CR,SOLAPUR,MAHARASHTRA,
401,BELANKI,BLNK,F,HG3,SUR,CR,SANGLI,MAHARASHTRA,
402,HARANGUL,HGL,F,HG3,SUR,CR,LATUR,MAHARASHTRA,
403,JAVALE,JVA,F,HG3,SUR,CR,SOLAPUR,MAHARASHTRA,
404,KADA,KDAA,F,HG3,SUR,CR,AHMEDNAGAR,MAHARASHTRA,
405,KALAMB ROAD,KMRD,F,HG3,SUR,CR,OSMANABAD,MAHARASHTRA,
406,LANGARPETH,LNP,F,HG3,SUR,CR,SANGLI,MAHARASHTRA,
407,MHASOBA DONGARGAON,MSDG,F,HG3,SUR,CR,SOLAPUR,MAHARASHTRA,
408,MURUD,MRX,F,HG3,SUR,CR,LATUR,MAHARASHTRA,
409,NARAYANDOHO,NYDO,F,HG3,SUR,CR,AHMEDNAGAR,MAHARASHTRA,
410,NEW DHANORA,NDNR,F,HG3,SUR,CR,BEED,MAHARASHTRA,
411,NEW LONI,NLNI,F,HG3,SUR,CR,BEED,MAHARASHTRA,
412,NIMBLAK,NNB,NA,HG3,SUR,CR,AHMEDNAGAR,MAHARASHTRA,
413,NIPANI VADGAON,NPW,F,HG3,SUR,CR,AHMEDNAGAR,MAHARASHTRA,
414,PATHROT,PTRT,NA,HG3,SUR,CR,AMRAVATI,MAHARASHTRA,
415,SOLAPURWADI,SPWI,F,HG3,SUR,CR,BEED,MAHARASHTRA,
416,WASUD,WSD,F,HG3,SUR,CR,SOLAPUR,MAHARASHTRA,
417,SOLAPUR,SUR,NA,NSG2,SUR,CR,SOLAPUR,MAHARASHTRA,
418,AHMADNAGAR.,ANG,NA,NSG3,SUR,CR,AHMEDNAGAR,MAHARASHTRA,
419,DAUND JN.,DD,NA,NSG3,SUR,CR,PUNE,MAHARASHTRA,
420,KALABURAGI,KLBG,C,NSG3,SUR,CR,BAGALKOTE,KARNATAKA,
421,KOPARGAON,KPG,NA,NSG3,SUR,CR,AHMEDNAGAR,MAHARASHTRA,
422,SAINAGAR SHIRDI,SNSI,A,NSG3,SUR,CR,AHMEDNAGAR,MAHARASHTRA,
423,KURDUWADI,KWV,NA,NSG4,SUR,CR,SOLAPUR,MAHARASHTRA,
424,LATUR,LUR,NA,NSG4,SUR,CR,LATUR,MAHARASHTRA,
425,PANDHARPUR,PVR,NA,NSG4,SUR,CR,SOLAPUR,MAHARASHTRA,
426,WADI,WADI,NA,NSG4,SUR,CR,KALABURAGI,KARNATAKA,
427,AKALKOT ROAD,AKOR,D,NSG5,SUR,CR,SOLAPUR,MAHARASHTRA,
428,BARSI TOWN,BTW,NA,NSG5,SUR,CR,SOLAPUR,MAHARASHTRA,
429,BELAPUR,BAP,NA,NSG5,SUR,CR,AHMEDNAGAR,MAHARASHTRA,
430,DAUND CHORDLINE,DDCC,A,NSG5,SUR,CR,PUNE,MAHARASHTRA,
431,DUDHANI,DUD,D,NSG5,SUR,CR,SOLAPUR,MAHARASHTRA,
432,GANAGAPUR ROAD,GUR,D,NSG5,SUR,CR,KALABURAGI,KARNATAKA,
433,HOTGI,HG,D,NSG5,SUR,CR,SOLAPUR,MAHARASHTRA,
434,JEUR,JEUR,D,NSG5,SUR,CR,SOLAPUR,MAHARASHTRA,
435,SHAHABAD,SDB,D,NSG5,SUR,CR,KALABURAGI,KARNATAKA,
436,USMANABAD,UMD,NA,NSG5,SUR,CR,OSMANABAD,MAHARASHTRA,
437,AKOLNER,AKR,E,NSG6,SUR,CR,AHMEDNAGAR,MAHARASHTRA,
438,ANGAR,AAG,E,NSG6,SUR,CR,SOLAPUR,MAHARASHTRA,
439,ARAG,ARAG,NA,NSG6,SUR,CR,SANGLI,MAHARASHTRA,
440,AUSA ROAD,OSA,E,NSG6,SUR,CR,LATUR,MAHARASHTRA,
441,BABLAD,BBD,E,NSG6,SUR,CR,KALABURAGI,KARNATAKA,
442,BALE,BALE,NA,NSG6,SUR,CR,SOLAPUR,MAHARASHTRA,
443,BELVANDI,BWD,E,NSG6,SUR,CR,AHMEDNAGAR,MAHARASHTRA,
444,BHIGWAN,BGVN,NA,NSG6,SUR,CR,PUNE,MAHARASHTRA,
445,BORIBIAL,BRB,E,NSG6,SUR,CR,PUNE,MAHARASHTRA,
446,BOROTI,BOT,E,NSG6,SUR,CR,SOLAPUR,MAHARASHTRA,
447,CHITALI,CIT,E,NSG6,SUR,CR,AHMEDNAGAR,MAHARASHTRA,
448,DHALGAON,DLGN,E,NSG6,SUR,CR,SANGLI,MAHARASHTRA,
449,DHAVALAS,DHS,E,NSG6,SUR,CR,SOLAPUR,MAHARASHTRA,
450,DHOKI,DKY,E,NSG6,SUR,CR,OSMANABAD,MAHARASHTRA,
451,GAUDGAON.,GDGN,E,NSG6,SUR,CR,KALABURAGI,KARNATAKA,
452,HIRENANDURU,HQR,E,NSG6,SUR,CR,KALABURAGI,KARNATAKA,
453,HUNSIHADGIL,HHD,E,NSG6,SUR,CR,KALABURAGI,KARNATAKA,
454,JATH ROAD,JTRD,E,NSG6,SUR,CR,SANGLI,MAHARASHTRA,
455,JINTI ROAD,JNTR,E,NSG6,SUR,CR,SOLAPUR,MAHARASHTRA,
456,KANHEGAON,KNGN,E,NSG6,SUR,CR,AHMEDNAGAR,MAHARASHTRA,
457,KASHTI,KSTH,E,NSG6,SUR,CR,AHMEDNAGAR,MAHARASHTRA,
458,KAVATHE-MAHANKAL,KVK,NA,NSG6,SUR,CR,SANGLI,MAHARASHTRA,
459,KEM,KEM,E,NSG6,SUR,CR,SOLAPUR,MAHARASHTRA,
460,KULALI,KUI,E,NSG6,SUR,CR,KALABURAGI,KARNATAKA,
461,MADHA,MA,E,NSG6,SUR,CR,SOLAPUR,MAHARASHTRA,
462,MALIKPETH,MKPT,E,NSG6,SUR,CR,SOLAPUR,MAHARASHTRA,
463,MALTHAN,MLM,E,NSG6,SUR,CR,PUNE,MAHARASHTRA,
464,MARTUR,MR,E,NSG6,SUR,CR,KALABURAGI,KARNATAKA,
465,MODNIMB,MLB,E,NSG6,SUR,CR,SOLAPUR,MAHARASHTRA,
466,MOHOL,MO,E,NSG6,SUR,CR,SOLAPUR,MAHARASHTRA,
467,MUNDHEWADI,MVE,E,NSG6,SUR,CR,SOLAPUR,MAHARASHTRA,
468,NAGANSUR,NGS,E,NSG6,SUR,CR,SOLAPUR,MAHARASHTRA,
469,PADHEGAON,PDGN,E,NSG6,SUR,CR,AHMEDNAGAR,MAHARASHTRA,
470,PAKNI,PK,E,NSG6,SUR,CR,SOLAPUR,MAHARASHTRA,
471,PANGRI,PJR,E,NSG6,SUR,CR,OSMANABAD,MAHARASHTRA,
472,PAREWADI,PRWD,E,NSG6,SUR,CR,SOLAPUR,MAHARASHTRA,
473,POPHLAJ,PPJ,E,NSG6,SUR,CR,SOLAPUR,MAHARASHTRA,
474,PUNTAMBA,PB,E,NSG6,SUR,CR,AHMEDNAGAR,MAHARASHTRA,
475,RAHURI,RRI,NA,NSG6,SUR,CR,AHMEDNAGAR,MAHARASHTRA,
476,RANJANGAON ROAD,RNJD,E,NSG6,SUR,CR,AHMEDNAGAR,MAHARASHTRA,
477,SANGOLA,SGLA,E,NSG6,SUR,CR,AHMEDNAGAR,MAHARASHTRA,
478,SAROLA,SRL,E,NSG6,SUR,CR,PUNE,MAHARASHTRA,
479,SAWALGI,SVG,E,NSG6,SUR,CR,KALABURAGI,KARNATAKA,
480,SHENDRI,SEI,E,NSG6,SUR,CR,SOLAPUR,MAHARASHTRA,
481,SHRIGONDA ROAD,SGND,E,NSG6,SUR,CR,AHMEDNAGAR,MAHARASHTRA,
482,SULGARE,SGRE,E,NSG6,SUR,CR,SANGLI,MAHARASHTRA,
483,TAJ SULTANPUR,TJSP,E,NSG6,SUR,CR,KALABURAGI,KARNATAKA,
484,TIKEKARWADI,TKWD,E,NSG6,SUR,CR,SOLAPUR,MAHARASHTRA,
485,TILATI,TLT,E,NSG6,SUR,CR,SOLAPUR,MAHARASHTRA,
486,VAKAV,WKA,E,NSG6,SUR,CR,SOLAPUR,MAHARASHTRA,
487,VAMBORI,VBR,E,NSG6,SUR,CR,AHMEDNAGAR,MAHARASHTRA,
488,VILAD,VL,E,NSG6,SUR,CR,AHMEDNAGAR,MAHARASHTRA,
489,VISAPUR,VPR,E,NSG6,SUR,CR,AHMEDNAGAR,MAHARASHTRA,
490,WADSINGE,WDS,E,NSG6,SUR,CR,SOLAPUR,MAHARASHTRA,
491,WASHIMBE,WSB,E,NSG6,SUR,CR,SOLAPUR,MAHARASHTRA,
492,YEDSHI,YSI,E,NSG6,SUR,CR,OSMANABAD,MAHARASHTRA,
493,YEOLA,YL,NA,NSG6,SUR,CR,NASHIK,MAHARASHTRA,
494,PALSAP,PCP,F,,SUR,CR,OSMANABAD,MAHARASHTRA,
495,BAGADIA PH,BGDI,F,HG2,KUR,ECOR,JAGATSINGHAPUR,ODISHA,
496,BANABIHARI GWALIPUR,BNHR,F,HG2,KUR,ECOR,JAGATSINGHAPUR,ODISHA,
497,CHATRAPUR COURT PH,CAPC,F,HG2,KUR,ECOR,GANJAM,ODISHA,
498,DANDIMAL PH,DNDL,F,HG2,KUR,ECOR,DHENKANAL,ODISHA,
499,DULAKHAPATNA PH,DLPT,F,HG2,KUR,ECOR,JAJAPUR,ODISHA,
500,JANKIDEIPUR PH,JKDP,F,HG2,KUR,ECOR,PURI,ODISHA,
501,JHANKADA SARALA ROAD,JSRD,NA,HG2,KUR,ECOR,JAGATSINGHAPUR,ODISHA,
502,KALIJAI - PH,KLJI,F,HG2,KUR,ECOR,GANJAM,ODISHA,
503,KAPALI ROAD PH,KPLD,F,HG2,KUR,ECOR,BHADRAK,ODISHA,
504,KATHAJORI PH,KTJI,F,HG2,KUR,ECOR,CUTTACK,ODISHA,
505,LINGARAJ TEMPLE ROAD,LGTR,F,HG2,KUR,ECOR,KHORDHA,ODISHA,
506,MUKTESWARPURI PH,MKTP,F,HG2,KUR,ECOR,KHORDHA,ODISHA,
507,NIMAKANA PH,NIN,F,HG2,KUR,ECOR,JAGATSINGHAPUR,ODISHA,
508,PATIA PH,PTAB,F,HG2,KUR,ECOR,KHORDHA,ODISHA,
509,SHYAMACHARANPUR PH,SCPR,F,HG2,KUR,ECOR,DHENKANAL,ODISHA,
510,TALCHER THERMAL PH,TTPT,F,HG2,KUR,ECOR,ANUGUL,ODISHA,
511,VANIVIHAR PH,BNBH,F,HG2,KUR,ECOR,KHORDHA,ODISHA,
512,ARGUL PH,ARGL,F,HG3,KUR,ECOR,KHORDHA,ODISHA,
513,BADAKHANDIAITA,BDKT,F,HG3,KUR,ECOR,JAGATSINGHAPUR,ODISHA,
514,BADAPADAGAON PH,BDPG,F,HG3,KUR,ECOR,CUTTACK,ODISHA,
515,BOLAGARH TOWN PH,BORT,F,HG3,KUR,ECOR,KHORDHA,ODISHA,
516,BRAHMANI PH,BRMI,F,HG3,KUR,ECOR,JAJAPUR,ODISHA,
517,DHAULIMUHAN PH,DLMH,F,HG3,KUR,ECOR,KHORDHA,ODISHA,
518,GOLABAI PH,GLBA,F,HG3,KUR,ECOR,KHORDHA,ODISHA,
519,GOPALPUR BALIKUDA PH,GBK,F,HG3,KUR,ECOR,CUTTACK,ODISHA,
520,GOPINATH JEW BAN,GNJB,F,HG3,KUR,ECOR,JAGATSINGHAPUR,ODISHA,
521,JENAPUR ROAD PH,JPRD,F,HG3,KUR,ECOR,PURI,ODISHA,
522,MAHADIA PH,MHDB,F,HG3,KUR,ECOR,DHENKANAL,ODISHA,
523,MANGULI-CHOUDWAR PH,MACR,F,HG3,KUR,ECOR,CUTTACK,ODISHA,
524,MATTAGAJAPUR,MTND,F,HG3,KUR,ECOR,CUTTACK,ODISHA,
525,NAYABHAGIRATHIPUR PH,NBT,F,HG3,KUR,ECOR,DHENKANAL,ODISHA,
526,SARPESWAR PH,SPSR,F,HG3,KUR,ECOR,CUTTACK,ODISHA,
527,SRI JHADESWAR PH,SJDR,F,HG3,KUR,ECOR,CUTTACK,ODISHA,
528,BHUBANESWAR,BBS,A1,NSG2,KUR,ECOR,KHORDHA,ODISHA,
529,PURI,PURI,A1,NSG2,KUR,ECOR,PURI,ODISHA,
530,BHADRAK,BHC,A,NSG3,KUR,ECOR,BHADRAK,ODISHA,
531,BRAHMAPUR,BAM,A,NSG3,KUR,ECOR,GANJAM,ODISHA,
532,CUTTACK,CTC,A,NSG3,KUR,ECOR,CUTTACK,ODISHA,
533,KHURDA ROAD JN.,KUR,A,NSG3,KUR,ECOR,KHORDHA,ODISHA,
534,PALASA,PSA,A,NSG3,KUR,ECOR,SRIKAKULAM,ANDHRA PRADESH,
535,BALUGAON,BALU,B,NSG4,KUR,ECOR,KHORDHA,ODISHA,
536,JAJPUR KEONJHAR ROAD,JJKR,A,NSG4,KUR,ECOR,JAJAPUR,ODISHA,
537,ANGUL,ANGL,B,NSG5,KUR,ECOR,ANUGUL,ODISHA,
538,CHATRAPUR,CAP,B,NSG5,KUR,ECOR,GANJAM,ODISHA,
539,DHANMANDAL,DNM,E,NSG5,KUR,ECOR,JAJAPUR,ODISHA,
540,DHENKANAL,DNKL,B,NSG5,KUR,ECOR,DHENKANAL,ODISHA,
541,ICHCHAPURAM,IPM,B,NSG5,KUR,ECOR,SRIKAKULAM,ANDHRA PRADESH,
542,KENDUJHARGARH,KDJR,D,NSG5,KUR,ECOR,KENDUJHAR,ODISHA,
543,KHALLIKOTA,KIT,D,NSG5,KUR,ECOR,GANJAM,ODISHA,
544,PARADEEP,PRDP,B,NSG5,KUR,ECOR,JAGATSINGHAPUR,ODISHA,
545,SOMPETA,SPT,B,NSG5,KUR,ECOR,SRIKAKULAM,ANDHRA PRADESH,
546,TALCHER,TLHR,B,NSG5,KUR,ECOR,ANUGUL,ODISHA,
547,TALCHER ROAD,TLHD,D,NSG5,KUR,ECOR,ANUGUL,ODISHA,
548,BADABANDHA,BDBA,E,NSG6,KUR,ECOR,JAGATSINGHAPUR,ODISHA,
549,BAGHUAPAL,BGPL,E,NSG6,KUR,ECOR,JAJAPUR,ODISHA,
550,BAITARNI ROAD,BTV,E,NSG6,KUR,ECOR,JAJAPUR,ODISHA,
551,BAJIPADA,BJPD,NA,NSG6,KUR,ECOR,KENDRAPARA,ODISHA,
552,BARANG,BRAG,E,NSG6,KUR,ECOR,CUTTACK,ODISHA,
553,BARITHENGARH PH,BRTG,E,NSG6,KUR,ECOR,JAJAPUR,ODISHA,
554,BARUVA,BAV,E,NSG6,KUR,ECOR,SRIKAKULAM,ANDHRA PRADESH,
555,BASANTAPUR,BSTP,E,NSG6,KUR,ECOR,KENDUJHAR,ODISHA,
556,BAUDPUR,BUDR,E,NSG6,KUR,ECOR,BHADRAK,ODISHA,
557,BEGUNIA,BYZA,NA,NSG6,KUR,ECOR,KHORDHA,ODISHA,
558,BHUBANESWAR NEW,BBSN,NA,NSG6,KUR,ECOR,KHORDHA,ODISHA,
559,BHUSANDPUR,BSDP,E,NSG6,KUR,ECOR,KHORDHA,ODISHA,
560,BIRPURUSOTHAMPUR,BRST,E,NSG6,KUR,ECOR,PURI,ODISHA,
561,BOLAGARH ROAD,BORD,NA,NSG6,KUR,ECOR,KHORDHA,ODISHA,
562,BUDHAPANK,BDPK,E,NSG6,KUR,ECOR,ANUGUL,ODISHA,
563,BYREE,BYY,E,NSG6,KUR,ECOR,JAJAPUR,ODISHA,
564,CHANDIKHOLE RD.,CIKR,NA,NSG6,KUR,ECOR,JAJAPUR,ODISHA,
565,CHARBATIA,CBT,E,NSG6,KUR,ECOR,CUTTACK,ODISHA,
566,CHILIKDARA,CLDR,E,NSG6,KUR,ECOR,KENDUJHAR,ODISHA,
567,CHILKA,CLKA,E,NSG6,KUR,ECOR,KHORDHA,ODISHA,
568,DELANG,DEG,E,NSG6,KUR,ECOR,PURI,ODISHA,
569,GANGADHARPUR,GNGD,E,NSG6,KUR,ECOR,KHORDHA,ODISHA,
570,GANJAM,GAM,E,NSG6,KUR,ECOR,GANJAM,ODISHA,
571,GHANTAKHAL NIDHIPUR,GHNH,E,NSG6,KUR,ECOR,CUTTACK,ODISHA,
572,GOALDIH,GADH,E,NSG6,KUR,ECOR,KENDUJHAR,ODISHA,
573,GOLANTHRA,GTA,E,NSG6,KUR,ECOR,GANJAM,ODISHA,
574,GORAKHNATH,GRKN,E,NSG6,KUR,ECOR,JAGATSINGHAPUR,ODISHA,
575,GURUDIJHATIA,GJTA,E,NSG6,KUR,ECOR,CUTTACK,ODISHA,
576,HARICHANDANPUR,HCNR,E,NSG6,KUR,ECOR,KENDUJHAR,ODISHA,
577,HARIDASPUR,HDS,E,NSG6,KUR,ECOR,JAJAPUR,ODISHA,
578,HARIPURGRAM JN.,HPGM,F,NSG6,KUR,ECOR,PURI,ODISHA,
579,HINDOL ROAD,HND,E,NSG6,KUR,ECOR,DHENKANAL,ODISHA,
580,HUMMA,HMA,E,NSG6,KUR,ECOR,GANJAM,ODISHA,
581,JAGANNATHAPUR,JNP,E,NSG6,KUR,ECOR,GANJAM,ODISHA,
582,JAKHAPURA JN,JKPR,E,NSG6,KUR,ECOR,JAJAPUR,ODISHA,
583,JENAPUR,JEN,E,NSG6,KUR,ECOR,JAJAPUR,ODISHA,
584,JHADUPUDI,JPI,E,NSG6,KUR,ECOR,SRIKAKULAM,ANDHRA PRADESH,
585,JORANDA ROAD,JRZ,E,NSG6,KUR,ECOR,DHENKANAL,ODISHA,
586,KAIPADAR ROAD,KPXR,E,NSG6,KUR,ECOR,KHORDHA,ODISHA,
587,KALAGAR,KLGA,NA,NSG6,KUR,ECOR,KENDRAPARA,ODISHA,
588,KALUPARA GHAT,KAPG,E,NSG6,KUR,ECOR,KHORDHA,ODISHA,
589,KANAS ROAD,KASR,E,NSG6,KUR,ECOR,PURI,ODISHA,
590,KANDARPUR,KDRP,E,NSG6,KUR,ECOR,CUTTACK,ODISHA,
591,KAPILAS ROAD,KIS,E,NSG6,KUR,ECOR,CUTTACK,ODISHA,
592,KENDRAPARA,KENP,NA,NSG6,KUR,ECOR,KENDRAPARA,ODISHA,
593,KENDRAPARA ROAD,KNPR,E,NSG6,KUR,ECOR,CUTTACK,ODISHA,
594,KENDUAPADA,KED,E,NSG6,KUR,ECOR,BHADRAK,Odisha,
595,KEREJANGA,KPJG,E,NSG6,KUR,ECOR,ANUGUL,ODISHA,
596,KHURDA TOWN,KURT,NA,NSG6,KUR,ECOR,KHORDHA,ODISHA,
597,KORAI,KRIH,E,NSG6,KUR,ECOR,JAJAPUR,ODISHA,
598,KUHURI,KUU,E,NSG6,KUR,ECOR,KHORDHA,ODISHA,
599,LALITGIRI,LLTG,NA,NSG6,KUR,ECOR,JAJAPUR,ODISHA,
600,MAHIPUR,MAHI,E,NSG6,KUR,ECOR,NAYAGARH,ODISHA,
601,MALATIPATPUR,MLT,E,NSG6,KUR,ECOR,PURI,ODISHA,
602,MANCHESWAR,MCS,E,NSG6,KUR,ECOR,KHORDHA,ODISHA,
603,MANDASA ROAD,MMS,E,NSG6,KUR,ECOR,SRIKAKULAM,ANDHRA PRADESH,
604,MANJURI ROAD,MZZ,E,NSG6,KUR,ECOR,BHADRAK,ODISHA,
605,MARSHAGHAI ROAD,MSGR,NA,NSG6,KUR,ECOR,KENDRAPARA,ODISHA,
606,MERAMANDALI,MRDL,E,NSG6,KUR,ECOR,DHENKANAL,ODISHA,
607,MOTARI HALT,MWQ,E,NSG6,KUR,ECOR,PURI,ODISHA,
608,NARAJ MARTHAPUR,NQR,E,NSG6,KUR,ECOR,CUTTACK,ODISHA,
609,NARANPUR,NANR,E,NSG6,KUR,ECOR,KENDUJHAR,ODISHA,
610,NAYAGARH,NYG,NA,NSG6,KUR,ECOR,KENDUJHAR,ODISHA,
611,NAYAGARH TOWN,NYGT,NA,NSG6,KUR,ECOR,NAYAGARH,ODISHA,
612,NERGUNDI JN.,NRG,E,NSG6,KUR,ECOR,CUTTACK,ODISHA,
613,NEW GARH MADHUPUR,NGMP,E,NSG6,KUR,ECOR,JAJAPUR,ODISHA,
614,NILAKANTHESWAR,NKW,E,NSG6,KUR,ECOR,KENDUJHAR,ODISHA,
615,NIRAKARPUR,NKP,E,NSG6,KUR,ECOR,KHORDHA,ODISHA,
616,NUAGAN,NUGN,NA,NSG6,KUR,ECOR,KENDRAPARA,ODISHA,
617,NUAGAON ROAD,NXNR,E,NSG6,KUR,ECOR,NAYAGARH,ODISHA,
618,PORJANPUR,PRNR,E,NSG6,KUR,ECOR,KENDUJHAR,ODISHA,
619,RADHA KISHOREPUR,RQP,E,NSG6,KUR,ECOR,CUTTACK,ODISHA,
620,RAGHUNATH PUR,RCTC,E,NSG6,KUR,ECOR,CUTTACK,ODISHA,
621,RAHAMA,RHMA,E,NSG6,KUR,ECOR,GANJAM,ODISHA,
622,RAJATH GARH,RJGR,E,NSG6,KUR,ECOR,CUTTACK,ODISHA,
623,RAJSUNAKHALA,RSKA,NA,NSG6,KUR,ECOR,NAYAGARH,ODISHA,
624,RAMBHA,RBA,E,NSG6,KUR,ECOR,JAGATSINGHAPUR,ODISHA,
625,RATNAGIRI ROAD,RTGR,NA,NSG6,KUR,ECOR,JAJAPUR,ODISHA,
626,RETANG,RTN,E,NSG6,KUR,ECOR,KHORDHA,ODISHA,
627,SADASHIBAPUR,SSPR,E,NSG6,KUR,ECOR,DHENKANAL,ODISHA,
628,SAGADAPATA,SGDP,E,NSG6,KUR,ECOR,KENDUJHAR,ODISHA,
629,SAKHI GOPAL,SIL,E,NSG6,KUR,ECOR,PURI,ODISHA,
630,SALEGAON,SQQ,E,NSG6,KUR,ECOR,CUTTACK,ODISHA,
631,SIJU,SIJU,NA,NSG6,KUR,ECOR,JAGATSINGHAPUR,ODISHA,
632,SITABANJI,STBJ,E,NSG6,KUR,ECOR,KENDUJHAR,ODISHA,
633,SOLARI,SLZ,E,NSG6,KUR,ECOR,KHORDHA,ODISHA,
634,SUKINDA ROAD,SKND,E,NSG6,KUR,ECOR,JAJAPUR,ODISHA,
635,SUMMADEVI,SUDV,E,NSG6,KUR,ECOR,SRIKAKULAM,ANDHRA PRADESH,
636,SURLA ROAD,SLRD,E,NSG6,KUR,ECOR,GANJAM,ODISHA,
637,TANGIRIAPAL,TGRL,E,NSG6,KUR,ECOR,KENDUJHAR,ODISHA,
638,TAPANG,TAP,E,NSG6,KUR,ECOR,KHORDHA,ODISHA,
639,TOMKA,TMKA,E,NSG6,KUR,ECOR,JAJAPUR,ODISHA,
640,BALANGIR ROAD,BNRD,F,HG3,SBP,ECOR,BALANGIR,ODISHA,
641,DEPUR PH,DPUR,F,HG3,SBP,ECOR,KALAHANDI,ODISHA,
642,G RAMACHANDRAPUR PH,GRCP,F,HG3,SBP,ECOR,KALAHANDI,ODISHA,
643,KUTURUKHAMAR PH,KTRK,F,HG3,SBP,ECOR,KALAHANDI,ODISHA,
644,SAMBALPUR,SBP,A,NSG3,SBP,ECOR,SAMBALPUR,ODISHA,
645,BALANGIR,BLGR,B,NSG4,SBP,ECOR,BALANGIR,ODISHA,
646,KESINGA,KSNG,B,NSG4,SBP,ECOR,KALAHANDI,ODISHA,
647,TITLAGARH,TIG,B,NSG4,SBP,ECOR,BALANGIR,ODISHA,
648,AMBODALA,AMB,D,NSG5,SBP,ECOR,RAYAGADA,ODISHA,
649,BAGBAHRA,BGBR,D,NSG5,SBP,ECOR,MAHASAMUND,CHHATTISGARH,
650,BARGARH ROAD,BRGA,B,NSG5,SBP,ECOR,BARGARH,ODISHA,
651,BARPALI,BRPL,D,NSG5,SBP,ECOR,BARGARH,ODISHA,
652,BHAWANIPATNA,BWIP,D,NSG5,SBP,ECOR,KALAHANDI,ODISHA,
653,HARISHANKER ROAD,HSK,D,NSG5,SBP,ECOR,BALANGIR,ODISHA,
654,HIRAKUD,HKG,D,NSG5,SBP,ECOR,SAMBALPUR,ODISHA,
655,JUNAGARH ROAD,JNRD,D,NSG5,SBP,ECOR,KALAHANDI,ODISHA,
656,KANTABANJI,KBJ,B,NSG5,SBP,ECOR,BALANGIR,ODISHA,
657,KHARIAR ROAD,KRAR,D,NSG5,SBP,ECOR,NUAPADA,ODISHA,
658,MAHASAMUND,MSMD,D,NSG5,SBP,ECOR,MAHASAMUND,CHHATTISGARH,
659,MUNIGUDA,MNGD,D,NSG5,SBP,ECOR,RAYAGADA,ODISHA,
660,NAWAPARA ROAD,NPD,E,NSG5,SBP,ECOR,NUAPADA,ODISHA,
661,NORLA ROAD,NRLR,E,NSG5,SBP,ECOR,KALAHANDI,ODISHA,
662,RAIRAKHOL,RAIR,D,NSG5,SBP,ECOR,SAMBALPUR,ODISHA,
663,SAMBALPUR CITY,SBPY,D,NSG5,SBP,ECOR,SAMBALPUR,ODISHA,
664,ARAND,ARN,E,NSG6,SBP,ECOR,MAHASAMUND,CHHATTISGARH,
665,ARANG MAHANADI,ANMD,E,NSG6,SBP,ECOR,MAHASAMUND,CHHATTISGARH,
666,ATTABIRA,ATS,E,NSG6,SBP,ECOR,BARGARH,ODISHA,
667,BADMAL,BUDM,E,NSG6,SBP,ECOR,BALANGIR,ODISHA,
668,BAMUR,BAMR,E,NSG6,SBP,ECOR,ANUGUL,ODISHA,
669,BELSONDA,BLSN,E,NSG6,SBP,ECOR,MAHASAMUND,CHHATTISGARH,
670,BHIMKHOJ,BMKJ,E,NSG6,SBP,ECOR,MAHASAMUND,CHHATTISGARH,
671,BICHHUPALI,BHPI,E,NSG6,SBP,ECOR,BALANGIR,ODISHA,
672,BISSAMCUTTACK,BMCK,E,NSG6,SBP,ECOR,RAYAGADA,ODISHA,
673,BOINDA,BONA,E,NSG6,SBP,ECOR,ANUGUL,ODISHA,
674,BRUNDAMAL,BXQ,E,NSG6,SBP,ECOR,JHARSUGUDA,ODISHA,
675,CHARMAL,CHAR,E,NSG6,SBP,ECOR,SAMBALPUR,ODISHA,
676,DEOBAHAL,DOBH,E,NSG6,SBP,ECOR,BARGARH,ODISHA,
677,DEOGAN ROAD,DFR,E,NSG6,SBP,ECOR,BALANGIR,ODISHA,
678,DOIKALLU,DKLU,E,NSG6,SBP,ECOR,RAYAGADA,ODISHA,
679,DUNGRIPALI,DJX,E,NSG6,SBP,ECOR,SONEPUR,ODISHA,
680,GODBHAGA,GBQ,E,NSG6,SBP,ECOR,BARGARH,ODISHA,
681,HANDAPA,HNPA,E,NSG6,SBP,ECOR,ANUGUL,ODISHA,
682,HATIBARI,HATB,E,NSG6,SBP,ECOR,SAMBALPUR,ODISHA,
683,JARAPADA,JRPD,E,NSG6,SBP,ECOR,ANUGUL,ODISHA,
684,JHARSUGUDA ROAD,JSGR,E,NSG6,SBP,ECOR,JHARSUGUDA,ODISHA,
685,JUJOMURA,JUJA,E,NSG6,SBP,ECOR,SAMBALPUR,ODISHA,
686,KANDEL ROAD,KDLR,E,NSG6,SBP,ECOR,KALAHANDI,ODISHA,
687,KHALIAPALI,KHPL,E,NSG6,SBP,ECOR,BALANGIR,ODISHA,
688,KOMAKHAN,KMK,E,NSG6,SBP,ECOR,MAHASAMUND,CHHATTISGARH,
689,LAKHNA,LKNA,F,NSG6,SBP,ECOR,NUAPADA,ODISHA,
690,LANJIGARH ROAD,LJR,E,NSG6,SBP,ECOR,KALAHANDI,ODISHA,
691,LAPANGA,LPG,E,NSG6,SBP,ECOR,SAMBALPUR,ODISHA,
692,LOISINGHA,LSX,E,NSG6,SBP,ECOR,BALANGIR,ODISHA,
693,MANESWAR,MANE,E,NSG6,SBP,ECOR,SAMBALPUR,ODISHA,
694,MURIBAHAL,MRBL,E,NSG6,SBP,ECOR,BALANGIR,ODISHA,
695,RAHENBHATA,RNBT,E,NSG6,SBP,ECOR,BALANGIR,ODISHA,
696,RENGALI,RGL,E,NSG6,SBP,ECOR,SAMBALPUR,ODISHA,
697,RUPRA ROAD,RPRD,E,NSG6,SBP,ECOR,KALAHANDI,ODISHA,
698,SAINTALA,SFC,E,NSG6,SBP,ECOR,BALANGIR,ODISHA,
699,SARAGIPALI,SRGP,E,NSG6,SBP,ECOR,ANUGUL,ODISHA,
700,SASON,SSN,E,NSG6,SBP,ECOR,SAMBALPUR,ODISHA,
701,SIKIR,SFK,E,NSG6,SBP,ECOR,BALANGIR,ODISHA,
702,THERUBALI,THV,E,NSG6,SBP,ECOR,RAYAGADA,ODISHA,
703,TUREKALA ROAD,TRKR,E,NSG6,SBP,ECOR,BALANGIR,ODISHA,
704,MARRIPALEM PH,MIPM,F,HG1,WAT,ECOR,VISAKHAPATANAM,ANDHRA PRADESH,
705,BANSADHARA PH,BSDR,F,HG2,WAT,ECOR,GAJAPATI,ODISHA,
706,"DANDU GOPALAPURARN
H",DGB,F,HG2,WAT,ECOR,SRIKAKULAM,ANDHRA PRADESH,
707,HADOBHANGI PH,HBF,F,HG2,WAT,ECOR,GAJAPATI,ODISHA,
708,"HARISHCHANDRAPURAM
P",HCM,F,HG2,WAT,ECOR,SRIKAKULAM,ANDHRA PRADESH,
709,KASHINAGAR PH,KNGR,F,HG2,WAT,ECOR,GAJAPATI,ODISHA,
710,NARSIPURAM HALT,NSX,F,HG2,WAT,ECOR,VIZIANAGARAM,ANDHRA PRADESH,
711,PATAPATNAM,PHM,F,HG2,WAT,ECOR,SRIKAKULAM,ANDHRA PRADESH,
712,PEDDASANA,PDSN,F,HG2,WAT,ECOR,SRIKAKULAM,ANDHRA PRADESH,
713,ROUTHPURAM PH,RMZ,F,HG2,WAT,ECOR,SRIKAKULAM,ANDHRA PRADESH,
714,SITAPURAM PH,SPRM,F,HG2,WAT,ECOR,GAJAPATI,ODISHA,
715,TEKKALI PH,TEK,F,HG2,WAT,ECOR,SRIKAKULAM,ANDHRA PRADESH,
716,BATUVA PH,BTVA,F,HG3,WAT,ECOR,SRIKAKULAM,ANDHRA PRADESH,
717,GANGUWADA,BNPL,F,HG3,WAT,ECOR,SRIKAKULAM,ANDHRA PRADESH,
718,LIHURI PH,LRI,F,HG3,WAT,ECOR,GAJAPATI,ODISHA,
719,"NARAYANAPPAVALASA
HA",NGJA,F,HG3,WAT,ECOR,VIZIANAGARAM,ANDHRA PRADESH,
720,PALASINGI,PLSG,F,HG3,WAT,ECOR,GAJAPATI,ODISHA,
721,PARANNAVALASA,PRVA,F,HG3,WAT,ECOR,VIZIANAGARAM,ANDHRA PRADESH,
722,ROMPALLE PH,RML,F,HG3,WAT,ECOR,VIZIANAGARAM,ANDHRA PRADESH,
723,SALUR,SALR,F,HG3,WAT,ECOR,VIZIANAGARAM,ANDHRA PRADESH,
724,TEMBURU,TMB,F,HG3,WAT,ECOR,SRIKAKULAM,ANDHRA PRADESH,
725,VISAKHAPATNAM,VSKP,A1,NSG2,WAT,ECOR,VISAKHAPATANAM,ANDHRA PRADESH,
726,VIZIANAGARAM JN.,VZM,A,NSG3,WAT,ECOR,VIZIANAGARAM,ANDHRA PRADESH,
727,ARAKU,ARK,B,NSG4,WAT,ECOR,VISAKHAPATANAM,ANDHRA PRADESH,
728,JAGDALPUR,JDB,B,NSG4,WAT,ECOR,BASTAR,CHHATTISGARH,
729,RAYAGADA,RGDA,A,NSG4,WAT,ECOR,RAYAGADA,ODISHA,
730,SIMHACHALAM,SCM,B,NSG4,WAT,ECOR,VISAKHAPATANAM,ANDHRA PRADESH,
731,SRIKAKULAM ROAD,CHE,A,NSG4,WAT,ECOR,SRIKAKULAM,ANDHRA PRADESH,
732,BOBBILI JN,VBL,B,NSG5,WAT,ECOR,VIZIANAGARAM,ANDHRA PRADESH,
733,CHIPURUPALLI,CPP,D,NSG5,WAT,ECOR,VIZIANAGARAM,ANDHRA PRADESH,
734,DUVVADA,DVD,B,NSG5,WAT,ECOR,VISAKHAPATANAM,ANDHRA PRADESH,
735,JEYPORE,JYP,E,NSG5,WAT,ECOR,KORAPUT,ODISHA,
736,KORAPUT JN,KRPU,B,NSG5,WAT,ECOR,KORAPUT,ODISHA,
737,KOTTAVALASA,KTV,D,NSG5,WAT,ECOR,VIZIANAGARAM,ANDHRA PRADESH,
738,NAUPADA JN.,NWP,D,NSG5,WAT,ECOR,SRIKAKULAM,ANDHRA PRADESH,
739,PARVATIPURAM,PVP,D,NSG5,WAT,ECOR,VIZIANAGARAM,ANDHRA PRADESH,
740,PARVATIPURAM TOWN,PVPT,D,NSG5,WAT,ECOR,VIZIANAGARAM,ANDHRA PRADESH,
741,PONDURU,PDU,D,NSG5,WAT,ECOR,SRIKAKULAM,ANDHRA PRADESH,
742,TILARU,TIU,D,NSG5,WAT,ECOR,SRIKAKULAM,ANDHRA PRADESH,
743,ALAMANDA,ALM,E,NSG6,WAT,ECOR,VIZIANAGARAM,ANDHRA PRADESH,
744,AMAGURA,AGZ,E,NSG6,WAT,ECOR,BASTAR,CHHATTISGARH,
745,AMBAGAON,AGB,E,NSG6,WAT,ECOR,KORAPUT,ODISHA,
746,BACHELI,BCHL,E,NSG6,WAT,ECOR,DANTEWADA,CHHATTISGARH,
747,BADE ARAPUR,BDXX,E,NSG6,WAT,ECOR,BASTAR,CHHATTISGARH,
748,BAIGUDA,BGUA,E,NSG6,WAT,ECOR,KORAPUT,ODISHA,
749,BHALUMASKA,BLMK,E,NSG6,WAT,ECOR,RAYAGADA,ODISHA,
750,BHANSI,BHNS,E,NSG6,WAT,ECOR,DANTEWADA,CHHATTISGARH,
751,BHEJA,BHJA,E,NSG6,WAT,ECOR,KORAPUT,ODISHA,
752,BODDAVARA,BDVR,E,NSG6,WAT,ECOR,VIZIANAGARAM,ANDHRA PRADESH,
753,BORRAGUHALU,BGHU,E,NSG6,WAT,ECOR,VISAKHAPATANAM,ANDHRA PRADESH,
754,CHARAMULA KUSUMI,CJS,E,NSG6,WAT,ECOR,KORAPUT,ODISHA,
755,CHHATRIPUT,CTS,E,NSG6,WAT,ECOR,KORAPUT,ODISHA,
756,CHIMIDIPAILI,CMDP,E,NSG6,WAT,ECOR,VISAKHAPATANAM,ANDHRA PRADESH,
757,DABPAL,DBF,E,NSG6,WAT,ECOR,DANTEWADA,CHHATTISGARH,
758,DAMANJODI,DMNJ,D,NSG6,WAT,ECOR,KORAPUT,ODISHA,
759,DANTEWARA,DWZ,E,NSG6,WAT,ECOR,DANTEWADA,CHHATTISGARH,
760,DARLIPUT,DPC,E,NSG6,WAT,ECOR,KORAPUT,ODISHA,
761,DHANAPUR,DIR,E,NSG6,WAT,ECOR,KALAHANDI,ODISHA,
762,DILMILI,DMK,E,NSG6,WAT,ECOR,BASTAR,CHHATTISGARH,
763,DONKINAVALASA,DNV,E,NSG6,WAT,ECOR,VIZIANAGARAM,ANDHRA PRADESH,
764,DUMURIPUT,DMRT,E,NSG6,WAT,ECOR,KORAPUT,ODISHA,
765,DUSI,DUSI,E,NSG6,WAT,ECOR,SRIKAKULAM,ANDHRA PRADESH,
766,GAJAPATINAGARAM,GPI,E,NSG6,WAT,ECOR,VIZIANAGARAM,ANDHRA PRADESH,
767,GARIVIDI,GVI,E,NSG6,WAT,ECOR,VIZIANAGARAM,ANDHRA PRADESH,
768,GIDAM,GIZ,E,NSG6,WAT,ECOR,DANTEWADA,CHHATTISGARH,
769,GORAPUR,GPJ,E,NSG6,WAT,ECOR,VISAKHAPATANAM,ANDHRA PRADESH,
770,GOTLAM,GTLM,E,NSG6,WAT,ECOR,VIZIANAGARAM,ANDHRA PRADESH,
771,GUMADA,GMDA,E,NSG6,WAT,ECOR,VIZIANAGARAM,ANDHRA PRADESH,
772,GUNUPUR,GNPR,E,NSG6,WAT,ECOR,RAYAGADA,ODISHA,
773,GURUDABILLI,GRBL,E,NSG6,WAT,ECOR,VIZIANAGARAM,ANDHRA PRADESH,
774,JARATI,JRT,E,NSG6,WAT,ECOR,KORAPUT,ODISHA,
775,JIMIDIPETA,JMPT,E,NSG6,WAT,ECOR,RAYAGADA,ODISHA,
776,KAKIRIGUMA,KKGM,E,NSG6,WAT,ECOR,KORAPUT,ODISHA,
777,KAKLUR,KKLU,E,NSG6,WAT,ECOR,BASTAR,CHHATTISGARH,
778,KAMALUR,KMLR,E,NSG6,WAT,ECOR,DANTEWADA,CHHATTISGARH,
779,KANTAKAPALLE,KPL,E,NSG6,WAT,ECOR,VIZIANAGARAM,ANDHRA PRADESH,
780,KARAKAVALASA,KVLS,E,NSG6,WAT,ECOR,VISAKHAPATANAM,ANDHRA PRADESH,
781,KAWARGAON,KWGN,E,NSG6,WAT,ECOR,DANTEWADA,CHHATTISGARH,
782,KEUTGUDA,KTGA,E,NSG6,WAT,ECOR,RAYAGADA,ODISHA,
783,KHADAPA,KDPA,E,NSG6,WAT,ECOR,KORAPUT,ODISHA,
784,KIRANDUL,KRDL,E,NSG6,WAT,ECOR,DANTEWADA,CHHATTISGARH,
785,KOMATIPALLI,KMX,E,NSG6,WAT,ECOR,VIZIANAGARAM,ANDHRA PRADESH,
786,KORUKONDA,KUK,E,NSG6,WAT,ECOR,VIZIANAGARAM,ANDHRA PRADESH,
787,KOTABOMMALI,KBM,D,NSG6,WAT,ECOR,SRIKAKULAM,ANDHRA PRADESH,
788,KOTAPAR ROAD,KPRR,E,NSG6,WAT,ECOR,KORAPUT,ODISHA,
789,KUMAR SADRA,KMSD,E,NSG6,WAT,ECOR,BASTAR,CHHATTISGARH,
790,KUMHAR MARANGA,KMEZ,E,NSG6,WAT,ECOR,BASTAR,CHHATTISGARH,
791,KUNERU,KNRT,E,NSG6,WAT,ECOR,VIZIANAGARAM,ANDHRA PRADESH,
792,LADDA,LDX,E,NSG6,WAT,ECOR,RAYAGADA,ODISHA,
793,LAKSHMIPUR ROAD,LKMR,E,NSG6,WAT,ECOR,KORAPUT,ODISHA,
794,LELLIGUMMA,LLGM,E,NSG6,WAT,ECOR,RAYAGADA,ODISHA,
795,MACHHKUNDA ROAD,MKRD,E,NSG6,WAT,ECOR,KORAPUT,ODISHA,
796,MALIGURA,MVG,E,NSG6,WAT,ECOR,NABARANGPUR,ODISHA,
797,MALLIVIDU,MVW,E,NSG6,WAT,ECOR,VIZIANAGARAM,ANDHRA PRADESH,
798,MANABAR,MVF,E,NSG6,WAT,ECOR,KORAPUT,ODISHA,
799,NAKTHISEMRA,NKX,E,NSG6,WAT,ECOR,BASTAR,CHHATTISGARH,
800,NELLIMARLA,NML,E,NSG6,WAT,ECOR,VIZIANAGARAM,ANDHRA PRADESH,
801,PADUA,PFU,E,NSG6,WAT,ECOR,KORAPUT,ODISHA,
802,PALIBA,PBV,E,NSG6,WAT,ECOR,KORAPUT,ODISHA,
803,PARALAKHEMUNDI,PLH,E,NSG6,WAT,ECOR,GAJAPATI,ODISHA,
804,PENDURTI,PDT,E,NSG6,WAT,ECOR,VISAKHAPATANAM,ANDHRA PRADESH,
805,PUNDI,PUN,E,NSG6,WAT,ECOR,SRIKAKULAM,ANDHRA PRADESH,
806,RAULI,RUL,E,NSG6,WAT,ECOR,RAYAGADA,ODISHA,
807,SHIMILIGUDA,SMLG,E,NSG6,WAT,ECOR,VISAKHAPATANAM,ANDHRA PRADESH,
808,SHRUNGAVARAPUKOTA,SUP,E,NSG6,WAT,ECOR,VIZIANAGARAM,ANDHRA PRADESH,
809,SIGADAM,SGDM,E,NSG6,WAT,ECOR,SRIKAKULAM,ANDHRA PRADESH,
810,SIKARPAI,SKPI,E,NSG6,WAT,ECOR,RAYAGADA,ODISHA,
811,SILAK-JHORI,SZY,E,NSG6,WAT,ECOR,BASTAR,CHHATTISGARH,
812,SINGAPURAM ROAD,SPRD,D,NSG6,WAT,ECOR,RAYAGADA,ODISHA,
813,SINGARAM,SGRM,E,NSG6,WAT,ECOR,KORAPUT,ODISHA,
814,SITANAGARM,SNM,E,NSG6,WAT,ECOR,VIZIANAGARAM,ANDHRA PRADESH,
815,SUKU,SUKU,E,NSG6,WAT,ECOR,KORAPUT,ODISHA,
816,TIKIRI,TKRI,D,NSG6,WAT,ECOR,RAYAGADA,ODISHA,
817,TOKAPAL,TPQ,E,NSG6,WAT,ECOR,BASTAR,CHHATTISGARH,
818,URLAM,ULM,E,NSG6,WAT,ECOR,SRIKAKULAM,ANDHRA PRADESH,
819,BAGHOIKUSA,BHKH,F,HG2,DDU,ECR,AURANGABAD,BIHAR,
820,DHANIACHHA,DCX,F,HG2,DDU,ECR,KAIMUR,BIHAR,
821,HASANBAZAR ST H,HBSH,F,HG2,DDU,ECR,BHOJPUR,BIHAR,
822,SAHEED I C HALT,SICY,F,HG2,DDU,ECR,GAYA,BIHAR,
823,SAJHAULI HALT,SJV,F,HG2,DDU,ECR,ROHTAS,BIHAR,
824,BARAW MORE,BMHT,F,HG3,DDU,ECR,ROHTAS,BIHAR,
825,CHARPOKHARI HALT,CRQ,F,HG3,DDU,ECR,BHOJPUR,BIHAR,
826,CHIRAILLA PAUTHU,CPBH,F,HG3,DDU,ECR,AURANGABAD,BIHAR,
827,DEO ROAD,DORD,F,HG3,DDU,ECR,AURANGABAD,BIHAR,
828,DEORIA K NARESH,DKMN,F,HG3,DDU,ECR,AURANGABAD,BIHAR,
829,GHUSIAKALAN H,GSK,F,HG3,DDU,ECR,ROHTAS,BIHAR,
830,KHURMABAD ROAD,KVD,F,HG3,DDU,ECR,ROHTAS,BIHAR,
831,MANI HALT,MANI,F,HG3,DDU,ECR,ROHTAS,BIHAR,
832,NAGRI GRAM,NGIM,F,HG3,DDU,ECR,BHOJPUR,BIHAR,
833,NONAR HALT,NON,F,HG3,DDU,ECR,BHOJPUR,BIHAR,
834,PAHALEJA,PHE,F,HG3,DDU,ECR,ROHTAS,BIHAR,
835,DD UPADHYAYA JN,DDU,A1,NSG2,DDU,ECR,CHANDAULI,UTTAR PRADESH,
836,GAYA JN.,GAYA,A1,NSG2,DDU,ECR,GAYA,BIHAR,
837,DEHRI-ON-SON,DOS,A,NSG3,DDU,ECR,ROHTAS,BIHAR,
838,SASARAM,SSM,A,NSG3,DDU,ECR,ROHTAS,BIHAR,
839,"ANUGRAH NARAYAN
ROAD",AUBR,A,NSG4,DDU,ECR,AURANGABAD,BIHAR,
840,BHABUA ROAD,BBU,B,NSG4,DDU,ECR,KAIMUR,BIHAR,
841,GURARU,GRRU,D,NSG5,DDU,ECR,GAYA,BIHAR,
842,HAIDARNAGAR,HDN,D,NSG5,DDU,ECR,PALAMU,JHARKHAND,
843,JAPLA,JPL,D,NSG5,DDU,ECR,PALAMU,JHARKHAND,
844,KUDRA,KTQ,D,NSG5,DDU,ECR,KAIMUR (BHABUA),BIHAR,
845,MUHAMMADGANJ,MDJ,D,NSG5,DDU,ECR,PALAMU,JHARKHAND,
846,NABINAGAR ROAD,NBG,D,NSG5,DDU,ECR,AURANGABAD,BIHAR,
847,RAFIGANJ,RFJ,D,NSG5,DDU,ECR,AURANGABAD,BIHAR,
848,SON NAGAR JN.,SEB,D,NSG5,DDU,ECR,AURANGABAD,BIHAR,
849,ANKORAH (AKORHA),ANH,E,NSG6,DDU,ECR,AURANGABAD,BIHAR,
850,BAGAHA BISHNUPUR,BCJ,E,NSG6,DDU,ECR,AURANGABAD,BIHAR,
851,BARKISALAIYA,BSYA,E,NSG6,DDU,ECR,AURANGABAD,BIHAR,
852,BIKRAMGANJ,XBKJ,E,NSG6,DDU,ECR,ROHTAS,BIHAR,
853,CHANDAULI MAJHWAR,CDMR,E,NSG6,DDU,ECR,CHANDAULI,UTTAR PRADESH,
854,DURGAUTI,DGO,E,NSG6,DDU,ECR,KAIMUR,BIHAR,
855,GANJ KHWAJA,GAQ,E,NSG6,DDU,ECR,CHANDAULI,UTTAR PRADESH,
856,GARHANI,GQN,E,NSG6,DDU,ECR,BHOJPUR,BIHAR,
857,GARHNOKHA,GNK,E,NSG6,DDU,ECR,ROHTAS,BIHAR,
858,ISMAILPUR,IMGE,E,NSG6,DDU,ECR,GAYA,BIHAR,
859,JAKHIM,JHN,E,NSG6,DDU,ECR,AURANGABAD,BIHAR,
860,KAJRAT NAWADIH,KYF,E,NSG6,DDU,ECR,PALAMU,JHARKHAND,
861,KARAMNASA,KMS,E,NSG6,DDU,ECR,KAIMUR,BIHAR,
862,KARKATTA,KRTA,E,NSG6,DDU,ECR,PALAMU,JHARKHAND,
863,KARWANDIYA,KWD,E,NSG6,DDU,ECR,ROHTAS,BIHAR,
864,KASTHA,KSTA,E,NSG6,DDU,ECR,GAYA,BIHAR,
865,KOSIARA,KVQ,E,NSG6,DDU,ECR,PALAMU,JHARKHAND,
866,KUMAHU,KMGE,E,NSG6,DDU,ECR,ROHTAS,BIHAR,
867,MANPUR JN.,MPO,E,NSG6,DDU,ECR,GAYA,BIHAR,
868,MUTHANI,MTGE,E,NSG6,DDU,ECR,KAIMUR (BHABUA),BIHAR,
869,PARAIYA,PRY,E,NSG6,DDU,ECR,GAYA,BIHAR,
870,PHESAR,PES,E,NSG6,DDU,ECR,AURANGABAD,BIHAR,
871,PIRO,PIRO,E,NSG6,DDU,ECR,BHOJPUR,BIHAR,
872,PUSAULI,PSE,E,NSG6,DDU,ECR,KAIMUR (BHABUA),BIHAR,
873,SAIDRAJA,SYJ,E,NSG6,DDU,ECR,CHANDAULI,UTTAR PRADESH,
874,SATBAHINI,SZF,E,NSG6,DDU,ECR,PALAMU,JHARKHAND,
875,SHIU SAGAR ROAD,SSG,E,NSG6,DDU,ECR,ROHTAS,BIHAR,
876,SIGSIGI,SQS,E,NSG6,DDU,ECR,PALAMU,JHARKHAND,
877,UNTARI ROAD,URD,E,NSG6,DDU,ECR,PALAMU,JHARKHAND,
878,ANGARPATHRA HALT,ANJE,NA,--,DHN,ECR,DHANBAD,JHARKHAND,
879,BENDI,BFQ,NA,--,DHN,ECR,LATEHAR,JHARKHAND,
880,CHEGRO,CEME,NA,--,DHN,ECR,GIRIDIH,JHARKHAND,
881,CHETAR,CTQ,NA,--,DHN,ECR,LATEHAR,JHARKHAND,
882,KOLE,KOLE,--,--,DHN,ECR,HAZARIBAGH,JHARKHAND,
883,NINDRA,NVA,NA,--,DHN,ECR,LATEHAR,JHARKHAND,
884,RAJABERA,RJB,--,--,DHN,ECR,BOKARO,JHARKHAND,
885,AMLO,AMLO,F,HG2,DHN,ECR,BOKARO,JHARKHAND,
886,BHULI,BHN,F,HG2,DHN,ECR,DHANBAD,JHARKHAND,
887,CHIANKI,CNF,F,HG2,DHN,ECR,PALAMU,JHARKHAND,
888,DASARA,DSME,F,HG2,DHN,ECR,HAZARIBAGH,JHARKHAND,
889,DEONAGAR,DNH,F,HG2,DHN,ECR,DHANBAD,JHARKHAND,
890,DHANWAR,DNWR,F,HG2,DHN,ECR,GIRIDIH,JHARKHAND,
891,JAMUA,JAUA,F,HG2,DHN,ECR,GIRIDIH,JHARKHAND,
892,KAJRI,KFT,F,HG2,DHN,ECR,PALAMU,JHARKHAND,
893,LALGARH BIHAR H,LBT,F,HG2,DHN,ECR,PALAMU,JHARKHAND,
894,NICHITPUR,NPJE,F,HG2,DHN,ECR,DHANBAD,JHARKHAND,
895,PATHARDIH BAZAR HALT,PBQ,F,HG2,DHN,ECR,DHANBAD,JHARKHAND,
896,RAKESHBAGH HALT,RHBH,F,HG2,DHN,ECR,GIRIDIH,JHARKHAND,
897,SONARDIH,SZE,F,HG2,DHN,ECR,DHANBAD,JHARKHAND,
898,SOUTH GOVINDPUR,SGK,NA,HG2,DHN,ECR,DHANBAD,JHARKHAND,
899,YADUDIH,YDD,F,HG2,DHN,ECR,KODERMA,JHARKHAND,
900,BANSINALA HALT,BNSL,F,HG3,DHN,ECR,GAYA,BIHAR,
901,BASERIA,BZE,F,HG3,DHN,ECR,DHANBAD,JHARKHAND,
902,BHOLIDIH,BLME,F,HG3,DHN,ECR,GIRIDIH,JHARKHAND,
903,DEMU,DEMU,F,HG3,DHN,ECR,LATEHAR,JHARKHAND,
904,DIGWAR HALT,DIWR,HA,HG3,DHN,ECR,RAMGARH,JHARKHAND,
905,DOKRA BH,DOKM,F,HG3,DHN,ECR,DHANBAD,JHARKHAND,
906,DURIATANR HALT,DUTR,F,HG3,DHN,ECR,GIRIDIH,JHARKHAND,
907,HEHEGARA HALT,HHG,F,HG3,DHN,ECR,LATEHAR,JHARKHAND,
908,HUNDUR HALT,HUDU,F,HG3,DHN,ECR,RAMGARH,JHARKHAND,
909,JAMUNIATAND HALT,JNN,NA,HG3,DHN,ECR,BOKARO,JHARKHAND,
910,JHANJHITOLI H,JJTI,F,HG3,DHN,ECR,RANCHI,JHARKHAND,
911,JORASHANKH HALT,JASH,F,HG3,DHN,ECR,GIRIDIH,JHARKHAND,
912,KATHAUTIA,KAUA,F,HG3,DHN,ECR,HAZARIBAGH,JHARKHAND,
913,KAWAR,KWAR,F,HG3,DHN,ECR,GIRIDIH,JHARKHAND,
914,KESHWARI BH,KSHR,F,HG3,DHN,ECR,HAZARIBAGH,JHARKHAND,
915,KODERMA TOWN,KQRT,F,HG3,DHN,ECR,KODERMA,JHARKHAND,
916,MAHESHPUR,MHSA,F,HG3,DHN,ECR,KODERMA,JHARKHAND,
917,MANDU HALT,MNDU,F,HG3,DHN,ECR,KODERMA,JHARKHAND,
918,MANGRA,MAZ,F,HG3,DHN,ECR,LATEHAR,JHARKHAND,
919,NAWADIH,NWDH,F,HG3,DHN,ECR,KODERMA,JHARKHAND,
920,NAWAL SAHI HALT,NWSI,F,HG3,DHN,ECR,KODERMA,JHARKHAND,
921,NEW GIRIDIH,NGRH,F,HG3,DHN,ECR,GIRIDIH,JHARKHAND,
922,RAMAKUNDA IBP H,RIBP,F,HG3,DHN,ECR,DHANBAD,JHARKHAND,
923,REMA,REMA,F,HG3,DHN,ECR,GIRIDIH,JHARKHAND,
924,SALAIYA,SLIA,F,HG3,DHN,ECR,GIRIDIH,JHARKHAND,
925,SINDRI M YARD,SNMY,F,HG3,DHN,ECR,DHANBAD,JHARKHAND,
926,TOKISUD,TKS,F,HG3,DHN,ECR,RAMGARH,JHARKHAND,
927,TOLRA,TRZ,F,HG3,DHN,ECR,PALAMU,JHARKHAND,
928,URWAN,UWAN,F,HG3,DHN,ECR,KODERMA,JHARKHAND,
929,JITPUR,JPTR,E,Not in Divn,DHN,ECR,GIRIDIH,JHARKHAND,
930,DHANBAD JN.,DHN,A1,NSG2,DHN,ECR,DHANBAD,JHARKHAND,
931,KODERMA JN,KQR,A,NSG3,DHN,ECR,KODERMA,JHARKHAND,
932,DALTONGANJ,DTO,A,NSG4,DHN,ECR,PALAMU,JHARKHAND,
933,GARWA ROAD JN.,GHD,A,NSG4,DHN,ECR,PALAMU,JHARKHAND,
934,PARASNATH,PNME,A,NSG4,DHN,ECR,GIRIDIH,JHARKHAND,
935,SINGRAULI,SGRL,A,NSG4,DHN,ECR,SINGRAULI,MADHYA PRADESH,
936,ANPARA,ANPR,D,NSG5,DHN,ECR,SONBHADRA,UTTAR PRADESH,
937,BARKA KANA,BRKA,B,NSG5,DHN,ECR,RAMGARH,JHARKHAND,
938,BARWADIH JN.,BRWD,D,NSG5,DHN,ECR,LATEHAR,JHARKHAND,
939,BOKARO THERMAL,BKRO,D,NSG5,DHN,ECR,BOKARO,JHARKHAND,
940,CHANDRAPURA JN.,CRP,B,NSG5,DHN,ECR,BOKARO,JHARKHAND,
941,CHOPAN,CPU,B,NSG5,DHN,ECR,SONBHADRA,UTTAR PRADESH,
942,DUDHINAGAR,DXN,D,NSG5,DHN,ECR,SONBHADRA,UTTAR PRADESH,
943,GARHWA,GHQ,A,NSG5,DHN,ECR,GARHWA,JHARKHAND,
944,GUMIA,GMIA,D,NSG5,DHN,ECR,BOKARO,JHARKHAND,
945,HAZARIBAGH ROAD,HZD,D,NSG5,DHN,ECR,HAZARIBAGH,JHARKHAND,
946,KATRASGARH,KTH,D,NSG5,DHN,ECR,DHANBAD,JHARKHAND,
947,KHALARI,KLRE,E,NSG5,DHN,ECR,RANCHI,JHARKHAND,
948,LATEHER,LTHR,D,NSG5,DHN,ECR,LATEHAR,JHARKHAND,
949,NAGARUNTARI,NUQ,D,NSG5,DHN,ECR,GARHWA,JHARKHAND,
950,NSC BOSE J GOMO,GMO,A,NSG5,DHN,ECR,DHANBAD,JHARKHAND,
951,PAHARPUR,PRP,D,NSG5,DHN,ECR,GAYA,BIHAR,
952,PARSABAD,PSB,D,NSG5,DHN,ECR,HAZARIBAGH,JHARKHAND,
953,PATRATU,PTRU,D,NSG5,DHN,ECR,RAMGARH,JHARKHAND,
954,RANCHI ROAD,RRME,D,NSG5,DHN,ECR,RAMGARH,JHARKHAND,
955,RENUKUT,RNQ,B,NSG5,DHN,ECR,SONBHADRA,UTTAR PRADESH,
956,SHAKTINAGAR,SKTN,D,NSG5,DHN,ECR,SONBHADRA,UTTAR PRADESH,
957,TETULMARI,TET,D,NSG5,DHN,ECR,DHANBAD,JHARKHAND,
958,TORI,TORI,D,NSG5,DHN,ECR,LATEHAR,JHARKHAND,
959,WYNDHAMGANJ,WDM,D,NSG5,DHN,ECR,SONBHADRA,UTTAR PRADESH,
960,ARIGADA,ARGD,F,NSG6,DHN,ECR,HAZARIBAGH,JHARKHAND,
961,BANDHUA,BNF,E,NSG6,DHN,ECR,GAYA,BIHAR,
962,BANSJORA,BZS,E,NSG6,DHN,ECR,DHANBAD,JHARKHAND,
963,BARHI,BRHI,E,NSG6,DHN,ECR,KODERMA,JHARKHAND,
964,BERMO,BRMO,E,NSG6,DHN,ECR,BOKARO,JHARKHAND,
965,BES,BES,E,NSG6,DHN,ECR,KODERMA,JHARKHAND,
966,BHANDARIDAH,BHME,E,NSG6,DHN,ECR,BOKARO,JHARKHAND,
967,BHURKUNDA,BHKD,E,NSG6,DHN,ECR,RAMGARH,JHARKHAND,
968,BILLI,BXLL,E,NSG6,DHN,ECR,SONBHADRA,UTTAR PRADESH,
969,CHAINPUR,CNPR,E,NSG6,DHN,ECR,RAMGARH,JHARKHAND,
970,CHARHI,CHRI,E,NSG6,DHN,ECR,HAZARIBAGH,JHARKHAND,
971,CHAUBE,CBH,E,NSG6,DHN,ECR,HAZARIBAGH,JHARKHAND,
972,CHAUDHURIBANDH,CDB,E,NSG6,DHN,ECR,GIRIDIH,JHARKHAND,
973,CHHIPADOHAR,CPDR,E,NSG6,DHN,ECR,LATEHAR,JHARKHAND,
974,CHICHAKI,CCK,E,NSG6,DHN,ECR,GIRIDIH,JHARKHAND,
975,CHURKI,CHRK,E,NSG6,DHN,ECR,SINGRAULI,MADHYA PRADESH,
976,DANEA,DNEA,E,NSG6,DHN,ECR,RAMGARH,JHARKHAND,
977,DILWA,DLW,E,NSG6,DHN,ECR,NAWADA,BIHAR,
978,DUMRI BIHAR,DMBR,E,NSG6,DHN,ECR,BOKARO,JHARKHAND,
979,GUJHANDI,GJD,E,NSG6,DHN,ECR,KODERMA,JHARKHAND,
980,GURMURA,GMX,E,NSG6,DHN,ECR,SONBHADRA,UTTAR PRADESH,
981,GURPA,GAP,E,NSG6,DHN,ECR,GAYA,BIHAR,
982,HAZARIBAGH TOWN,HZBN,E,NSG6,DHN,ECR,HAZARIBAGH,JHARKHAND,
983,HENDEGIR,HNDR,E,NSG6,DHN,ECR,HAZARIBAGH,JHARKHAND,
984,HIRODIH,HRE,E,NSG6,DHN,ECR,KODERMA,JHARKHAND,
985,JARANGDIH,JAN,E,NSG6,DHN,ECR,BOKARO,JHARKHAND,
986,JHAROKHAS,JRQ,E,NSG6,DHN,ECR,SONBHADRA,UTTAR PRADESH,
987,JOGESWAR BIHAR,JGBR,E,NSG6,DHN,ECR,RAMGARH,JHARKHAND,
988,JOGIDIH,JGF,E,NSG6,DHN,ECR,SONBHADRA,UTTAR PRADESH,
989,KANASAR NAWADA,KSNA,E,NSG6,DHN,ECR,KODERMA,JHARKHAND,
990,KARAILA ROAD,KRLR,E,NSG6,DHN,ECR,SINGRAULI,MADHYA PRADESH,
991,KARMAHAT,KMHT,E,NSG6,DHN,ECR,RAMGARH,JHARKHAND,
992,KATKAMASANDI,KKAS,E,NSG6,DHN,ECR,KODERMA,JHARKHAND,
993,KECHKI,KCKI,E,NSG6,DHN,ECR,LATEHAR,JHARKHAND,
994,KHULDIL ROAD,KDRD,E,NSG6,DHN,ECR,SONBHADRA,UTTAR PRADESH,
995,KRISHNASHILA,KRSL,E,NSG6,DHN,ECR,SONBHADRA,UTTAR PRADESH,
996,KUJU,KUJU,E,NSG6,DHN,ECR,KODERMA,JHARKHAND,
997,KUMENDI,KMND,E,NSG6,DHN,ECR,LATEHAR,JHARKHAND,
998,KURHAGADA,KAGA,E,NSG6,DHN,ECR,KODERMA,JHARKHAND,
999,KUSUNDA JN.,KDS,E,NSG6,DHN,ECR,DHANBAD,JHARKHAND,
1000,MAGARDAHA,MWF,E,NSG6,DHN,ECR,SONBHADRA,UTTAR PRADESH,
1001,MAHADIYA,MHDA,E,NSG6,DHN,ECR,SINGRAULI,MADHYA PRADESH,
1002,MAHUAMILAN,MMLN,E,NSG6,DHN,ECR,LATEHAR,JHARKHAND,
1003,MAHUARIYA,MXY,E,NSG6,DHN,ECR,SONBHADRA,UTTAR PRADESH,
1004,MATARI,MRQ,E,NSG6,DHN,ECR,DHANBAD,JHARKHAND,
1005,MCCLUSKIEGANJ,MGME,E,NSG6,DHN,ECR,RANCHI,JHARKHAND,
1006,MERALGRAM,MQX,E,NSG6,DHN,ECR,GARHWA,JHARKHAND,
1007,MESRA,MESR,New,NSG6,DHN,ECR,RANCHI,JHARKHAND,
1008,MIRCHADHORHI,MCQ,E,NSG6,DHN,ECR,SONBHADRA,UTTAR PRADESH,
1009,MUIRPUR ROAD,MPF,E,NSG6,DHN,ECR,SONBHADRA,UTTAR PRADESH,
1010,NIMIAGHAT,NMG,E,NSG6,DHN,ECR,GIRIDIH,JHARKHAND,
1011,OBRADAM,OBR,E,NSG6,DHN,ECR,SONBHADRA,UTTAR PRADESH,
1012,PADMA,PDMA,E,NSG6,DHN,ECR,KODERMA,JHARKHAND,
1013,PAPRAKUND,PPKD,E,NSG6,DHN,ECR,SONBHADRA,UTTAR PRADESH,
1014,PHULWARTANR,PLJE,E,NSG6,DHN,ECR,DHANBAD,JHARKHAND,
1015,PHUSRO,PUS,D,NSG6,DHN,ECR,BOKARO,JHARKHAND,
1016,PIPRADIH,PADH,E,NSG6,DHN,ECR,KODERMA,JHARKHAND,
1017,PRADHAN KHUNTA,PKA,E,NSG6,DHN,ECR,DHANBAD,JHARKHAND,
1018,RAJHAURA,RHR,E,NSG6,DHN,ECR,PALAMU,JHARKHAND,
1019,RAKHITPUR,RKJE,E,NSG6,DHN,ECR,DHANBAD,JHARKHAND,
1020,RAMNA,RMF,E,NSG6,DHN,ECR,GARHWA,JHARKHAND,
1021,RAY,RAY,E,NSG6,DHN,ECR,HAZARIBAGH,JHARKHAND,
1022,RICHUGHUTA,RCGT,E,NSG6,DHN,ECR,LATEHAR,JHARKHAND,
1023,SALAI BANWA,SLBN,E,NSG6,DHN,ECR,SONBHADRA,UTTAR PRADESH,
1024,SARMATANR,SMND,E,NSG6,DHN,ECR,HAZARIBAGH,JHARKHAND,
1025,SHANKI,SANI,New,NSG6,DHN,ECR,RAMGARH,JHARKHAND,
1026,SIDHWAR,SDWR,New,NSG6,DHN,ECR,RAMGARH,JHARKHAND,
1027,SIJUA,SJA,E,NSG6,DHN,ECR,DHANBAD,JHARKHAND,
1028,SINDRI B.H.,SDBH,E,NSG6,DHN,ECR,DHANBAD,JHARKHAND,
1029,SINDRI TOWN,SNDT,E,NSG6,DHN,ECR,DHANBAD,JHARKHAND,
1030,TANKUPPA,TKN,E,NSG6,DHN,ECR,GAYA,BIHAR,
1031,TELO,TELO,E,NSG6,DHN,ECR,BOKARO,JHARKHAND,
1032,SACHIWALAYA HALT,SCY,F,HG1,DNR,ECR,PATNA,BIHAR,
1033,BARAKALAN,BQW,F,HG2,DNR,ECR,GHAZIPUR,UTTAR PRADESH,
1034,BHALUI,BFM,F,HG2,DNR,ECR,LAKHISARAI,BIHAR,
1035,CHAURA BH,CUX,F,HG2,DNR,ECR,JAMUI,BIHAR,
1036,DADPUR B.H.,DPX,F,HG2,DNR,ECR,JAMUI,BIHAR,
1037,DANIYAWAN BAZAR HALT,DNWH,F,HG2,DNR,ECR,PATNA,BIHAR,
1038,DUMARI HALT,DMRX,F,HG2,DNR,ECR,LAKHISARAI,BIHAR,
1039,GANDHI HALT,GNHI,F,HG2,DNR,ECR,PATNA,BIHAR,
1040,JAMIRA HALT,JMIR,F,HG2,DNR,ECR,BHOJPUR,BIHAR,
1041,JATDUMRI HALT,JTDM,F,HG2,DNR,ECR,PATNA,BIHAR,
1042,KARAHIYA HALT,KKRH,F,HG2,DNR,ECR,GHAZIPUR,UTTAR PRADESH,
1043,KARONA HALT,KRON,F,HG2,DNR,ECR,JEHANABAD,BIHAR,
1044,KUSALPUR H HALT,KPHH,F,HG2,DNR,ECR,BUXAR,BIHAR,
1045,MANJHAULI GRAM HALT,MJM,F,HG2,DNR,ECR,PATNA,BIHAR,
1046,NAGSAR HALT,NXR,F,HG2,DNR,ECR,GHAZIPUR,UTTAR PRADESH,
1047,PALI A,PAIL,F,HG2,DNR,ECR,PATNA,BIHAR,
1048,PUNPUNGHAT HALT,PNUG,F,HG2,DNR,ECR,PATNA,BIHAR,
1049,SOHSARAI,SOW,F,HG2,DNR,ECR,NALANDA,BIHAR,
1050,WANAWARKOTESWAR,WKND,F,HG2,DNR,ECR,GAYA,BIHAR,
1051,ACHUARA HALT,ACU,F,HG3,DNR,ECR,PATNA,BIHAR,
1052,ADARSH MANPUR,AHMP,F,HG3,DNR,ECR,SHEIKHPURA,BIHAR,
1053,AMBAPENDARPUR H,APP,F,HG3,DNR,ECR,NALANDA,BIHAR,
1054,AS JAGDEO PD H,ASJP,F,HG3,DNR,ECR,BHOJPUR,BIHAR,
1055,AUNGARIDHAM H,ANGM,F,HG3,DNR,ECR,NALANDA,BIHAR,
1056,AUNTA HALT,ANAH,F,HG3,DNR,ECR,PATNA,BIHAR,
1057,BADHAUNA HALT,BADH,F,HG3,DNR,ECR,NALANDA,BIHAR,
1058,BAGHI GHAUSPUR,BFX,F,HG3,DNR,ECR,NAWADA,BIHAR,
1059,BAHORA CHANDIL,BHCL,F,HG3,DNR,ECR,GHAZIPUR,UTTAR PRADESH,
1060,BALAHPUR HALT,BLHR,F,HG3,DNR,ECR,PATNA,BIHAR,
1061,BALHAPUR HALT,BHAD,F,HG3,DNR,ECR,PATNA,BIHAR,
1062,BARABAR HALT,BBHT,F,HG3,DNR,ECR,JEHANABAD,BIHAR,
1063,BARH COURT HALT,BCHT,F,HG3,DNR,ECR,PATNA,BIHAR,
1064,BASUCHAK HALT,BQSP,F,HG3,DNR,ECR,LAKHISARAI,BIHAR,
1065,BUDHDEV CY NGR,BCYN,F,HG3,DNR,ECR,PATNA,BIHAR,
1066,C MASAUDHI HALT,CKMI,F,HG3,DNR,ECR,PATNA,BIHAR,
1067,CHAKIA THERMAL H,BTPH,F,HG3,DNR,ECR,BEGUSARAI,BIHAR,
1068,CHAMPAPUR HALT,CPPR,F,HG3,DNR,ECR,PATNA,BIHAR,
1069,CHANDI HALT,CNDI,F,HG3,DNR,ECR,NALANDA,BIHAR,
1070,CHATAR,CTHT,F,HG3,DNR,ECR,NAWADA,BIHAR,
1071,DEEDAR GANJ,DDGJ,F,HG3,DNR,ECR,PATNA,BIHAR,
1072,DEEPNAGAR HALT,DPNR,F,HG3,DNR,ECR,NALANDA,BIHAR,
1073,DEKPURA HALT,DKR,F,HG3,DNR,ECR,NALANDA,BIHAR,
1074,DERGAON HALT,DGNH,F,HG3,DNR,ECR,NAWADA,BIHAR,
1075,DHURANT JWAS H,DJS,F,HG3,DNR,ECR,LAKHISARAI,BIHAR,
1076,DIGHA BRIDGE H,DGBH,F,HG3,DNR,ECR,PATNA,BIHAR,
1077,DIYAWAN HALT,DYW,F,HG3,DNR,ECR,PATNA,BIHAR,
1078,EKSARI,EKH,F,HG3,DNR,ECR,SHEIKHPURA,BIHAR,
1079,GANGASAHAI HALT,GGSY,F,HG3,DNR,ECR,LAKHISARAI,BIHAR,
1080,GARO BIGHA HALT,GBHA,F,HG3,DNR,ECR,NAWADA,BIHAR,
1081,GOHRIGRAM HALT,GIG,F,HG3,DNR,ECR,LAKHISARAI,BIHAR,
1082,GOKULNAGAR HALT,XGN,F,HG3,DNR,ECR,PATNA,BIHAR,
1083,HISUA,HIS,F,HG3,DNR,ECR,NAWADA,BIHAR,
1084,IMLI BIGHA HALT,IMBG,F,HG3,DNR,ECR,NALANDA,BIHAR,
1085,J P MAHULI HALT,JPML,F,HG3,DNR,ECR,PATNA,BIHAR,
1086,JAGJIWAN HALT,JGWL,F,HG3,DNR,ECR,BHOJPUR,BIHAR,
1087,JALALPUR HALT,JLPH,F,HG3,DNR,ECR,PATNA,BIHAR,
1088,JUNAIR HALT,JAR,F,HG3,DNR,ECR,NALANDA,BIHAR,
1089,KACHHIANA HALT,KCYN,F,HG3,DNR,ECR,LAKHISARAI,BIHAR,
1090,KAMTA HALT,KAMA,F,HG3,DNR,ECR,NALANDA,BIHAR,
1091,KANHAIPUR,KNHP,F,HG3,DNR,ECR,PATNA,BIHAR,
1092,KARAHDIH HALT,KHDH,F,HG3,DNR,ECR,NALANDA,BIHAR,
1093,KARNAUTI HALT,KRNN,F,HG3,DNR,ECR,PATNA,BIHAR,
1094,KAURIYA HALT,KYA,F,HG3,DNR,ECR,BHOJPUR,BIHAR,
1095,KHARUARA HALT,KHUH,F,HG3,DNR,ECR,NALANDA,BIHAR,
1096,KHURRAMPUR HALT,KAMR,F,HG3,DNR,ECR,NALANDA,BIHAR,
1097,KOLHANA HALT,KLNA,F,HG3,DNR,ECR,GAYA,BIHAR,
1098,KUNDER HALT,KDER,F,HG3,DNR,ECR,LAKHISARAI,BIHAR,
1099,KUSUMHA BIHAR H,KSMB,F,HG3,DNR,ECR,SHEIKHPURA,BIHAR,
1100,LACHHUBIGHA H,LUBA,F,HG3,DNR,ECR,PATNA,BIHAR,
1101,LAKHOCHAK HALT,LCK,F,HG3,DNR,ECR,LAKHISARAI,BIHAR,
1102,LEMUABAD HALT,LEB,F,HG3,DNR,ECR,PATNA,BIHAR,
1103,LOHANDA HALT,LHNA,F,HG3,DNR,ECR,NALANDA,BIHAR,
1104,MACHRIAWAN HALT,MCY,F,HG3,DNR,ECR,PATNA,BIHAR,
1105,MAHATBANIA HALT,MTBH,F,HG3,DNR,ECR,BHOJPUR,BIHAR,
1106,MAHESHLETA HALT,MHLT,F,HG3,DNR,ECR,LAKHISARAI,BIHAR,
1107,MAHURI HALT,MH,F,HG3,DNR,ECR,NALANDA,BIHAR,
1108,MAI HALT,IAM,F,HG3,DNR,ECR,JEHANABAD,BIHAR,
1109,MANJHWE HALT,MZW,F,HG3,DNR,ECR,NAWADA,BIHAR,
1110,MASAUDHI COURT,MDCR,F,HG3,DNR,ECR,PATNA,BIHAR,
1111,MEMRA MEMRAKHABAD,MMKB,F,HG3,DNR,ECR,PATNA,BIHAR,
1112,MIRABIGHA HALT,MBAH,F,HG3,DNR,ECR,JEHANABAD,BIHAR,
1113,MOHAMADPUR,MMDP,F,HG3,DNR,ECR,NAWADA,BIHAR,
1114,MURHARI HALT,MUHI,F,HG3,DNR,ECR,NALANDA,BIHAR,
1115,NADAON HALT,NDON,F,HG3,DNR,ECR,BUXAR,BIHAR,
1116,NAIKA ROAD HALT,NARD,F,HG3,DNR,ECR,PATNA,BIHAR,
1117,NEKPUR,NKPU,F,HG3,DNR,ECR,NALANDA,BIHAR,
1118,NEMA HALT,NEMA,F,HG3,DNR,ECR,PATNA,BIHAR,
1119,NER HALT,NERH,F,HG3,DNR,ECR,GAYA,BIHAR,
1120,NEYAMATPUR HALT,NYM,F,HG3,DNR,ECR,GAYA,BIHAR,
1121,NIYAZIPUR HALT,NZP,F,HG3,DNR,ECR,JEHANABAD,BIHAR,
1122,NOORSARAI HALT,NRSI,F,HG3,DNR,ECR,NALANDA,BIHAR,
1123,ORE HALT,OREH,F,HG3,DNR,ECR,GAYA,BIHAR,
1124,PAIMAR,PMI,F,HG3,DNR,ECR,GAYA,BIHAR,
1125,PATEL HALT,PATL,F,HG3,DNR,ECR,PATNA,BIHAR,
1126,PAWANI KPUR H,PWXP,F,HG3,DNR,ECR,BUXAR,BIHAR,
1127,PURA HALT,PAHB,F,HG3,DNR,ECR,GAYA,BIHAR,
1128,RAHUI ROAD,RRE,F,HG3,DNR,ECR,NALANDA,BIHAR,
1129,RAILEY E HALT,RLE,F,HG3,DNR,ECR,PATNA,BIHAR,
1130,RAMANAND T HALT,RNTE,F,HG3,DNR,ECR,BHOJPUR,BIHAR,
1131,RAMBHAWAN HALT,RPWN,F,HG3,DNR,ECR,NALANDA,BIHAR,
1132,RGS MAHULI HALT,RSMN,F,HG3,DNR,ECR,PATNA,BIHAR,
1133,RUKHAI HALT,RUKH,F,HG3,DNR,ECR,PATNA,BIHAR,
1134,S J H GOPALPUR,SJHG,F,HG3,DNR,ECR,LAKHISARAI,BIHAR,
1135,SADIPUR HALT,XSAD,F,HG3,DNR,ECR,NAWADA,BIHAR,
1136,SAHARI HALT,SHT,F,HG3,DNR,ECR,PATNA,BIHAR,
1137,SARAHULA HALT,SAHA,F,HG3,DNR,ECR,GHAZIPUR,UTTAR PRADESH,
1138,SARDAR PATEL H,SDPH,F,HG3,DNR,ECR,NALANDA,BIHAR,
1139,SARSOO,SRSO,F,HG3,DNR,ECR,GAYA,BIHAR,
1140,SARVODAYA HALT,XSAN,F,HG3,DNR,ECR,BHOJPUR,BIHAR,
1141,SEONAN HALT,SONH,F,HG3,DNR,ECR,JEHANABAD,BIHAR,
1142,SHUKDASGRAM H,SKDG,F,HG3,DNR,ECR,JAMUI,BIHAR,
1143,SIKARIA HALT,SKRI,F,HG3,DNR,ECR,BHOJPUR,BIHAR,
1144,SINGARIYAWAN H,SGYW,F,HG3,DNR,ECR,PATNA,BIHAR,
1145,SIVNAR HALT,SIVN,F,HG3,DNR,ECR,PATNA,BIHAR,
1146,SONEWARSHA HALT,SONW,F,HG3,DNR,ECR,NAWADA,BIHAR,
1147,SULTANPUR GRAM,SLNG,F,HG3,DNR,ECR,PATNA,BIHAR,
1148,TENERI HALT,TNRI,F,HG3,DNR,ECR,PATNA,BIHAR,
1149,TUNGI HALT,TNGI,F,HG3,DNR,ECR,NALANDA,BIHAR,
1150,USIAKHAS HALT,USK,F,HG3,DNR,ECR,GHAZIPUR,UTTAR PRADESH,
1151,V V GIRI HALT,VVG,F,HG3,DNR,ECR,BUXAR,BIHAR,
1152,VKS DHARAULI H,VKDH,F,HG3,DNR,ECR,BHOJPUR,BIHAR,
1153,PATNA JN.,PNBE,A,NSG1,DNR,ECR,PATNA,BIHAR,
1154,PATLIPUTRA,PPTA,A,NSG2,DNR,ECR,PATNA,BIHAR,
1155,ARA JN.,ARA,A,NSG3,DNR,ECR,BHOJPUR,BIHAR,
1156,BUXAR,BXR,A,NSG3,DNR,ECR,BUXAR,BIHAR,
1157,DANAPUR,DNR,A,NSG3,DNR,ECR,PATNA,BIHAR,
1158,KIUL JN.,KIUL,A,NSG3,DNR,ECR,LAKHISARAI,BIHAR,
1159,RAJENDRANAGAR T,RJPB,A,NSG3,DNR,ECR,PATNA,BIHAR,
1160,BAKHTIYARPUR JN.,BKP,A,NSG4,DNR,ECR,PATNA,BIHAR,
1161,BARH.,BARH,B,NSG4,DNR,ECR,PATNA,BIHAR,
1162,BIHTA,BTA,D,NSG4,DNR,ECR,PATNA,BIHAR,
1163,DILDARNAGAR JN.,DLN,B,NSG4,DNR,ECR,GHAZIPUR,UTTAR PRADESH,
1164,FATUHA,FUT,D,NSG4,DNR,ECR,PATNA,BIHAR,
1165,JAMUI,JMU,A,NSG4,DNR,ECR,JAMUI,BIHAR,
1166,JEHANABAD,JHD,D,NSG4,DNR,ECR,JEHANABAD,BIHAR,
1167,JHAJHA,JAJ,B,NSG4,DNR,ECR,JAMUI,BIHAR,
1168,MOKAMA JN.,MKA,A,NSG4,DNR,ECR,PATNA,BIHAR,
1169,PATNA SAHEB,PNC,A,NSG4,DNR,ECR,PATNA,BIHAR,
1170,RAJGIR,RGD,D,NSG4,DNR,ECR,NALANDA,BIHAR,
1171,TAREGNA,TEA,D,NSG4,DNR,ECR,PATNA,BIHAR,
1172,BARHIYA,BRYA,D,NSG5,DNR,ECR,LAKHISARAI,BIHAR,
1173,BIHAR SHARIF,BEHS,B,NSG5,DNR,ECR,NALANDA,BIHAR,
1174,BIHIYA,BEA,D,NSG5,DNR,ECR,BHOJPUR,BIHAR,
1175,DUMRAON,DURE,D,NSG5,DNR,ECR,BUXAR,BIHAR,
1176,EKANGAR SARAI FLAG,EKR,D,NSG5,DNR,ECR,NALANDA,BIHAR,
1177,GAHMAR,GMR,E,NSG5,DNR,ECR,GHAZIPUR,UTTAR PRADESH,
1178,GIDHAUR,GHR,D,NSG5,DNR,ECR,JAMUI,BIHAR,
1179,GULZARBAGH,GZH,D,NSG5,DNR,ECR,PATNA,BIHAR,
1180,HARNAUT,HRT,D,NSG5,DNR,ECR,NALANDA,BIHAR,
1181,HATHIDAH JN.,HTZ,B,NSG5,DNR,ECR,PATNA,BIHAR,
1182,HILSA BLOCK,HIL,E,NSG5,DNR,ECR,NALANDA,BIHAR,
1183,ISLAMPUR,IPR,D,NSG5,DNR,ECR,NALANDA,BIHAR,
1184,KHUSROPUR,KOO,D,NSG5,DNR,ECR,PATNA,BIHAR,
1185,LUCKEESARAI JN.,LKR,D,NSG5,DNR,ECR,LAKHISARAI,BIHAR,
1186,MAKHDUMPUR GAYA,MDE,E,NSG5,DNR,ECR,JEHANABAD,BIHAR,
1187,MANANPUR,MNP,D,NSG5,DNR,ECR,LAKHISARAI,BIHAR,
1188,NAWADAH,NWD,D,NSG5,DNR,ECR,NAWADA,BIHAR,
1189,RAGHUNATHPUR,RPR,D,NSG5,DNR,ECR,BUXAR,BIHAR,
1190,SHEIKHPURA,SHK,D,NSG5,DNR,ECR,SHEIKHPURA,BIHAR,
1191,WARISALIGANJ,WRS,D,NSG5,DNR,ECR,NAWADA,BIHAR,
1192,ZAMANIA,ZNA,D,NSG5,DNR,ECR,GHAZIPUR,UTTAR PRADESH,
1193,ATHMAL GOLA,ATL,E,NSG6,DNR,ECR,PATNA,BIHAR,
1194,BAGHI BARDIHA,BBE,E,NSG6,DNR,ECR,NAWADA,BIHAR,
1195,BANAHI,BYN,E,NSG6,DNR,ECR,BUXAR,BIHAR,
1196,BANKA GHAT,BKG,E,NSG6,DNR,ECR,PATNA,BIHAR,
1197,BANSIPUR,BSQP,E,NSG6,DNR,ECR,LAKHISARAI,BIHAR,
1198,BARUNA,BUE,E,NSG6,DNR,ECR,BUXAR,BIHAR,
1199,BELA,BELA,E,NSG6,DNR,ECR,GAYA,BIHAR,
1200,BHADAURA,BWH,E,NSG6,DNR,ECR,GHAZIPUR,UTTAR PRADESH,
1201,CHAKAND,CKH,E,NSG6,DNR,ECR,GAYA,BIHAR,
1202,CHAUSA,CSA,E,NSG6,DNR,ECR,BUXAR,BIHAR,
1203,DANIYAWAN JN,DHWN,E,NSG6,DNR,ECR,PATNA,BIHAR,
1204,DARAULI,DRV,E,NSG6,DNR,ECR,GHAZIPUR,UTTAR PRADESH,
1205,DHEENA,DHA,E,NSG6,DNR,ECR,CHANDAULI,UTTAR PRADESH,
1206,GARSANDA,GSDH,E,NSG6,DNR,ECR,LAKHISARAI,BIHAR,
1207,HARDAS BIGHA,HDE,F,NSG6,DNR,ECR,PATNA,BIHAR,
1208,JAHANABAD COUIRT FLA,JHDC,E,NSG6,DNR,ECR,JEHANABAD,BIHAR,
1209,JAMUAWAN FLAG,JMN,E,NSG6,DNR,ECR,NAWADA,BIHAR,
1210,JETHIAN,JTIN,F,NSG6,DNR,ECR,GAYA,BIHAR,
1211,KARAUTA,KWO,E,NSG6,DNR,ECR,PATNA,BIHAR,
1212,KARISATH,KRS,E,NSG6,DNR,ECR,BHOJPUR,BIHAR,
1213,KARJARA,KRJR,E,NSG6,DNR,ECR,GAYA,BIHAR,
1214,KAROTA PATNER,KRTR,F,NSG6,DNR,ECR,LAKHISARAI,BIHAR,
1215,KASHI CHAK,KSC,E,NSG6,DNR,ECR,NAWADA,BIHAR,
1216,KATARI,KTRI,D,NSG6,DNR,ECR,GAYA,BIHAR,
1217,KHUDAGANJ BAZAR,KDJB,D,NSG6,DNR,ECR,NALANDA,BIHAR,
1218,KOELWAR,KWR,E,NSG6,DNR,ECR,BHOJPUR,BIHAR,
1219,KUCHMAN,KCA,E,NSG6,DNR,ECR,CHANDAULI,UTTAR PRADESH,
1220,KULHARIA,KUA,E,NSG6,DNR,ECR,BHOJPUR,BIHAR,
1221,MANKATHA,MKB,E,NSG6,DNR,ECR,LAKHISARAI,BIHAR,
1222,MOR,MOR,E,NSG6,DNR,ECR,PATNA,BIHAR,
1223,NADAUL,NDU,E,NSG6,DNR,ECR,PATNA,BIHAR,
1224,NADWAN,NDW,E,NSG6,DNR,ECR,PATNA,BIHAR,
1225,NALANDA,NLD,E,NSG6,DNR,ECR,NALANDA,BIHAR,
1226,NATESAR,NES,F,NSG6,DNR,ECR,GAYA,BIHAR,
1227,NEORA,NEO,E,NSG6,DNR,ECR,PATNA,BIHAR,
1228,ORO,JDPR,F,NSG6,DNR,ECR,NAWADA,BIHAR,
1229,PARSA BAZAR,PRBZ,E,NSG6,DNR,ECR,PATNA,BIHAR,
1230,PAWAPURI ROAD,POE,F,NSG6,DNR,ECR,NALANDA,BIHAR,
1231,PHULWARI SHARIF,PWS,E,NSG6,DNR,ECR,PATNA,BIHAR,
1232,POTAHI,PFT,E,NSG6,DNR,ECR,PATNA,BIHAR,
1233,PUNARAKH,PHK,E,NSG6,DNR,ECR,PATNA,BIHAR,
1234,PUNPUN,PPN,E,NSG6,DNR,ECR,PATNA,BIHAR,
1235,RAJENDRA PUL,RJO,E,NSG6,DNR,ECR,BEGUSARAI,BIHAR,
1236,RAMPUR DUMRA,RDUM,E,NSG6,DNR,ECR,PATNA,BIHAR,
1237,SADISOPUR,SDE,E,NSG6,DNR,ECR,PATNA,BIHAR,
1238,SAKALDIHA,SLD,E,NSG6,DNR,ECR,CHANDAULI,UTTAR PRADESH,
1239,SALIMPUR BIHAR,SMBH,E,NSG6,DNR,ECR,PATNA,BIHAR,
1240,SILAO,SILO,E,NSG6,DNR,ECR,NALANDA,BIHAR,
1241,SIRARI,SRY,E,NSG6,DNR,ECR,SHEIKHPURA,BIHAR,
1242,TALL JN.,TALL,A,NSG6,DNR,ECR,ARARIA,BIHAR,
1243,TARIGHAT,TRG,E,NSG6,DNR,ECR,GHAZIPUR,UTTAR PRADESH,
1244,TEHTA,THA,E,NSG6,DNR,ECR,JEHANABAD,BIHAR,
1245,TEKA BIGHA,TKBG,E,NSG6,DNR,ECR,PATNA,BIHAR,
1246,TILAIYA,TIA,E,NSG6,DNR,ECR,NAWADA,BIHAR,
1247,TULSI ASHRARN,TLAM,E,NSG6,DNR,ECR,GHAZIPUR,UTTAR PRADESH,
1248,TWINING GANJ,TWG,E,NSG6,DNR,ECR,BUXAR,BIHAR,
1249,WAZERGANJ,WZJ,E,NSG6,DNR,ECR,GAYA,BIHAR,
1250,WENA,WENA,E,NSG6,DNR,ECR,NALANDA,BIHAR,
1251,HARSINGRA HALT,HRSG,F,,DNR,ECR,NALANDA,BIHAR,
1252,DUMARI JUARA,DRI,F,HG2,SEE,ECR,SARAN,BIHAR,
1253,HARPUR BOCHAHA,HBP,F,HG2,SEE,ECR,SAMASTIPUR,BIHAR,
1254,AMBIKA BHAWANI H,AABH,F,HG3,SEE,ECR,SARAN,BIHAR,
1255,BANGRIGRAM H,BIGH,F,HG3,SEE,ECR,BHAGALPUR,BIHAR,
1256,BANIKPUR H,BNPR,F,HG3,SEE,ECR,BHAGALPUR,BIHAR,
1257,BASADHIA,BSRA,F,HG3,SEE,ECR,SAMASTIPUR,BIHAR,
1258,BEHAT H,BEHT,F,HG3,SEE,ECR,BEGUSARAI,BIHAR,
1259,BELARI H,BLRI,F,HG3,SEE,ECR,SAMASTIPUR,BIHAR,
1260,BENIPATTI PIRAPUR H,BNPT,F,HG3,SEE,ECR,MUZAFFARPUR,BIHAR,
1261,BHARATKHAND,BRKD,F,HG3,SEE,ECR,KHAGARIA,BIHAR,
1262,CHAIDABANNI H,CDBN,F,HG3,SEE,ECR,KHAGARIA,BIHAR,
1263,DHABAULI H,DHBI,F,HG3,SEE,ECR,VAISHALI,BIHAR,
1264,FATEHA,FAH,F,HG3,SEE,ECR,BEGUSARAI,BIHAR,
1265,GARHARA,GHX,F,HG3,SEE,ECR,BEGUSARAI,BIHAR,
1266,GHATARO,GTHT,F,HG3,SEE,ECR,VAISHALI,BIHAR,
1267,GRAM KHARIKA HALT,GKHT,F,HG3,SEE,ECR,VAISHALI,BIHAR,
1268,MAJNUPUR NAWADA H,MPNH,F,HG3,SEE,ECR,BEGUSARAI,BIHAR,
1269,PANCHPATIA DEORIA H,PPDA,F,HG3,SEE,ECR,SARAN,BIHAR,
1270,RAJAJAN H,RJJN,F,HG3,SEE,ECR,SAMASTIPUR,BIHAR,
1271,SANHA H,SANH,F,HG3,SEE,ECR,BEGUSARAI,BIHAR,
1272,SHERPUR DHIPURA,SPPA,F,HG3,SEE,ECR,SAMASTIPUR,BIHAR,
1273,SINGHAUL H,SHHT,F,HG3,SEE,ECR,BEGUSARAI,BIHAR,
1274,VISHNUPUR BATHUA,VBH,F,HG3,SEE,ECR,SAMASTIPUR,BIHAR,
1275,MUZAFFARPUR JN.,MFP,A1,NSG2,SEE,ECR,MUZAFFARPUR,BIHAR,
1276,BARAUNI JN.,BJU,A,NSG3,SEE,ECR,BEGUSARAI,BIHAR,
1277,HAJIPUR JN.,HJP,A,NSG3,SEE,ECR,VAISHALI,BIHAR,
1278,KHAGARIA JN.,KGG,A,NSG3,SEE,ECR,KHAGARIA,BIHAR,
1279,SONPUR JN.,SEE,B,NSG3,SEE,ECR,SARAN,BIHAR,
1280,BEGUSARAI,BGS,B,NSG4,SEE,ECR,BEGUSARAI,BIHAR,
1281,MANSI JN.,MNE,B,NSG4,SEE,ECR,KHAGARIA,BIHAR,
1282,NAUGACHIA,NNA,B,NSG4,SEE,ECR,BHAGALPUR,BIHAR,
1283,BACHWARA JN.,BCA,D,NSG5,SEE,ECR,BEGUSARAI,BIHAR,
1284,DALSINGH SARAI,DSS,B,NSG5,SEE,ECR,SAMASTIPUR,BIHAR,
1285,DESARI,DES,D,NSG5,SEE,ECR,VAISHALI,BIHAR,
1286,DHOLI,DOL,D,NSG5,SEE,ECR,MUZAFFARPUR,BIHAR,
1287,DIGHWARA,DGA,D,NSG5,SEE,ECR,SARAN,BIHAR,
1288,GORAUL,GRL,D,NSG5,SEE,ECR,VAISHALI,BIHAR,
1289,KARHAGOLA ROAD,CRR,D,NSG5,SEE,ECR,KATIHAR,BIHAR,
1290,KHUDIRAMBOSE PUSA,KRBP,D,NSG5,SEE,ECR,SAMASTIPUR,BIHAR,
1291,KURSELA,KUE,D,NSG5,SEE,ECR,KATIHAR,BIHAR,
1292,LAKHMINIA,LKN,E,NSG5,SEE,ECR,BEGUSARAI,BIHAR,
1293,MAHESHKHUNT,MSK,D,NSG5,SEE,ECR,KHAGARIA,BIHAR,
1294,MEHNAR ROAD,MNO,D,NSG5,SEE,ECR,VAISHALI,BIHAR,
1295,MOHIUDDINNAGAR,MOG,D,NSG5,SEE,ECR,SAMASTIPUR,BIHAR,
1296,NARAYANPUR,NNR,E,NSG5,SEE,ECR,BHAGALPUR,BIHAR,
1297,PASRAHA,PSR,E,NSG5,SEE,ECR,KHAGARIA,BIHAR,
1298,SAHIBPUR KAMAL,SKJ,E,NSG5,SEE,ECR,BEGUSARAI,BIHAR,
1299,SEMAPUR,SMO,D,NSG5,SEE,ECR,KATIHAR,BIHAR,
1300,SHAHPUR PATORI,SPP,D,NSG5,SEE,ECR,SAMASTIPUR,BIHAR,
1301,THANABIHPUR,THB,D,NSG5,SEE,ECR,BHAGALPUR,BIHAR,
1302,AKSHAYWAT RAI NAGAR,AYRN,E,NSG6,SEE,ECR,VAISHALI,BIHAR,
1303,AWTARNAGAR F,ATNR,E,NSG6,SEE,ECR,SARAN,BIHAR,
1304,BAKHRI,BKHR,E,NSG6,SEE,ECR,KATIHAR,BIHAR,
1305,BARA-GOPAL,BAGL,E,NSG6,SEE,ECR,SARAN,BIHAR,
1306,BARAUNI FLAG,BUJ,E,NSG6,SEE,ECR,BEGUSARAI,BIHAR,
1307,BASUDEOPUR CHANDEL,BDUA,E,NSG6,SEE,ECR,VAISHALI,BIHAR,
1308,BHAGWANPUR,BNR,E,NSG6,SEE,ECR,VAISHALI,BIHAR,
1309,BITHAULI F,BTHL,E,NSG6,SEE,ECR,VAISHALI,BIHAR,
1310,CHAK SIKANDAR,CSR,E,NSG6,SEE,ECR,VAISHALI,BIHAR,
1311,CHAKMAKRAND,CKRD,E,NSG6,SEE,ECR,VAISHALI,BIHAR,
1312,DANAULI PHULWARIA,DPL,E,NSG6,SEE,ECR,BEGUSARAI,BIHAR,
1313,DINKARGRAM SIM.,DKGS,E,NSG6,SEE,ECR,BEGUSARAI,BIHAR,
1314,DUBAHA,DUBH,E,NSG6,SEE,ECR,MUZAFFARPUR,BIHAR,
1315,GAUCHHARI,GAI,E,NSG6,SEE,ECR,KHAGARIA,BIHAR,
1316,GHOSHWAR,GWH,F,NSG6,SEE,ECR,VAISHALI,BIHAR,
1317,GOIDINGANJ,GJH,E,NSG6,SEE,ECR,SARAN,BIHAR,
1318,HARAULI FATEHPUR,HUFP,E,NSG6,SEE,ECR,VAISHALI,BIHAR,
1319,KARPOORIGRAM,KPGM,E,NSG6,SEE,ECR,SAMASTIPUR,BIHAR,
1320,KATAREAH,KTRH,E,NSG6,SEE,ECR,BHAGALPUR,BIHAR,
1321,KHARIK,KHQ,E,NSG6,SEE,ECR,BHAGALPUR,BIHAR,
1322,KURHANI,KHI,E,NSG6,SEE,ECR,MUZAFFARPUR,BIHAR,
1323,LAKHO,LAK,D,NSG6,SEE,ECR,BEGUSARAI,BIHAR,
1324,LALGANJ PAKRI,LLJP,E,NSG6,SEE,ECR,VAISHALI,BIHAR,
1325,NANDANI LAGUNIA,NNNL,E,NSG6,SEE,ECR,SAMASTIPUR,BIHAR,
1326,NARAYANPUR ANANT,NRPA,E,NSG6,SEE,ECR,MUZAFFARPUR,BIHAR,
1327,NAYAGAO,NYO,E,NSG6,SEE,ECR,SARAN,BIHAR,
1328,NAZIRGANJ,NAZJ,E,NSG6,SEE,ECR,SAMASTIPUR,BIHAR,
1329,NEW BARAUNI,NBJU,A,NSG6,SEE,ECR,BEGUSARAI,BIHAR,
1330,PAHLEJA GHAT,PHLG,E,NSG6,SEE,ECR,SARAN,BIHAR,
1331,PARMANANDPUR,PMU,E,NSG6,SEE,ECR,SARAN,BIHAR,
1332,RAM DAYALU NAGAR,RD,E,NSG6,SEE,ECR,MUZAFFARPUR,BIHAR,
1333,SABDALPUR,SBDP,E,NSG6,SEE,ECR,BEGUSARAI,BIHAR,
1334,SAHADAI BUZURG,SDG,E,NSG6,SEE,ECR,VAISHALI,BIHAR,
1335,SARAI,SAI,E,NSG6,SEE,ECR,VAISHALI,BIHAR,
1336,SATHA JAGAT,STJT,E,NSG6,SEE,ECR,BEGUSARAI,BIHAR,
1337,SIHO,SIHO,E,NSG6,SEE,ECR,MUZAFFARPUR,BIHAR,
1338,SILAUT,SLT,E,NSG6,SEE,ECR,MUZAFFARPUR,BIHAR,
1339,SITALPUR,STLR,E,NSG6,SEE,ECR,SARAN,BIHAR,
1340,TEGHRA,TGA,E,NSG6,SEE,ECR,BEGUSARAI,BIHAR,
1341,TILRATH,TIL,E,NSG6,SEE,ECR,BEGUSARAI,BIHAR,
1342,TURKI,TUR,E,NSG6,SEE,ECR,MUZAFFARPUR,BIHAR,
1343,UJIARPUR,UJP,E,NSG6,SEE,ECR,SAMASTIPUR,BIHAR,
1344,UMESHNAGAR,UMNR,E,NSG6,SEE,ECR,KHAGARIA,BIHAR,
1345,VAISHALI,VSHI,E,NSG6,SEE,ECR,VAISHALI,BIHAR,
1346,VIDYAPATI DHAM,VPDA,E,NSG6,SEE,ECR,SAMASTIPUR,BIHAR,
1347,AMBIKA BHAWANI HALT,AABH,F,,SEE,ECR,SARAN,BIHAR,
1348,BAGRIGRAM HALT,BIGH,F,,SEE,ECR,BHAGALPUR,BIHAR,
1349,BANIKPUR HALT,BNPR,F,,SEE,ECR,BHAGALPUR,BIHAR,
1350,BASARHIA HALT,BSRA,F,,SEE,ECR,SAMASTIPUR,BIHAR,
1351,BASUDEOPUR CHANDAIL,BDUA,F,,SEE,ECR,VAISHALI,BIHAR,
1352,BELARI HALT,BLRI,F,,SEE,ECR,SAMASTIPUR,BIHAR,
1353,BENIPATTI PIRAPUR,BNPT,F,,SEE,ECR,MUZAFFARPUR,BIHAR,
1354,BHARAT KHAND,BRKD,F,,SEE,ECR,KHAGARIA,BIHAR,
1355,BIHAT HALT,BEHT,F,,SEE,ECR,BEGUSARAI,BIHAR,
1356,CHEDHABANNI HALT,CDBN,F,,SEE,ECR,KHAGARIA,BIHAR,
1357,DHABAULI HALT,DHBI,F,,SEE,ECR,VAISHALI,BIHAR,
1358,DUMRI JUARA,DRI,F,,SEE,ECR,SARAN,BIHAR,
1359,FATEHA HALT,FAH,F,,SEE,ECR,BEGUSARAI,BIHAR,
1360,GARHARA,GHX,F,,SEE,ECR,BEGUSARAI,BIHAR,
1361,GHATARO HALT,GTHT,F,,SEE,ECR,VAISHALI,BIHAR,
1362,GRAM KHARIKA HALT,GKHT,F,,SEE,ECR,VAISHALI,BIHAR,
1363,HARPUR BOCHAHA,HBP,F,,SEE,ECR,SAMASTIPUR,BIHAR,
1364,"MAJNUPUR NAWADA
HALT",MPNH,E,,SEE,ECR,BEGUSARAI,BIHAR,
1365,PANCH P.DEORIA HALT,PPDA,F,,SEE,ECR,SARAN,BIHAR,
1366,RAJAJAN HALT,RJJN,F,,SEE,ECR,SAMASTIPUR,BIHAR,
1367,SANHA HALT,SANH,F,,SEE,ECR,BEGUSARAI,BIHAR,
1368,SHERPUR DHIPURA,SPPA,F,,SEE,ECR,SAMASTIPUR,BIHAR,
1369,SINGHAUL HALT,SHHT,F,,SEE,ECR,BEGUSARAI,BIHAR,
1370,VISHNUPURBATHUA HALT,VBH,F,,SEE,ECR,SAMASTIPUR,BIHAR,
1371,BACHHARPUR HALT,BCPR,F,HG2,SPJ,ECR,SITAMARHI,BIHAR,
1372,BANGARI,BGAR,F,HG2,SPJ,ECR,PURBI CHAMPARAN,BIHAR,
1373,BARAIPURA HALT,BAPN,F,HG2,SPJ,ECR,SAMASTIPUR,BIHAR,
1374,BHISA HALT,BHSA,F,HG2,SPJ,ECR,SITAMARHI,BIHAR,
1375,CHANDAUNA HALT,CNX,F,HG2,SPJ,ECR,SITAMARHI,BIHAR,
1376,DEBRABANDHAULI HALT,DBLI,F,HG2,SPJ,ECR,SITAMARHI,BIHAR,
1377,JAGDISHPUR A HALT,JPAH,F,HG2,SPJ,ECR,DARBHANGA,BIHAR,
1378,KURIA,KXRA,F,HG2,SPJ,ECR,PURBI CHAMPARAN,BIHAR,
1379,LALIT LACHMIPUR,LLPR,F,HG2,SPJ,ECR,MADHUBANI,BIHAR,
1380,MABBI HALT,MABB,F,HG2,SPJ,ECR,SAMASTIPUR,BIHAR,
1381,MASNADIH,MSDH,F,HG2,SPJ,ECR,PURBI CHAMPARAN,BIHAR,
1382,MOHINI MANDAL,MMDL,F,HG2,SPJ,ECR,SITAMARHI,BIHAR,
1383,N.RUNISAIDPUR H,NRSD,F,HG2,SPJ,ECR,SITAMARHI,BIHAR,
1384,NEURI HALT,NUIH,F,HG2,SPJ,ECR,DARBHANGA,BIHAR,
1385,PAHARJAGANGAUR HALT,PRGA,F,HG2,SPJ,ECR,KHAGARIA,BIHAR,
1386,RUPAULI,RPLY,F,HG2,SPJ,ECR,MADHEPURA,BIHAR,
1387,SAHEED SURAJ NARAYAN,SSNS,F,HG2,SPJ,ECR,DARBHANGA,BIHAR,
1388,SHASAN HALT,SSRH,F,HG2,SPJ,ECR,SAMASTIPUR,BIHAR,
1389,ALINAGAR TOLA,ATX,F,HG3,SPJ,ECR,PURNIA,BIHAR,
1390,ASANPUR KUPHA H,APKH,F,HG3,SPJ,ECR,SUPAUL,BIHAR,
1391,AWASANI,AWS,F,HG3,SPJ,ECR,"PASHCHIM
CHAMPARAN",BIHAR,
1392,BABA RAGHUNI DH,BRHD,F,HG3,SPJ,ECR,SAHARSA,BIHAR,
1393,BAIJNATHPUR ANDOLI H,VDNP,F,HG3,SPJ,ECR,SUPAUL,BIHAR,
1394,BARHARA,BHHT,F,HG3,SPJ,ECR,MADHUBANI,BIHAR,
1395,BENIPUR A HALT,BPAH,F,HG3,SPJ,ECR,DARBHANGA,BIHAR,
1396,BENIPURGRAM H,BPGR,F,HG3,SPJ,ECR,SAMASTIPUR,BIHAR,
1397,BHAIROPATTI HALT,BHTH,F,HG3,SPJ,ECR,SAHARSA,BIHAR,
1398,BIJULI HALT,BJIH,F,HG3,SPJ,ECR,DARBHANGA,BIHAR,
1399,CHAILAHA HALT,CHAH,F,HG3,SPJ,ECR,PURBI CHAMPARAN,BIHAR,
1400,CHAKARDAHA HALT,CRDA,F,HG3,SPJ,ECR,ARARIA,BIHAR,
1401,CHANDESHWARSTHAN,CDMA,F,HG3,SPJ,ECR,MADHUBANI,BIHAR,
1402,CHANDPIPAR HALT,CAC,F,HG3,SPJ,ECR,SUPAUL,BIHAR,
1403,CHHATAPUR ROAD HALT,CTU,F,HG3,SPJ,ECR,SUPAUL,BIHAR,
1404,DEENAPATTI,DEPI,F,HG3,SPJ,ECR,MADHEPURA,BIHAR,
1405,DEVIGANJ,DGZ,F,HG3,SPJ,ECR,SUPAUL,BIHAR,
1406,FUNGO HALT,FNO,F,HG3,SPJ,ECR,KHAGARIA,BIHAR,
1407,HARAPATTI HALT,HPI,F,HG3,SPJ,ECR,PURNIA,BIHAR,
1408,HARPUR NAG,HRNG,F,HG3,SPJ,ECR,PURBI CHAMPARAN,BIHAR,
1409,JHANJHARPUR BAZAR HA,JJBR,F,HG3,SPJ,ECR,DARBHANGA,BIHAR,
1410,K.CHINTAMANPUR,KPCM,F,HG3,SPJ,ECR,PURBI CHAMPARAN,BIHAR,
1411,KADAMPURA HALT,KDRA,F,HG3,SPJ,ECR,SUPAUL,BIHAR,
1412,KANGALI H,KNLI,F,HG3,SPJ,ECR,"PASHCHIM
CHAMPARAN",BIHAR,
1413,"KARUKHIRHARNAGAR
HAL",KKNH,F,HG3,SPJ,ECR,SAHARSA,BIHAR,
1414,KORAHIA,KRHA,F,HG3,SPJ,ECR,MADHUBANI,BIHAR,
1415,MA JAGD NWDA H,MJNS,F,HG3,SPJ,ECR,DARBHANGA,BIHAR,
1416,MAHIKHAND HALT,MIKD,F,HG3,SPJ,ECR,MADHEPURA,BIHAR,
1417,MANDAN MISHRA,MNMA,F,HG3,SPJ,ECR,DARBHANGA,BIHAR,
1418,MANGARPATTI H,MGPI,F,HG3,SPJ,ECR,MADHUBANI,BIHAR,
1419,MITHILA DEEP,MTLP,F,HG3,SPJ,ECR,MADHUBANI,BIHAR,
1420,MUSHARWA HALT,MSHW,F,HG3,SPJ,ECR,"PASHCHIM
CHAMPARAN",BIHAR,
1421,NANDLALEE HALT,NDLH,F,HG3,SPJ,ECR,SAHARSA,BIHAR,
1422,NARAYANPUR MURLI HAL,NRPM,F,HG3,SPJ,ECR,SUPAUL,BIHAR,
1423,NARIYAR HALT,NRV,F,HG3,SPJ,ECR,MUZAFFARPUR,BIHAR,
1424,NEMUA HALT,NEUA,F,HG3,SPJ,ECR,MADHUBANI,BIHAR,
1425,PARMINIYA HALT,PMYA,F,HG3,SPJ,ECR,SAHARSA,BIHAR,
1426,PARSA BASUARI,PRBR,F,HG3,SPJ,ECR,SUPAUL,BIHAR,
1427,PARSA NAGAR H,PRSN,F,HG3,SPJ,ECR,PURBI CHAMPARAN,BIHAR,
1428,PRAJAPATI HALT,PJPT,F,HG3,SPJ,ECR,"PASHCHIM
CHAMPARAN",BIHAR,
1429,PURUSHOTAMPUR HALT,PSPH,F,HG3,SPJ,ECR,"PASHCHIM
CHAMPARAN",BIHAR,
1430,RAM BISHANPUR HALT,RBQ,F,HG3,SPJ,ECR,SUPAUL,BIHAR,
1431,"RAMESHWAR NAGAR
HALT",RSWN,F,HG3,SPJ,ECR,"PASHCHIM
CHAMPARAN",BIHAR,
1432,RAMRUPNAGAR HALT,RRNH,F,HG3,SPJ,ECR,PURBI CHAMPARAN,BIHAR,
1433,SAHARSA KACHERI HALT,SHKY,F,HG3,SPJ,ECR,SAHARSA,BIHAR,
1434,SALEMPUR HALT,SPRN,F,HG3,SPJ,ECR,MADHUBANI,BIHAR,
1435,SARDAR BALLABH BHAI,SBBP,F,HG3,SPJ,ECR,MADHUBANI,BIHAR,
1436,SHISHO H,SHEO,F,HG3,SPJ,ECR,DARBHANGA,BIHAR,
1437,SUKHASAN KOTHI H,SKHK,F,HG3,SPJ,ECR,PURNIA,BIHAR,
1438,SUKHSHENA HALT,SKEN,F,HG3,SPJ,ECR,PURNIA,BIHAR,
1439,SUNDERPUR HALT,SUDR,F,HG3,SPJ,ECR,SUPAUL,BIHAR,
1440,"TAPASWINARAYAN
NAGAR",TNNH,F,HG3,SPJ,ECR,SITAMARHI,BIHAR,
1441,UGNA,UGNA,F,HG3,SPJ,ECR,DARBHANGA,BIHAR,
1442,DARBHANGA JN.,DBG,A1,NSG2,SPJ,ECR,DARBHANGA,BIHAR,
1443,DARBANGA,DBG,A-1,NSG-2,SPJ,ECR,DARBHANGA,BIHAR,
1444,BAPUDHAM MOTIHARI,BMKI,A,NSG3,SPJ,ECR,PURBI CHAMPARAN,BIHAR,
1445,BETTIAH,BTH,A,NSG3,SPJ,ECR,"PASHCHIM
CHAMPARAN",BIHAR,
1446,JAYNAGAR,JYG,A,NSG3,SPJ,ECR,MADHUBANI,BIHAR,
1447,MADHUBANI,MBI,A,NSG3,SPJ,ECR,MADHUBANI,BIHAR,
1448,RAXAUL JN.,RXL,A,NSG3,SPJ,ECR,PURBI CHAMPARAN,BIHAR,
1449,SAHARSA JN.,SHC,A,NSG3,SPJ,ECR,SAHARSA,BIHAR,
1450,SAMASTIPUR JN.,SPJ,A,NSG3,SPJ,ECR,SAMASTIPUR,BIHAR,
1451,BAPUDHAM MOTIHARI,BMKI,A,NSG-3,SPJ,ECR,MOTIHARI,BIHAR,
1452,BETTIAH,BTH,A,NSG-3,SPJ,ECR,W CHAMPARAN,BIHAR,
1453,JAYNAGAR,JYG,A,NSG-3,SPJ,ECR,MADHUBANI,BIHAR,
1454,RAXAUL JN.,RXL,A,NSG-3,SPJ,ECR,E. CHAMPARAN,BIHAR,
1455,SAHARSA,SHC,A,NSG-3,SPJ,ECR,SAHARSA,BIHAR,
1456,SAHARSA (D.D LINE),"SHC (D.D
LINE)",A,NSG-3,SPJ,ECR,SAHARSA,BIHAR,
1457,BAGAHA,BUG,B,NSG4,SPJ,ECR,"PASHCHIM
CHAMPARAN",BIHAR,
1458,NARKATIAGANJ JN.,NKE,A,NSG4,SPJ,ECR,"PASHCHIM
CHAMPARAN",BIHAR,
1459,SAGAULI JN..,SGL,A,NSG4,SPJ,ECR,PURBI CHAMPARAN,BIHAR,
1460,SAKRI JN.,SKI,B,NSG4,SPJ,ECR,DARBHANGA,BIHAR,
1461,SITAMARHI,SMI,B,NSG4,SPJ,ECR,SITAMARHI,BIHAR,
1462,NARKATIAGANJ,NKE,A,NSG-4,SPJ,ECR,W CHAMPARAN,BIHAR,
1463,SAKRI JN.,SKI,B,NSG-4,SPJ,ECR,MADHUBANI,BIHAR,
1464,SITAMARHI,SMI,B,NSG-4,SPJ,ECR,SITAMARHI,BIHAR,
1465,BADLA GHAT,BHB,E,NSG5,SPJ,ECR,KHAGARIA,BIHAR,
1466,BAIRAGNIA,BGU,E,NSG5,SPJ,ECR,SITAMARHI,BIHAR,
1467,BANMANKHI JN.,BNKI,D,NSG5,SPJ,ECR,PURNIA,BIHAR,
1468,CHAKIA,CAA,B,NSG5,SPJ,ECR,"PASHCHIM
CHAMPARAN",BIHAR,
1469,CHANPATIA,CAI,D,NSG5,SPJ,ECR,"PASHCHIM
CHAMPARAN",BIHAR,
1470,DAURAM MADHEPURA,DMH,D,NSG5,SPJ,ECR,MADHEPURA,BIHAR,
1471,GHORASAHAN,GRH,E,NSG5,SPJ,ECR,PURBI CHAMPARAN,BIHAR,
1472,HARINAGAR,HIR,D,NSG5,SPJ,ECR,"PASHCHIM
CHAMPARAN",BIHAR,
1473,HASANPUR ROAD,HPO,D,NSG5,SPJ,ECR,SAMASTIPUR,BIHAR,
1474,JANAKPUR ROAD,JNR,D,NSG5,SPJ,ECR,SITAMARHI,BIHAR,
1475,KAMTAUL,KML,E,NSG5,SPJ,ECR,DARBHANGA,BIHAR,
1476,KOPARIA,KFA,E,NSG5,SPJ,ECR,SAHARSA,BIHAR,
1477,LAHERIA SARAI,LSI,D,NSG5,SPJ,ECR,DARBHANGA,BIHAR,
1478,MEHSI,MAI,D,NSG5,SPJ,ECR,PURBI CHAMPARAN,BIHAR,
1479,MOTIPUR,MTR,D,NSG5,SPJ,ECR,MUZAFFARPUR,BIHAR,
1480,MUHAMMADPUR,MHP,E,NSG5,SPJ,ECR,DARBHANGA,BIHAR,
1481,MURLIGANJ,MRIJ,E,NSG5,SPJ,ECR,MADHEPURA,BIHAR,
1482,RAJNAGAR,RJA,D,NSG5,SPJ,ECR,MADHUBANI,BIHAR,
1483,RAMGARHWA F,RGH,E,NSG5,SPJ,ECR,PURBI CHAMPARAN,BIHAR,
1484,RUSERA GHAT,ROA,D,NSG5,SPJ,ECR,SAMASTIPUR,BIHAR,
1485,SALAUNA,SLNA,D,NSG5,SPJ,ECR,BEGUSARAI,BIHAR,
1486,SIMRI BAKHTIYARPUR,SBV,D,NSG5,SPJ,ECR,SAHARSA,BIHAR,
1487,SONBARSA KACHERI,SBM,E,NSG5,SPJ,ECR,SAHARSA,BIHAR,
1488,SUPAUL,SOU,D,NSG5,SPJ,ECR,SUPAUL,BIHAR,
1489,BADLAGHAT,BHB,E,NSG-5,SPJ,ECR,KHAGARIA,BIHAR,
1490,BARHARA KOTHI,BAKT,E,NSG-5,SPJ,ECR,PURNEA,BIHAR,
1491,CHAKIA,CAA,D,NSG-5,SPJ,ECR,E. CHAMPARAN,BIHAR,
1492,DAURAM MADHEPURA,DMH,D,NSG-5,SPJ,ECR,MADHEPURA,BIHAR,
1493,HARINAGAR,HIR,D,NSG-5,SPJ,ECR,W CHAMPARAN,BIHAR,
1494,HASANPUR ROAD,HPO,D,NSG-5,SPJ,ECR,SAMASTIPUR,BIHAR,
1495,JANAKPUR ROAD,JNR,D,NSG-5,SPJ,ECR,SITAMARHI,BIHAR,
1496,LAHERIASARAI,LSI,D,NSG-5,SPJ,ECR,DARBHANGA,BIHAR,
1497,RAMGARHWA,RGH,D,NSG-5,SPJ,ECR,MOTIHARI,BIHAR,
1498,SALAUNA,SLNA,D,NSG-5,SPJ,ECR,BEGUSARAI,BIHAR,
1499,SONBERSA KACCHERI,SBM,E,NSG-5,SPJ,ECR,SAHARSA,BIHAR,
1500,ADAPUR,ADX,E,NSG6,SPJ,ECR,PURBI CHAMPARAN,BIHAR,
1501,ANGAR GHAT,ARG,E,NSG6,SPJ,ECR,SAMASTIPUR,BIHAR,
1502,AURAHI F,AUI,E,NSG6,SPJ,ECR,PURNIA,BIHAR,
1503,AWAPUR F,AWPR,E,NSG6,SPJ,ECR,SITAMARHI,BIHAR,
1504,BAIJNATHPUR,BYP,E,NSG6,SPJ,ECR,SAHARSA,BIHAR,
1505,BAJPATTI,BJT,E,NSG6,SPJ,ECR,SITAMARHI,BIHAR,
1506,BARHARA KOTHI F,BAKT,E,NSG6,SPJ,ECR,MADHEPURA,BIHAR,
1507,BHAGWANPUR DESUA,BGDS,E,NSG6,SPJ,ECR,SAMASTIPUR,BIHAR,
1508,BHAGWANPURDESUA,BGDS,E,NSG6,SPJ,ECR,SAMASTIPUR,BIHAR,
1509,BHELWA,BLV,E,NSG6,SPJ,ECR,PURBI CHAMPARAN,BIHAR,
1510,BHITIHARWA ASHRAM F,BHWR,E,NSG6,SPJ,ECR,"PASHCHIM
CHAMPARAN",BIHAR,
1511,BIHAIROGANJ,BRU,E,NSG6,SPJ,ECR,"PASHCHIM
CHAMPARAN",BIHAR,
1512,BIHARIGANJ,BHGJ,E,NSG6,SPJ,ECR,MADHEPURA,BIHAR,
1513,BIRAUL,BIRL,E,NSG6,SPJ,ECR,DARBHANGA,BIHAR,
1514,BUDHMA,BDMA,E,NSG6,SPJ,ECR,MADHEPURA,BIHAR,
1515,BUDHMA,BDMA,E,NSG6,SPJ,ECR,MADHEPURA,BIHAR,
1516,CHAMUA F,CAMU,E,NSG6,SPJ,ECR,"PASHCHIM
CHAMPARAN",BIHAR,
1517,CHAURADANO,CAO,E,NSG6,SPJ,ECR,PURBI CHAMPARAN,BIHAR,
1518,CHIKNA F,CKNA,E,NSG6,SPJ,ECR,MADHUBANI,BIHAR,
1519,DHAMARA GHAT,DHT,E,NSG6,SPJ,ECR,KHAGARIA,BIHAR,
1520,DHANG,DAG,E,NSG6,SPJ,ECR,SITAMARHI,BIHAR,
1521,DHANG,DAG,E,NSG6,SPJ,ECR,SITAMARHI,BIHAR,
1522,DHARMINIYA HALT,DRQ,F,NSG6,SPJ,ECR,PURBI CHAMPARAN,BIHAR,
1523,DRSKSN GARHPURA,DSKG,E,NSG6,SPJ,ECR,SAMASTIPUR,BIHAR,
1524,DUMRA,DUMR,E,NSG6,SPJ,ECR,SITAMARHI,BIHAR,
1525,GARH BARUARI,GEB,E,NSG6,SPJ,ECR,SUPAUL,BIHAR,
1526,GARHA,GARA,E,NSG6,SPJ,ECR,SITAMARHI,BIHAR,
1527,GHOGARDIHA,GGH,E,NSG6,SPJ,ECR,MADHUBANI,BIHAR,
1528,GOKHULA,GKA,E,NSG6,SPJ,ECR,"PASHCHIM
CHAMPARAN",BIHAR,
1529,GURHANWA F,GRNA,E,NSG6,SPJ,ECR,PURBI CHAMPARAN,BIHAR,
1530,HAIAGHAT,HYT,D,NSG6,SPJ,ECR,DARBHANGA,BIHAR,
1531,HARNAGAR,HRGR,E,NSG6,SPJ,ECR,DARBHANGA,BIHAR,
1532,IMLI,IMLI,E,NSG6,SPJ,ECR,KHAGARIA,BIHAR,
1533,JAIMURTINAGAR F,JMM,E,NSG6,SPJ,ECR,PURBI CHAMPARAN,BIHAR,
1534,JANAKINAGAR,JNKR,E,NSG6,SPJ,ECR,PURNIA,BIHAR,
1535,JHANJHARPUR JN.,JJP,D,NSG6,SPJ,ECR,MADHUBANI,BIHAR,
1536,JIWDHARA,JDR,E,NSG6,SPJ,ECR,PURBI CHAMPARAN,BIHAR,
1537,JOGIARA,JGA,E,NSG6,SPJ,ECR,DARBHANGA,BIHAR,
1538,JUBBASAHANI,JUBS,E,NSG6,SPJ,ECR,MUZAFFARPUR,BIHAR,
1539,KAKARGHATTI,KKHT,E,NSG6,SPJ,ECR,DARBHANGA,BIHAR,
1540,KANTI,KTI,E,NSG6,SPJ,ECR,MUZAFFARPUR,BIHAR,
1541,KANTI,KTI,E,NSG6,SPJ,ECR,MUZAFFARPUR,BIHAR,
1542,KAPARPURA,KVC,E,NSG6,SPJ,ECR,MUZAFFARPUR,BIHAR,
1543,KHAJAULI,KJI,D,NSG6,SPJ,ECR,MADHUBANI,BIHAR,
1544,KHAJAULI,KJI,E,NSG6,SPJ,ECR,MADHUBANI,BIHAR,
1545,KHARPOKHRA,KPB,A,NSG6,SPJ,ECR,"PASHCHIM
CHAMPARAN",BIHAR,
1546,KIRTYANAND NAGAR,KTNR,A,NSG6,SPJ,ECR,PURNIA,BIHAR,
1547,KISHANPUR,KSP,E,NSG6,SPJ,ECR,SAMASTIPUR,BIHAR,
1548,KUMARBAGH,KUMB,E,NSG6,SPJ,ECR,"PASHCHIM
CHAMPARAN",BIHAR,
1549,KUMARBAGH,KUMB,E,NSG6,SPJ,ECR,W CHAMPARAN,BIHAR,
1550,KUNDWA CHAINPUR,KWC,E,NSG6,SPJ,ECR,PURBI CHAMPARAN,BIHAR,
1551,LALIT GRAM,LLP,D,NSG6,SPJ,ECR,SUPAUL,BIHAR,
1552,LOHNA ROAD,LNO,E,NSG6,SPJ,ECR,DARBHANGA,BIHAR,
1553,MAHWAL,MHL,E,NSG6,SPJ,ECR,MUZAFFARPUR,BIHAR,
1554,MAHWAL,MHL,E,NSG6,SPJ,ECR,MUZAFFARPUR,BIHAR,
1555,MAJHOWALIA,MJL,E,NSG6,SPJ,ECR,"PASHCHIM
CHAMPARAN",BIHAR,
1556,MANIGACHI,MGI,E,NSG6,SPJ,ECR,DARBHANGA,BIHAR,
1557,MARJADWA,MRJD,E,NSG6,SPJ,ECR,"PASHCHIM
CHAMPARAN",BIHAR,
1558,METHAI F,MEE,E,NSG6,SPJ,ECR,MADHEPURA,BIHAR,
1559,MOTIHARI COURT F,MCO,E,NSG6,SPJ,ECR,PURBI CHAMPARAN,BIHAR,
1560,MUKTAPUR,MKPR,E,NSG6,SPJ,ECR,SAMASTIPUR,BIHAR,
1561,MUKTAPUR,MKPR,E,NSG6,SPJ,ECR,SAMASTIPUR,BIHAR,
1562,MURAITHA HALT,MRTA,F,NSG6,SPJ,ECR,DARBHANGA,BIHAR,
1563,NAKARDEI,NKU,E,NSG6,SPJ,ECR,PURBI CHAMPARAN,BIHAR,
1564,NAYA NAGAR,NWC,E,NSG6,SPJ,ECR,SAMASTIPUR,BIHAR,
1565,NIRMALI,NMA,D,NSG6,SPJ,ECR,SUPAUL,BIHAR,
1566,OLAPUR,OLP,E,NSG6,SPJ,ECR,KHAGARIA,BIHAR,
1567,PACHPOKHARIA F,PPK,F,NSG6,SPJ,ECR,PURBI CHAMPARAN,BIHAR,
1568,PANCHGACHIA,PGC,E,NSG6,SPJ,ECR,SAHARSA,BIHAR,
1569,PANDAUL,PDW,E,NSG6,SPJ,ECR,MADHUBANI,BIHAR,
1570,PARAMJTARAJIVAR,PATR,E,NSG6,SPJ,ECR,MUZAFFARPUR,BIHAR,
1571,PARSAUNI,PSZ,E,NSG6,SPJ,ECR,SITAMARHI,BIHAR,
1572,PIPRA,PPA,E,NSG6,SPJ,ECR,PURBI CHAMPARAN,BIHAR,
1573,PIPRAHAN,PPRH,F,NSG6,SPJ,ECR,MUZAFFARPUR,BIHAR,
1574,PRATAPGANJ,PPV,E,NSG6,SPJ,ECR,SUPAUL,BIHAR,
1575,PURNEA COURT,PRNC,E,NSG6,SPJ,ECR,PURNIA,BIHAR,
1576,PURNEA COURT,PRNC,E,NSG6,SPJ,ECR,PURNEA,BIHAR,
1577,RAGHOPUR,RGV,D,NSG6,SPJ,ECR,SUPAUL,BIHAR,
1578,RAGHUBANS NAGAR F,RBN,E,NSG6,SPJ,ECR,MADHEPURA,BIHAR,
1579,RAMBHADDARPUR,RBZ,E,NSG6,SPJ,ECR,SAMASTIPUR,BIHAR,
1580,RIGA,RIGA,E,NSG6,SPJ,ECR,SITAMARHI,BIHAR,
1581,RIGA,RIGA,E,NSG6,SPJ,ECR,SITAMARHI,BIHAR,
1582,RUNNISAID PUR,RUSD,E,NSG6,SPJ,ECR,SITAMARHI,BIHAR,
1583,SARAYGARH,SRGR,E,NSG6,SPJ,ECR,SUPAUL,BIHAR,
1584,SARSI,SRSI,E,NSG6,SPJ,ECR,PURNIA,BIHAR,
1585,SARSI,SRSI,E,NSG6,SPJ,ECR,PURNEA,BIHAR,
1586,SATHI,SAHI,E,NSG6,SPJ,ECR,"PASHCHIM
CHAMPARAN",BIHAR,
1587,SEMRA,SRA,E,NSG6,SPJ,ECR,PURBI CHAMPARAN,BIHAR,
1588,SIKTA,STF,E,NSG6,SPJ,ECR,"PASHCHIM
CHAMPARAN",BIHAR,
1589,SINGHIAGHAT,NRN,E,NSG6,SPJ,ECR,SAMASTIPUR,BIHAR,
1590,SONMA PRANPUR F,SOPR,E,NSG6,SPJ,ECR,BEGUSARAI,BIHAR,
1591,TAMURIA,TMA,E,NSG6,SPJ,ECR,MADHUBANI,BIHAR,
1592,TARSARAI,TRS,E,NSG6,SPJ,ECR,DARBHANGA,BIHAR,
1593,TARSARAI,TRS,E,NSG6,SPJ,ECR,DARBHANGA,BIHAR,
1594,TEKTAR F,TQR,E,NSG6,SPJ,ECR,ARARIA,BIHAR,
1595,THALWARA,TLWA,E,NSG6,SPJ,ECR,DARBHANGA,BIHAR,
1596,THARBITIA,TB,E,NSG6,SPJ,ECR,SUPAUL,BIHAR,
1597,VALMIKINAGAR ROAD,VKNR,E,NSG6,SPJ,ECR,"PASHCHIM
CHAMPARAN",BIHAR,
1598,VINAEKMA HALT,BNKM,E,NSG6,SPJ,ECR,SUPAUL,BIHAR,
1599,JAMURIA,JMA,F,HG2,ASN,ER,"PASCHIM
BARDHAMAN",WEST BENGAL,23.7138435/87.071532
1600,JORAMOW,JRW,F,HG2,ASN,ER,DEOGHAR,JHARKHAND,
1601,KACHUJOR,KOX,F,HG2,ASN,ER,BIRBHUM,WEST BENGAL,23.8426777354/87.4650456
1602,KASEETANR HALT,KEE,F,HG2,ASN,ER,JAMTARA,JHARKHAND,
1603,KRISHNA BALLAH SAHAY,KBSH,F,HG2,ASN,ER,GIRIDIH,JHARKHAND,
1604,NARGANJO HALT,NRGO,F,HG2,ASN,ER,JAMUI,BIHAR,
1605,RAJLA,RJLA,F,HG2,ASN,ER,JAMUI,BIHAR,
1606,SATSANGNAGAR,SSNR,F,HG2,ASN,ER,DEOGHAR,JHARKHAND,
1607,SIDULI,SXD,F,HG2,ASN,ER,"PASCHIM
BARDHAMAN",WEST BENGAL,23.6493523213/87.2123263229
1608,TALWA BAZAR,TLB,F,HG2,ASN,ER,JAMUI,BIHAR,
1609,ARJUN NAGAR,ANMP,HALT,HG3,ASN,ER,DEOGHAR,JHARKHAND,
1610,BHALUA,BHAU,F,HG3,ASN,ER,BANKA,BIHAR,
1611,CHANDANPAHARI,CNPI,F,HG3,ASN,ER,DUMKA,JHARKHAND,
1612,CHINCHURIYA,CCR,F,HG3,ASN,ER,"PASCHIM
BARDHAMAN",WEST BENGAL,23.740218/86.9719497
1613,DHANPATDIH,DPDH,F,HG3,ASN,ER,DUMKA,JHARKHAND,
1614,ISHAN CHANDI HALT,INCI,F,HG3,ASN,ER,PURBA BARDHAMAN,WEST BENGAL,23.3336497763/87.7396679724
1615,JAMA,JAMA,F,HG3,ASN,ER,DUMKA,JHARKHAND,
1616,KAKBARA,KKBA,F,HG3,ASN,ER,BANKA,BIHAR,
1617,LKRA JN.,IKRA,F,HG3,ASN,ER,"PASCHIM
BARDHAMAN",WEST BENGAL,23.6962789/87.114222
1618,MAHISHADAHARI,MWZ,F,HG3,ASN,ER,BIRBHUM,WEST BENGAL,23.916311/87.649654
1619,MOHANPUR,MHUR,F,HG3,ASN,ER,DEOGHAR,JHARKHAND,
1620,NEW MADANPUR,MPUR,F,HG3,ASN,ER,DUMKA,JHARKHAND,
1621,NEW NAWADIH,NNWH,F,HG3,ASN,ER,DEOGHAR,JHARKHAND,
1622,SIRSA NUNTHAR HALT,SSNT,HA,HG3,ASN,ER,DEOGHAR,JHARKHAND,
1623,TP NO. 6/3(SUGA,SGPA,F,HG3,ASN,ER,DEOGHAR,JHARKHAND,
1624,TP NO. 7/11 (SUGAPAH,SAPT,F,HG3,ASN,ER,DEOGHAR,JHARKHAND,
1625,BAKHTARNAGAR,BQT,NA,"Not a
passenger
station",ASN,ER,"PASCHIM
BARDHAMAN",WEST BENGAL,23.589472222222/87.156416666667
1626,CHURULIA,CRA,F,"Not a
passenger
station",ASN,ER,"PASCHIM
BARDHAMAN",WEST BENGAL,
1627,GOURANDI,GNI,F,"Not a
passenger
station",ASN,ER,"PASCHIM
BARDHAMAN",WEST BENGAL,
1628,GHORPARAN,GHN,E,"Not open for
passenger
service",ASN,ER,JAMUI,BIHAR,
1629,PINJRAPOL BH,POL,NA,"Not open for
passenger
service",ASN,ER,"PASCHIM
BARDHAMAN",WEST BENGAL,23.549642/87.232307
1630,TULSITANR H,TTN,HA,"Not open for
passenger
service",ASN,ER,DEOGHAR,JHARKHAND,
1631,HINDUSTAN CABLE FY.,HCF,NA,"Not open for
Passenger
service. It was
a pvt siding",ASN,ER,"PASCHIM
BARDHAMAN",WEST BENGAL,
1632,ASANSOL JN.,ASN,A,NSG2,ASN,ER,"PASCHIM
BARDHAMAN",WEST BENGAL,23.69131/86.974792
1633,DURGAPUR,DGR,A,NSG3,ASN,ER,"PASCHIM
BARDHAMAN",WEST BENGAL,23.4953/87.3174
1634,JASIDIH JN.,JSME,A,NSG3,ASN,ER,DEOGHAR,JHARKHAND,
1635,ANDAL JN.,UDL,D,NSG4,ASN,ER,"PASCHIM
BARDHAMAN",WEST BENGAL,23.579012/87.181194
1636,BAIDYANATHDHAM,BDME,B,NSG4,ASN,ER,DEOGHAR,JHARKHAND,
1637,BASUKINATH,BSKH,E,NSG4,ASN,ER,DUMKA,JHARKHAND,
1638,DEOGHAR,DGHR,E,NSG4,ASN,ER,DEOGHAR,JHARKHAND,
1639,MADHUPUR JN.,MDP,A,NSG4,ASN,ER,DEOGHAR,JHARKHAND,
1640,RANIGANJ,RNG,B,NSG4,ASN,ER,"PASCHIM
BARDHAMAN",WEST BENGAL,23.6037/87.1174
1641,BARAKAR,BRR,D,NSG5,ASN,ER,"PASCHIM
BARDHAMAN",WEST BENGAL,23.7416829/86.818859
1642,CHITTARANJAN,CRJ,B,NSG5,ASN,ER,JAMTARA,JHARKHAND,
1643,DUMKA,DUMK,E,NSG5,ASN,ER,DUMKA,JHARKHAND,
1644,GIRIDIH,GRD,D,NSG5,ASN,ER,GIRIDIH,JHARKHAND,
1645,JAMTARA,JMT,D,NSG5,ASN,ER,JAMTARA,JHARKHAND,
1646,KULTI,ULT,D,NSG5,ASN,ER,"PASCHIM
BARDHAMAN",WEST BENGAL,23.737816/86.84887
1647,KUMARDUBI,KMME,D,NSG5,ASN,ER,DHANBAD,JHARKHAND,
1648,MANKAR,MNAE,D,NSG5,ASN,ER,PURBA BARDHAMAN,WEST BENGAL,23.420373/87.555822
1649,PANAGARH,PAN,B,NSG5,ASN,ER,"PASCHIM
BARDHAMAN",WEST BENGAL,23.443034/87.439587
1650,PANDABESWAR,PAW,D,NSG5,ASN,ER,"PASCHIM
BARDHAMAN",WEST BENGAL,23.711965/87.277416
1651,SIMULTALA,STL,D,NSG5,ASN,ER,JAMUI,BIHAR,
1652,SITARAMPUR,STN,D,NSG5,ASN,ER,"PASCHIM
BARDHAMAN",WEST BENGAL,23.723864/86.896472
1653,SIURI,SURI,D,NSG5,ASN,ER,BIRBHUM,WEST BENGAL,23.890185/87.5327
1654,UKHRA,UKA,E,NSG5,ASN,ER,"PASCHIM
BARDHAMAN",WEST BENGAL,23.653692/87.232537
1655,VIDYASAGAR,VDS,D,NSG5,ASN,ER,JAMTARA,JHARKHAND,
1656,BARABANI,BBI,E,NSG6,ASN,ER,"PASCHIM
BARDHAMAN",WEST BENGAL,23.7424743/87.0180702
1657,BARACHAK,BCQ,E,NSG6,ASN,ER,"PASCHIM
BARDHAMAN",WEST BENGAL,23.706944/86.928611
1658,BHIMGARA JN.,BMGA,E,NSG6,ASN,ER,BIRBHUM,WEST BENGAL,23.73804814/87.28427905
1659,CHANDAN,CNDN,E,NSG6,ASN,ER,BANKA,BIHAR,
1660,CHHOTA AMBANA,CAM,E,NSG6,ASN,ER,DHANBAD,JHARKHAND,
1661,CHINPAI,CPLE,E,NSG6,ASN,ER,BIRBHUM,WEST BENGAL,23.8251766/87.4326918
1662,DUBRAJPUR,DUJ,E,NSG6,ASN,ER,BIRBHUM,WEST BENGAL,23.803358/87.378973
1663,GALSI,GLI,E,NSG6,ASN,ER,PURBA BARDHAMAN,WEST BENGAL,23.358032/87.681236
1664,GHORMARA,GRMA,E,NSG6,ASN,ER,DEOGHAR,JHARKHAND,
1665,JAGADISHPUR,JGD,E,NSG6,ASN,ER,DEOGHAR,JHARKHAND,
1666,KAJORAGRAM,KJME,E,NSG6,ASN,ER,"PASCHIM
BARDHAMAN",WEST BENGAL,23.615327/87.184665
1667,KALIPAHARI,KPK,E,NSG6,ASN,ER,"PASCHIM
BARDHAMAN",WEST BENGAL,23.6648496/87.0162555
1668,KALUBATHAN,KAO,E,NSG6,ASN,ER,DHANBAD,JHARKHAND,
1669,KARJHAUSA,KARJ,E,NSG6,ASN,ER,BANKA,BIHAR,
1670,KATORIYA,KTOR,E,NSG6,ASN,ER,BANKA,BIHAR,
1671,KUMRABAD ROHINI,KBQ,E,NSG6,ASN,ER,DEOGHAR,JHARKHAND,
1672,KUNURI,KNRI,E,NSG6,ASN,ER,BIRBHUM,WEST BENGAL,23.9163057543/87.6115177704
1673,LAHABON,LHB,E,NSG6,ASN,ER,JAMUI,BIHAR,
1674,MADANKATA H,MNC,E,NSG6,ASN,ER,DEOGHAR,JHARKHAND,
1675,MAHESHAMUNDA,MMD,E,NSG6,ASN,ER,GIRIDIH,JHARKHAND,
1676,MATHURAPUR,MUW,E,NSG6,ASN,ER,DEOGHAR,JHARKHAND,
1677,MUGMA,MMU,E,NSG6,ASN,ER,DHANBAD,JHARKHAND,
1678,PANCHRA,PCR,E,NSG6,ASN,ER,BIRBHUM,WEST BENGAL,23.77199/87.330151
1679,PARAJ,PAJ,E,NSG6,ASN,ER,PURBA BARDHAMAN,WEST BENGAL,23.387863/87.627505
1680,RAJBANDH,RBH,E,NSG6,ASN,ER,"PASCHIM
BARDHAMAN",WEST BENGAL,23.476136/87.372314
1681,RUPNARAYANPUR,RNPR,E,NSG6,ASN,ER,"PASCHIM
BARDHAMAN",WEST BENGAL,23.818703/86.885481
1682,SALANPUR,SLS,E,NSG6,ASN,ER,"PASCHIM
BARDHAMAN",WEST BENGAL,23.760355/86.876395
1683,SANKARPUR,SNQ,E,NSG6,ASN,ER,DEOGHAR,JHARKHAND,
1684,SONACHARA,SSCR,E,NSG6,ASN,ER,"PASCHIM
BARDHAMAN",WEST BENGAL,23.633886/87.147887
1685,TAPASI,TOP,E,NSG6,ASN,ER,"PASCHIM
BARDHAMAN",WEST BENGAL,23.6655241/87.1284505
1686,THAPARNAGAR,TNW,E,NSG6,ASN,ER,DHANBAD,JHARKHAND,
1687,WARIA,OYR,E,NSG6,ASN,ER,"PASCHIM
BARDHAMAN",WEST BENGAL,23.537562/87.246177
1688,BISNUPRIYA HALT,VSPR,F,HG1,HWH,ER,NADIA,WEST BENGAL,23.414126970945/88.355484008789
1689,DHANIAKHALI HALT,DNHL,F,HG1,HWH,ER,HOOGHLY,WEST BENGAL,22.95019/88.143651
1690,MALIYA HALT,MLYA,F,HG1,HWH,ER,HOOGHLY,WEST BENGAL,22.831668/88.136281
1691,MERTALA PHALEYA HALT,MTFA,F,HG1,HWH,ER,PURBA BARDHAMAN,WEST BENGAL,23.479666/88.319686
1692,RAJCHANDRAPUR,RCD,F,HG1,HWH,ER,HOWRAH,WEST BENGAL,22.6528512/88.3210471
1693,AMARUN,ARNB,F,HG2,HWH,ER,PURBA BARDHAMAN,WEST BENGAL,23.3695125/87.9094514
1694,MIAGRAM HALT,MIAN,F,HG2,HWH,ER,MURSHIDABAD,WEST BENGAL,23.853212/88.17146
1695,NIMO HALT,NMF,F,HG2,HWH,ER,PURBA BARDHAMAN,WEST BENGAL,23.180298/88.069346
1696,SHIBLUN H,SHBL,F,HG2,HWH,ER,PURBA BARDHAMAN,WEST BENGAL,23.692561/88.082999
1697,TAKIPUR HALT,TKPH,F,HG2,HWH,ER,HOOGHLY,WEST BENGAL,
1698,TALPUR HALT,TLPH,F,HG2,HWH,ER,HOOGHLY,WEST BENGAL,22.8748988/87.9744413
1699,ADALPAHARI,ALPD,F,HG3,HWH,ER,BIRBHUM,WEST BENGAL,24.208218/87.709578
1700,AMBALGRAM,ABGM,F,HG3,HWH,ER,PURBA BARDHAMAN,WEST BENGAL,23.6929214/88.0790475
1701,BHATAR H,BTRH,F,HG3,HWH,ER,PURBA BARDHAMAN,WEST BENGAL,23.406376/87.9248312
1702,BIRSHAMUNDA HALT,BSMH,F,HG3,HWH,ER,BANKURA,WEST BENGAL,23.0459911/87.3638037
1703,CHAMARDIGHI,CMDG,F,HG3,HWH,ER,PURBA BARDHAMAN,WEST BENGAL,23.3336214/87.8897774
1704,CHANCHAI H,CHC,F,HG3,HWH,ER,PURBA BARDHAMAN,WEST BENGAL,23.157905/88.025521
1705,DAHAPARA DHAM,DHPD,F,HG3,HWH,ER,MURSHIDABAD,WEST BENGAL,24.195866/88.246087
1706,DASKALGRAM,DLM,F,HG3,HWH,ER,BIRBHUM,WEST BENGAL,23.7510212/87.9272834
1707,GOGHAT,GOGT,F,HG3,HWH,ER,HOOGHLY,WEST BENGAL,22.8984689/87.7079076
1708,GOPALPURGRAM,GPLG,F,HG3,HWH,ER,BIRBHUM,WEST BENGAL,23.8202415/87.7800657
1709,ISLAMPARA HALT,IPRA,F,HG3,HWH,ER,HOOGHLY,WEST BENGAL,
1710,JIBANTI HALT,JVT,F,HG3,HWH,ER,MURSHIDABAD,WEST BENGAL,24.080517/88.192446
1711,KAICHAR,KCY,F,HG3,HWH,ER,PURBA BARDHAMAN,WEST BENGAL,23.5375649/88.011826
1712,KAMNARA,KMRA,F,HG3,HWH,ER,PURBA BARDHAMAN,WEST BENGAL,23.2991248/87.8802797
1713,KANTHALIA ROAD HALT,KTLR,F,HG3,HWH,ER,MURSHIDABAD,WEST BENGAL,23.991771/88.179001
1714,KARJANAGRAM,KJRM,F,HG3,HWH,ER,PURBA BARDHAMAN,WEST BENGAL,23.3529188/87.8939429
1715,KAZIPARA HALT,KZPE,F,HG3,HWH,ER,MURSHIDABAD,WEST BENGAL,
1716,KHETIA,KSHT,F,HG3,HWH,ER,PURBA BARDHAMAN,WEST BENGAL,23.3128679/87.8847188
1717,KOMARPUR,KMPR,F,HG3,HWH,ER,BIRBHUM,WEST BENGAL,23.7344013/87.9969585
1718,KURMADANGA H,KMDC,F,HG3,HWH,ER,BIRBHUM,WEST BENGAL,23.7453198/87.9473001
1719,KURVA,KURV,F,HG3,HWH,ER,DUMKA,JHARKHAND,
1720,NABAGRAM KANKURHATI,NBKH,F,HG3,HWH,ER,PURBA BARDHAMAN,WEST BENGAL,23.661572/88.10026
1721,NANDAIGRAM,NDIM,F,HG3,HWH,ER,PURBA BARDHAMAN,WEST BENGAL,23.3115480071/88.3170618604
1722,NIROL F,NXL,F,HG3,HWH,ER,PURBA BARDHAMAN,WEST BENGAL,23.7314438/88.0159023
1723,NIYALISH PARA,NLSF,F,HG3,HWH,ER,MURSHIDABAD,WEST BENGAL,24.1253994/88.2363439
1724,SAHEBTALA HALT,SHBA,F,HG3,HWH,ER,PURBA BARDHAMAN,WEST BENGAL,23.591585/88.200996
1725,SAOTA,SOF,F,HG3,HWH,ER,BIRBHUM,WEST BENGAL,23.4883896/87.9774454
1726,SHRIKHANDA,SIZ,F,HG3,HWH,ER,PURBA BARDHAMAN,WEST BENGAL,23.5995035/88.0653334
1727,BHADRESHWAR GHAT,BHAE,NA,"Not a
passenger
station",HWH,ER,HOOGHLY,WEST BENGAL,
1728,BHATTANAGAR,BTNG,NA,"Not a
passenger
station",HWH,ER,HOWRAH,WEST BENGAL,22.6336144/88.3054876
1729,RAMKISTOPORE,RKAE,NA,"Not passenger
station",HWH,ER,HOWRAH,WEST BENGAL,
1730,HOWRAH,HWH,A1,NSG1,HWH,ER,HOWRAH,WEST BENGAL,22.5828709/88.3428112
1731,BARDDHAMAN,BWN,A,NSG2,HWH,ER,PURBA BARDHAMAN,WEST BENGAL,23.249718/87.870281
1732,BANDEL JN.,BDC,A,NSG3,HWH,ER,HOOGHLY,WEST BENGAL,22.9236198/88.3783305
1733,RAMPUR HAT,RPH,A,NSG3,HWH,ER,BIRBHUM,WEST BENGAL,24.179797/87.782147
1734,BOLPUR SHANTINIKETAN,BHP,B,NSG4,HWH,ER,BIRBHUM,WEST BENGAL,23.657804/87.698136
1735,AHAMADPUR JN.,AMP,D,NSG5,HWH,ER,BIRBHUM,WEST BENGAL,23.8325090573/87.6928410938
1736,AZIMGANJ,AZ,D,NSG5,HWH,ER,MURSHIDABAD,WEST BENGAL,24.2307743/88.2594677
1737,BAZARSAU,BZLE,E,NSG5,HWH,ER,MURSHIDABAD,WEST BENGAL,23.8757926/88.1828793
1738,GUSKARA,GKH,D,NSG5,HWH,ER,PURBA BARDHAMAN,WEST BENGAL,23.489998/87.733397
1739,KHAGRAGHAT ROAD,KGLE,D,NSG5,HWH,ER,MURSHIDABAD,WEST BENGAL,24.106842/88.226481
1740,MALLARPUR,MLV,D,NSG5,HWH,ER,BIRBHUM,WEST BENGAL,24.080029/87.726275
1741,MORGRAM,MGAE,E,NSG5,HWH,ER,MURSHIDABAD,WEST BENGAL,24.304919/88.018413
1742,MURARAI,MRR,D,NSG5,HWH,ER,BIRBHUM,WEST BENGAL,24.440886/87.858653
1743,NALHATI JN.,NHT,D,NSG5,HWH,ER,BIRBHUM,WEST BENGAL,24.295706/87.83867
1744,PAKUR,PKR,B,NSG5,HWH,ER,PAKUR,JHARKHAND,
1745,RAJGRAM,RJG,D,NSG5,HWH,ER,BIRBHUM,WEST BENGAL,24.545/87.86777778
1746,SAGARDIGHI,SDI,D,NSG5,HWH,ER,MURSHIDABAD,WEST BENGAL,24.2907409/88.0692814
1747,SAINTHIA JN,SNT,D,NSG5,HWH,ER,BIRBHUM,WEST BENGAL,23.949741/87.681205
1748,SALAR,SALE,D,NSG5,HWH,ER,MURSHIDABAD,WEST BENGAL,23.774579/88.111097
1749,AZIMGANJ CITY,ACLE,E,NSG6,HWH,ER,MURSHIDABAD,WEST BENGAL,24.2394685/88.2516074
1750,BANPAS,BPS,E,NSG6,HWH,ER,PURBA BARDHAMAN,WEST BENGAL,23.40073073/87.74725107
1751,BANSHLAI BRIDGE,BSBR,E,NSG6,HWH,ER,BIRBHUM,WEST BENGAL,24.502611/87.862439
1752,BARALA,BAA,E,NSG6,HWH,ER,MURSHIDABAD,WEST BENGAL,24.2669157/88.160003
1753,BARMASIA,BRMA,E,NSG6,HWH,ER,DUMKA,JHARKHAND,
1754,BATASPUR,BSLE,E,NSG6,HWH,ER,BIRBHUM,WEST BENGAL,23.8802785594/87.6806814746
1755,BHEDIA,BDH,E,NSG6,HWH,ER,PURBA BARDHAMAN,WEST BENGAL,23.586642/87.711813
1756,CHATRA,CTR,E,NSG6,HWH,ER,BIRBHUM,WEST BENGAL,24.372778/87.848889
1757,CHOWHATTA,CWT,E,NSG6,HWH,ER,BIRBHUM,WEST BENGAL,23.825117/87.7507076
1758,CHOWRIGACHA,CWLE,E,NSG6,HWH,ER,MURSHIDABAD,WEST BENGAL,23.942472/88.186451
1759,GADADHARPUR,GHLE,E,NSG6,HWH,ER,BIRBHUM,WEST BENGAL,24.013197/87.691891
1760,GANGATIKURI,GGLE,E,NSG6,HWH,ER,PURBA BARDHAMAN,WEST BENGAL,23.71822/88.087286
1761,GOSAINGRAM,GSGB,F,NSG6,HWH,ER,MURSHIDABAD,WEST BENGAL,24.248003/88.211777
1762,GUMANI,GMAN,E,NSG6,HWH,ER,PAKUR,JHARKHAND,
1763,HARINSING,HRNS,E,NSG6,HWH,ER,DUMKA,JHARKHAND,
1764,JHAMATPUR BAHARAN,JHBN,E,NSG6,HWH,ER,PURBA BARDHAMAN,WEST BENGAL,23.749987/88.098669
1765,JHAPATER DHAL,JTL,E,NSG6,HWH,ER,PURBA BARDHAMAN,WEST BENGAL,23.367646/87.750181
1766,JNANDAS KANDRA,GNND,E,NSG6,HWH,ER,BIRBHUM,WEST BENGAL,23.7392708/87.9690823
1767,KARNA SUBARNA,KNSN,E,NSG6,HWH,ER,MURSHIDABAD,WEST BENGAL,24.035537/88.176458
1768,KHANA JN.,KAN,E,NSG6,HWH,ER,PURBA BARDHAMAN,WEST BENGAL,23.32091/87.769989
1769,KIRNAHAR,KNHR,E,NSG6,HWH,ER,BIRBHUM,WEST BENGAL,23.7641617/87.8793275
1770,KOPAI,KPLE,E,NSG6,HWH,ER,BIRBHUM,WEST BENGAL,23.759063/87.689548
1771,KOTALPUKUR,KLP,E,NSG6,HWH,ER,PAKUR,JHARKHAND,
1772,LABPUR,LBP,E,NSG6,HWH,ER,BIRBHUM,WEST BENGAL,23.8126446/87.8060067
1773,LALBAGH COURT ROAD,LCAE,E,NSG6,HWH,ER,MURSHIDABAD,WEST BENGAL,24.173693/88.246307
1774,LOHAPUR,LAP,E,NSG6,HWH,ER,BIRBHUM,WEST BENGAL,24.302357/87.963719
1775,MALIHATI TALIBPUR RO,MHTR,E,NSG6,HWH,ER,MURSHIDABAD,WEST BENGAL,23.79372/88.126194
1776,NAGARNABI,NGF,E,NSG6,HWH,ER,PAKUR,JHARKHAND,
1777,NOADAR DHAL,NRX,E,NSG6,HWH,ER,PURBA BARDHAMAN,WEST BENGAL,23.433927/87.745014
1778,PACHANDI,PNDI,F,NSG6,HWH,ER,PURBA BARDHAMAN,WEST BENGAL,23.7221645/88.0508414
1779,PICHKURIR DHAL,PCQ,E,NSG6,HWH,ER,PURBA BARDHAMAN,WEST BENGAL,23.54342/87.720914
1780,PINARGARIA,PRGR,E,NSG6,HWH,ER,DUMKA,JHARKHAND,24.211048/87.642332
1781,PRANTIK,PNE,E,NSG6,HWH,ER,BIRBHUM,WEST BENGAL,23.694435/87.693501
1782,SIKARIPARA,SKIP,E,NSG6,HWH,ER,DUMKA,JHARKHAND,
1783,SWADINPUR,SDLE,E,NSG6,HWH,ER,BIRBHUM,WEST BENGAL,24.253478/87.822587
1784,TAKIPUR,TKP,E,NSG6,HWH,ER,BIRBHUM,WEST BENGAL,24.303242/87.920594
1785,TALIT,TIT,E,NSG6,HWH,ER,PURBA BARDHAMAN,WEST BENGAL,23.29331/87.819122
1786,TARAPITH ROAD,TPF,E,NSG6,HWH,ER,BIRBHUM,WEST BENGAL,24.1265252897/87.7522050836
1787,TENYA,TYAE,E,NSG6,HWH,ER,MURSHIDABAD,WEST BENGAL,23.822157/88.148864
1788,TILBHITA,TBB,E,NSG6,HWH,ER,PAKUR,JHARKHAND,
1789,KONNAGAR,KOG,C,SG2,HWH,ER,HOOGHLY,WEST BENGAL,22.70126/88.3425107
1790,RISHRA,RIS,C,SG2,HWH,ER,HOOGHLY,WEST BENGAL,22.7261414/88.343487
1791,SHEORAPHULLY JN.,SHE,C,SG2,HWH,ER,HOOGHLY,WEST BENGAL,22.7748/88.3284
1792,SHRIRAMPUR,SRP,C,SG2,HWH,ER,HOOGHLY,WEST BENGAL,22.754097/88.338624
1793,ADI SAPTAGRAM,ADST,C,SG3,HWH,ER,HOOGHLY,WEST BENGAL,22.95447/88.378872
1794,AGRADWIP,AGAE,C,SG3,HWH,ER,PURBA BARDHAMAN,WEST BENGAL,23.58096/88.226117
1795,AMBIKA KALNA,ABKA,C,SG3,HWH,ER,PURBA BARDHAMAN,WEST BENGAL,23.211377/88.353984
1796,ARAMBAG,AMBG,C,SG3,HWH,ER,HOOGHLY,WEST BENGAL,22.8874658/87.7921651
1797,BAGHNAPARA,BGRA,C,SG3,HWH,ER,PURBA BARDHAMAN,WEST BENGAL,23.242082/88.329724
1798,BAGILA,BGF,C,SG3,HWH,ER,PURBA BARDHAMAN,WEST BENGAL,23.16014581/88.12200441
1799,BAHIR KHANDA,BAHW,C,SG3,HWH,ER,HOOGHLY,WEST BENGAL,22.851949/88.071068
1800,BAIDYABATI,BBAE,C,SG3,HWH,ER,HOOGHLY,WEST BENGAL,22.79549199/88.33203765
1801,BAINCHI,BOI,C,SG3,HWH,ER,HOOGHLY,WEST BENGAL,23.1191243/88.196286
1802,BAINCHIGRAM,BCGM,C,SG3,HWH,ER,HOOGHLY,WEST BENGAL,23.10588031/88.21629817
1803,BALAGARH,BGAE,C,SG3,HWH,ER,HOOGHLY,WEST BENGAL,23.1215453/88.4525522
1804,BALARAMBATI,BLAE,C,SG3,HWH,ER,HOOGHLY,WEST BENGAL,22.8080526/88.2116836
1805,BALGONA,BGNA,C,SG3,HWH,ER,PURBA BARDHAMAN,WEST BENGAL,23.458049719227/87.950456449762
1806,BALLY,BLY,C,SG3,HWH,ER,HOWRAH,WEST BENGAL,22.6550777/88.3404293
1807,BANKAPASI F,BCF,F,SG3,HWH,ER,PURBA BARDHAMAN,WEST BENGAL,23.5704001/88.0372191
1808,BANSH BARIA,BSAE,C,SG3,HWH,ER,HOOGHLY,WEST BENGAL,22.957288/88.395641
1809,BARUI PARA,BRPA,C,SG3,HWH,ER,HOOGHLY,WEST BENGAL,22.7668969/88.2370465
1810,BEGAMPUR,BPAE,C,SG3,HWH,ER,HOOGHLY,WEST BENGAL,22.737627/88.255644
1811,BEHULA,BHLA,C,SG3,HWH,ER,HOOGHLY,WEST BENGAL,23.1819674/88.4287921
1812,BELANAGAR,BZL,C,SG3,HWH,ER,HOWRAH,WEST BENGAL,22.6612065/88.3170935
1813,BELERHAT,BQY,C,SG3,HWH,ER,PURBA BARDHAMAN,WEST BENGAL,23.51930706/88.28291748
1814,BELMURI,BMAE,C,SG3,HWH,ER,HOOGHLY,WEST BENGAL,22.93272742/88.15233111
1815,BELUR,BEQ,C,SG3,HWH,ER,HOWRAH,WEST BENGAL,22.6357323/88.3398223
1816,BELUR MATH,BRMH,C,SG3,HWH,ER,HOWRAH,WEST BENGAL,22.631072/88.351431
1817,BHADRESHWAR,BHR,C,SG3,HWH,ER,HOOGHLY,WEST BENGAL,22.8279397/88.34153486
1818,BHANDARTIKURI,BFZ,C,SG3,HWH,ER,PURBA BARDHAMAN,WEST BENGAL,23.43319157/88.32981731
1819,CHANDAN NAGAR,CGR,C,SG3,HWH,ER,HOOGHLY,WEST BENGAL,22.86747/88.354421
1820,CHANDANPUR,CDAE,C,SG3,HWH,ER,HOOGHLY,WEST BENGAL,22.8813/88.176177
1821,CHUCHURA,CNS,C,SG3,HWH,ER,HOOGHLY,WEST BENGAL,22.890191/88.3695
1822,DAINHAT,DHAE,C,SG3,HWH,ER,PURBA BARDHAMAN,WEST BENGAL,23.60191/88.170269
1823,DANKUNI,DKAE,C,SG3,HWH,ER,HOOGHLY,WEST BENGAL,22.6783/88.2908
1824,DEBIPUR,DBP,C,SG3,HWH,ER,PURBA BARDHAMAN,WEST BENGAL,23.1446129567/88.1559976581
1825,DHATRIGRAM,DTAE,C,SG3,HWH,ER,PURBA BARDHAMAN,WEST BENGAL,23.277796/88.311822
1826,DIARA,DEA,C,SG3,HWH,ER,HOOGHLY,WEST BENGAL,22.798157/88.280471
1827,DUMURDAHA,DMLE,C,SG3,HWH,ER,HOOGHLY,WEST BENGAL,23.040053/88.432662
1828,GANGPUR,GRP,C,SG3,HWH,ER,PURBA BARDHAMAN,WEST BENGAL,23.223525/87.928116
1829,GARIFA,GFAE,C,SG3,HWH,ER,"24 PARAGANAS
NORTH",WEST BENGAL,22.9084986/88.4114952
1830,GOBRA,GBRA,C,SG3,HWH,ER,HOOGHLY,WEST BENGAL,22.695504/88.279274
1831,GOKULNAGAR JOYPUR,GNJP,C,SG3,HWH,ER,BANKURA,WEST BENGAL,23.0403492/87.4560964
1832,GUPTIPARA,GPAE,C,SG3,HWH,ER,HOOGHLY,WEST BENGAL,23.197355/88.4178
1833,GURAP,GRAE,C,SG3,HWH,ER,HOOGHLY,WEST BENGAL,23.02534/88.112282
1834,HAJIGARH,HIH,C,SG3,HWH,ER,HOOGHLY,WEST BENGAL,23.007032/88.121403
1835,HARIPAL,HPL,C,SG3,HWH,ER,HOOGHLY,WEST BENGAL,22.8311582/88.11853982
1836,HIND MOTOR,HMZ,C,SG3,HWH,ER,HOOGHLY,WEST BENGAL,22.6836507/88.3417989
1837,HOOGHLY,HGY,C,SG3,HWH,ER,HOOGHLY,WEST BENGAL,22.9048/88.3759
1838,HOOGHLY GHAT,HYG,C,SG3,HWH,ER,HOOGHLY,WEST BENGAL,22.9049/88.3965
1839,JANAI ROAD,JOX,C,SG3,HWH,ER,HOOGHLY,WEST BENGAL,22.7206/88.2658
1840,JAUGRAM,JRAE,C,SG3,HWH,ER,PURBA BARDHAMAN,WEST BENGAL,23.078737/88.080887
1841,JHAPANDANGA,JPQ,C,SG3,HWH,ER,PURBA BARDHAMAN,WEST BENGAL,23.064129/88.091187
1842,JIRAT,JIT,C,SG3,HWH,ER,HOOGHLY,WEST BENGAL,23.098255/88.461461
1843,KAIKALA,KKAE,C,SG3,HWH,ER,HOOGHLY,WEST BENGAL,22.83998676/88.09337895
1844,KALINAGAR,KLNT,C,SG3,HWH,ER,NADIA,WEST BENGAL,23.365861/88.335819
1845,KAMARKUNDU,KQU,C,SG3,HWH,ER,HOOGHLY,WEST BENGAL,22.8209/88.204311111111
1846,KARJANA,KJRA,C,SG3,HWH,ER,PURBA BARDHAMAN,WEST BENGAL,23.3445683/87.8922692
1847,KATWA JN.,KWAE,C,SG3,HWH,ER,PURBA BARDHAMAN,WEST BENGAL,23.639805/88.123575
1848,KHAMARGACHHI,KMAE,C,SG3,HWH,ER,HOOGHLY,WEST BENGAL,23.054229/88.44421
1849,KHANYAN,KHN,C,SG3,HWH,ER,HOOGHLY,WEST BENGAL,23.046222/88.314472
1850,KUNTIGHAT,KJU,C,SG3,HWH,ER,HOOGHLY,WEST BENGAL,23.016799/88.413149
1851,LAKSHMIPUR,LKX,C,SG3,HWH,ER,PURBA BARDHAMAN,WEST BENGAL,23.502512/88.302374
1852,LILUAH,LLH,C,SG3,HWH,ER,HOWRAH,WEST BENGAL,22.6207446/88.3392327
1853,LOKNATH,LOK,C,SG3,HWH,ER,HOOGHLY,WEST BENGAL,22.871718/88.033921
1854,MADHU SUDANPUR,MDSE,C,SG3,HWH,ER,HOOGHLY,WEST BENGAL,22.845108/88.193499
1855,MAGRA,MUG,C,SG3,HWH,ER,HOOGHLY,WEST BENGAL,22.983125/88.36829
1856,MANKUNDU,MUU,C,SG3,HWH,ER,HOOGHLY,WEST BENGAL,22.846462/88.346368
1857,MASAGRAM,MSAE,C,SG3,HWH,ER,PURBA BARDHAMAN,WEST BENGAL,23.1351191/88.0426571
1858,MAYAPUR,MAYP,C,SG3,HWH,ER,HOOGHLY,WEST BENGAL,22.8686618/87.8672187
1859,MEMARI,MYM,C,SG3,HWH,ER,HOOGHLY,WEST BENGAL,23.172935/88.095637
1860,MIRZAPUR-BANKIPUR,MBE,C,SG3,HWH,ER,HOOGHLY,WEST BENGAL,22.790719/88.222274
1861,NABADWIP DHAM,NDAE,C,SG3,HWH,ER,NADIA,WEST BENGAL,23.396593/88.356472
1862,NABAGRAM,NBAE,C,SG3,HWH,ER,PURBA BARDHAMAN,WEST BENGAL,23.09918/88.066909
1863,NALIKUL,NKL,C,SG3,HWH,ER,HOOGHLY,WEST BENGAL,22.829713/88.166226
1864,NASIBPUR,NSF,C,SG3,HWH,ER,HOOGHLY,WEST BENGAL,22.804835/88.262036
1865,NEGUN HALT,NGX,F,SG3,HWH,ER,PURBA BARDHAMAN,WEST BENGAL,23.5051556/87.992506
1866,PALLA ROAD,PRAE,C,SG3,HWH,ER,PURBA BARDHAMAN,WEST BENGAL,23.179393/88.009121
1867,PALSIT,PLAE,C,SG3,HWH,ER,PURBA BARDHAMAN,WEST BENGAL,23.1970307098/88.0032215405
1868,PANDOOAH,PDA,C,SG3,HWH,ER,HOOGHLY,WEST BENGAL,23.070862/88.270115
1869,PATULI,PTAE,C,SG3,HWH,ER,PURBA BARDHAMAN,WEST BENGAL,23.5473858/88.2521117
1870,PORABAZAR,PBZ,C,SG3,HWH,ER,HOOGHLY,WEST BENGAL,22.916427/88.15914
1871,PURBASTHALI,PSAE,C,SG3,HWH,ER,PURBA BARDHAMAN,WEST BENGAL,23.453302/88.323896
1872,RASULPUR,RSLR,C,SG3,HWH,ER,PURBA BARDHAMAN,WEST BENGAL,23.187229/88.039994
1873,SAKTIGARH,SKG,C,SG3,HWH,ER,PURBA BARDHAMAN,WEST BENGAL,23.2071/87.9693
1874,SAMUDRAGARH,SMAE,C,SG3,HWH,ER,PURBA BARDHAMAN,WEST BENGAL,23.335767/88.324967
1875,SHRIPAT SHRIKHANDA,SPS,F,SG3,HWH,ER,PURBA BARDHAMAN,WEST BENGAL,23.6067122/88.0726692
1876,SIBAICHANDI,SHBC,C,SG3,HWH,ER,HOOGHLY,WEST BENGAL,22.974465/88.13369
1877,SIMLAGARH,SLG,C,SG3,HWH,ER,HOOGHLY,WEST BENGAL,23.095679/88.231213
1878,SINGUR,SIU,C,SG3,HWH,ER,HOOGHLY,WEST BENGAL,22.814558/88.228712
1879,SOMRA BAZAR,SOAE,C,SG3,HWH,ER,HOOGHLY,WEST BENGAL,23.13916/88.433032
1880,TALANDU,TLO,C,SG3,HWH,ER,HOOGHLY,WEST BENGAL,23.009788/88.345088
1881,TARAKESWAR,TAK,C,SG3,HWH,ER,HOOGHLY,WEST BENGAL,22.8821/88.0145
1882,TRIBENI,TBAE,C,SG3,HWH,ER,HOOGHLY,WEST BENGAL,22.990358/88.398096
1883,UTTARPARA,UPA,C,SG3,HWH,ER,HOOGHLY,WEST BENGAL,22.6670459/88.3411458
1884,PURAB SARAI,PBS,F,"Have no such
Station",MLDT,ER,MUNGER,BIHAR,
1885,ABJUGANJ,AJUG,F,HG2,MLDT,ER,BHAGALPUR,BIHAR,
1886,AMMAPALI,AMPL,F,HG2,MLDT,ER,BHAGALPUR,BIHAR,
1887,BASUDEBPUR H,BDBP,F,HG2,MLDT,ER,MURSHIDABAD,WEST BENGAL,24.6355270351/87.982535498
1888,BINDUBASINI,BDBS,F,HG2,MLDT,ER,SAHEBGANJ,JHARKHAND,
1889,KHARIAPIPRA HALT,KAPP,F,HG2,MLDT,ER,BHAGALPUR,BIHAR,
1890,MURARPUR HALT,MPY,F,HG2,MLDT,ER,BHAGALPUR,BIHAR,
1891,AHIRAN H,AHN,F,HG3,MLDT,ER,MURSHIDABAD,WEST BENGAL,24.517687/88.041125
1892,BELA HALT,BELT,F,HG3,MLDT,ER,BANKA,BIHAR,
1893,CHHIT MAKHANDPUR,CTMP,F,HG3,MLDT,ER,BHAGALPUR,BIHAR,
1894,DANRE,DANE,F,HG3,MLDT,ER,GODDA,JHARKHAND,
1895,GANGWARA HALT,GGWA,HALT,HG3,MLDT,ER,DUMKA,JHARKHAND,
1896,GANI DHAM HALT,GIF,F,HG3,MLDT,ER,BHAGALPUR,BIHAR,
1897,GHOGI BARIARPUR,GIBP,E,HG3,MLDT,ER,LAKHISARAI,BIHAR,
1898,GHORGHAT,GOG,F,HG3,MLDT,ER,MUNGER,BIHAR,
1899,HATPURAINI H,HPLE,F,HG3,MLDT,ER,BHAGALPUR,BIHAR,
1900,JAGADISHPUR HALT,JDPT,F,HG3,MLDT,ER,BHAGALPUR,BIHAR,
1901,KAMARGANJ,KMGH,F,HG3,MLDT,ER,BHAGALPUR,BIHAR,
1902,KOLLIKHUTAHA H,KKTA,F,HG3,MLDT,ER,BHAGALPUR,BIHAR,
1903,KUMRADOL,KADL,F,HG3,MLDT,ER,GODDA,JHARKHAND,
1904,KURMAHAT,KUMT,F,HG3,MLDT,ER,DUMKA,JHARKHAND,
1905,LAKSHMIPUR BHORANG,LKB,F,HG3,MLDT,ER,BHAGALPUR,BIHAR,
1906,MAHESHI,MVV,F,HG3,MLDT,ER,BHAGALPUR,BIHAR,
1907,MAHIPAL HALT,MPLE,F,HG3,MLDT,ER,MURSHIDABAD,WEST BENGAL,24.30631/88.162107
1908,MANDAR VIDYAPITH HAL,MDVB,E,HG3,MLDT,ER,BANKA,BIHAR,
1909,NOAPARA MAHISHASUR,NWMS,F,HG3,MLDT,ER,MURSHIDABAD,WEST BENGAL,24.323279/88.137274
1910,PANDETOLA,PETA,F,HG3,MLDT,ER,BANKA,BIHAR,
1911,PANJWARA ROAD,PJLE,F,HG3,MLDT,ER,BANKA,BIHAR,
1912,PATAM,PATM,F,HG3,MLDT,ER,MUNGER,BIHAR,
1913,"PAWAI BROHMASTHAN
HA",PWBN,E,HG3,MLDT,ER,LAKHISARAI,BIHAR,
1914,PIPRADIH,PPDI,F,HG3,MLDT,ER,BANKA,BIHAR,
1915,PRAYAHAT HALT,PYHT,HALT,HG3,MLDT,ER,GODDA,JHARKHAND,
1916,PUNSIA H,PNSA,F,HG3,MLDT,ER,BANKA,BIHAR,
1917,RAMPUR HALT,RMPR,F,HG3,MLDT,ER,LAKHISARAI,BIHAR,
1918,RISHIKUND,RIKD,F,HG3,MLDT,ER,MUNGER,BIHAR,
1919,SANJHA H,SJJ,F,HG3,MLDT,ER,BANKA,BIHAR,
1920,SANKOPARA H,SXP,F,HG3,MLDT,ER,MURSHIDABAD,WEST BENGAL,24.7176851264/87.9344515665
1921,SAROBAG,SRB,F,HG3,MLDT,ER,MUNGER,BIHAR,
1922,TELIA,TELY,F,HG3,MLDT,ER,BANKA,BIHAR,
1923,HAUSNAGAR,HSM,E,"No such
Station over
Malda Division",MLDT,ER,MURSHIDABAD,WEST BENGAL,24.646721/87.94988
1924,BHAGALPUR,BGP,A1,NSG2,MLDT,ER,BHAGALPUR,BIHAR,
1925,JAMALPUR JN.,JMP,A,NSG3,MLDT,ER,MUNGER,BIHAR,
1926,MALDA TOWN,MLDT,A,NSG3,MLDT,ER,MALDAH,WEST BENGAL,25.0162/88.1302
1927,NEW FARAKKA,NFK,A,NSG4,MLDT,ER,MURSHIDABAD,WEST BENGAL,24.794558/87.915236
1928,SULTANGANJ,SGG,B,NSG4,MLDT,ER,BHAGALPUR,BIHAR,
1929,ABHAIPUR,AHA,D,NSG5,MLDT,ER,LAKHISARAI,BIHAR,
1930,BARHARWA JN.,BHW,B,NSG5,MLDT,ER,SAHEBGANJ,JHARKHAND,
1931,BARIARPUR,BUP,D,NSG5,MLDT,ER,MUNGER,BIHAR,
1932,DHULIAN GANGA,DGLE,D,NSG5,MLDT,ER,MURSHIDABAD,WEST BENGAL,24.672086/87.937644
1933,GHOGHA,GGA,E,NSG5,MLDT,ER,BHAGALPUR,BIHAR,
1934,JANGIPUR ROAD,JRLE,D,NSG5,MLDT,ER,MURSHIDABAD,WEST BENGAL,24.459515/88.04076
1935,KAHALGAON,CLG,B,NSG5,MLDT,ER,BHAGALPUR,BIHAR,
1936,KAJRAH,KJH,D,NSG5,MLDT,ER,LAKHISARAI,BIHAR,
1937,KHALTIPUR,KTJ,E,NSG5,MLDT,ER,MALDAH,WEST BENGAL,24.875742/88.021646
1938,MIRZA-CHEUKI,MZC,E,NSG5,MLDT,ER,SAHEBGANJ,JHARKHAND,
1939,NIMTITA,NILE,D,NSG5,MLDT,ER,MURSHIDABAD,WEST BENGAL,24.625338/88.00764
1940,PIRPAINTI,PPT,D,NSG5,MLDT,ER,BHAGALPUR,BIHAR,
1941,RAJMAHAL,RJL,E,NSG5,MLDT,ER,SAHEBGANJ,JHARKHAND,
1942,SAHIBGANJ,SBG,B,NSG5,MLDT,ER,SAHEBGANJ,JHARKHAND,
1943,TINPAHAR JN.,TPH,D,NSG5,MLDT,ER,SAHEBGANJ,JHARKHAND,
1944,AKBARNAGAR,AKN,E,NSG6,MLDT,ER,BHAGALPUR,BIHAR,
1945,BAKUDI,BKLE,E,NSG6,MLDT,ER,SAHEBGANJ,JHARKHAND,
1946,BALLALPUR,BPBS,E,NSG6,MLDT,ER,MURSHIDABAD,WEST BENGAL,
1947,BANKA,BAKA,E,NSG6,MLDT,ER,BANKA,BIHAR,
1948,BARAHAT,BHLE,F,NSG6,MLDT,ER,BANKA,BIHAR,
1949,BARAPALASI,BRPS,F,NSG6,MLDT,ER,DUMKA,JHARKHAND,
1950,BIKRAMSHILA,BKSL,E,NSG6,MLDT,ER,BHAGALPUR,BIHAR,
1951,BONIDANGA,BDAG,E,NSG6,MLDT,ER,SAHEBGANJ,JHARKHAND,
1952,CHAMAGRAM,CMX,E,NSG6,MLDT,ER,MALDAH,WEST BENGAL,24.821334/87.963345
1953,DASHRATHPUR,DRTP,E,NSG6,MLDT,ER,MUNGER,BIHAR,
1954,DHAMDHAMIA,DDX,E,NSG6,MLDT,ER,SAHEBGANJ,JHARKHAND,
1955,DHANAURI,DNRE,E,NSG6,MLDT,ER,LAKHISARAI,BIHAR,
1956,DHARHARA,DRH,E,NSG6,MLDT,ER,MUNGER,BIHAR,
1957,DHAUNI,DWLE,F,NSG6,MLDT,ER,BANKA,BIHAR,
1958,EKCHARI,EKC,E,NSG6,MLDT,ER,BHAGALPUR,BIHAR,
1959,GANGANIA,GNNA,E,NSG6,MLDT,ER,BHAGALPUR,BIHAR,
1960,GANKAR,GALE,E,NSG6,MLDT,ER,MURSHIDABAD,WEST BENGAL,24.4048041196/88.0728943982
1961,GODDA,GODA,E,NSG6,MLDT,ER,GODDA,JHARKHAND,
1962,GOUR MALDA,GZM,E,NSG6,MLDT,ER,MALDAH,WEST BENGAL,24.94794444/88.11078197
1963,HANSDIHA,HSDA,F,NSG6,MLDT,ER,DUMKA,JHARKHAND,
1964,JAMIRGHATA,JMQ,E,NSG6,MLDT,ER,MALDAH,WEST BENGAL,24.916623/88.06776
1965,KALYAN CHAK,KXE,E,NSG6,MLDT,ER,SAHEBGANJ,JHARKHAND,
1966,KALYANPUR ROAD,KPRD,E,NSG6,MLDT,ER,MUNGER,BIHAR,
1967,KARAMTOLLA,KRMA,E,NSG6,MLDT,ER,SAHEBGANJ,JHARKHAND,
1968,KARANPURATO,KPTO,E,NSG6,MLDT,ER,SAHEBGANJ,JHARKHAND,
1969,LAILAKH MAMALKHA,LMM,E,NSG6,MLDT,ER,BHAGALPUR,BIHAR,
1970,MAHIPAL ROAD,MPLR,E,NSG6,MLDT,ER,MURSHIDABAD,WEST BENGAL,24.2875453877/88.1911711557
1971,MANDAR HILL,MDLE,E,NSG6,MLDT,ER,BANKA,BIHAR,
1972,MANIGRAM,MGLE,E,NSG6,MLDT,ER,MURSHIDABAD,WEST BENGAL,24.3428549076/88.107881626
1973,MASUDAN,MSDN,E,NSG6,MLDT,ER,LAKHISARAI,BIHAR,
1974,MOHARAJPUR,MJP,E,NSG6,MLDT,ER,SAHEBGANJ,JHARKHAND,
1975,MONGHYR,MGR,E,NSG6,MLDT,ER,MUNGER,BIHAR,
1976,MURAHARA,MRHA,F,NSG6,MLDT,ER,BANKA,BIHAR,
1977,NATHNAGAR,NAT,E,NSG6,MLDT,ER,BHAGALPUR,BIHAR,
1978,NONIHAT,NNHT,E,NSG6,MLDT,ER,DUMKA,JHARKHAND,
1979,PORADANGA,PRDG,E,NSG6,MLDT,ER,MURSHIDABAD,WEST BENGAL,24.2602726462/88.2261646533
1980,RATANPUR,RPUR,E,NSG6,MLDT,ER,MUNGER,BIHAR,
1981,SABOUR,SBO,E,NSG6,MLDT,ER,BHAGALPUR,BIHAR,
1982,SAKRIGALI,SLJ,E,NSG6,MLDT,ER,SAHEBGANJ,JHARKHAND,
1983,SHIVNARAYANPUR,SVRP,D,NSG6,MLDT,ER,BHAGALPUR,BIHAR,
1984,SUJNIPARA,SPLE,E,NSG6,MLDT,ER,MURSHIDABAD,WEST BENGAL,24.571584/88.036797
1985,TALJHARI,TLJ,E,NSG6,MLDT,ER,SAHEBGANJ,JHARKHAND,
1986,TIKANI,TKLE,F,NSG6,MLDT,ER,BHAGALPUR,BIHAR,
1987,TILDANGA,TDLE,E,NSG6,MLDT,ER,MURSHIDABAD,WEST BENGAL,24.786749/87.873801
1988,UREN,UREN,E,NSG6,MLDT,ER,LAKHISARAI,BIHAR,
1989,DAULATPUR HALT,DLTR,F,"ONLY FOR
GOODs",MLDT,ER,MUNGER,BIHAR,
1990,JAMALPUR STORES YARD,JMSY,NA,"ONLY FOR
GOODs",MLDT,ER,MUNGER,BIHAR,
1991,AKAIPUR H,AKIP,F,HG3,SDAH,ER,"24 PARAGANAS
NORTH",WEST BENGAL,23.0951737/88.7173097
1992,AMGHATA H,AHT,F,HG3,SDAH,ER,NADIA,WEST BENGAL,23.4128741/88.4199777
1993,BAHIRA KALIBARI,BHKA,F,HG3,SDAH,ER,"24 PARAGANAS
NORTH",WEST BENGAL,22.6859776/88.5649034
1994,BAHIRGACHHI H,BHGH,F,HG3,SDAH,ER,NADIA,WEST BENGAL,23.274779/88.634016
1995,BAHIRPUYA HALT,BHPA,F,HG3,SDAH,ER,"24 PARAGANAS
SOUTH",WEST BENGAL,22.22962/88.349067
1996,BALLY HALT,BLYH,C,HG3,SDAH,ER,HOWRAH,WEST BENGAL,22.6522299/88.3392513
1997,BANKIMNAGAR HALT,BNKA,F,HG3,SDAH,ER,NADIA,WEST BENGAL,23.20905877/88.59190873
1998,BATHNA KIRTTIBAS HAL,BTKB,F,HG3,SDAH,ER,NADIA,WEST BENGAL,23.2463666/88.463018
1999,BELIAGHATA ROAD,BGRD,F,HG3,SDAH,ER,"24 PARAGANAS
NORTH",WEST BENGAL,22.674796/88.6076805
2000,BETBERIA GHOLA HALT,BTPG,F,HG3,SDAH,ER,"24 PARAGANAS
SOUTH",WEST BENGAL,22.3508281/88.5746749
2001,BHAYNA H,BHNA,F,HG3,SDAH,ER,NADIA,WEST BENGAL,23.312261/88.641659
2002,BHYABLA,BBLA,F,HG3,SDAH,ER,"24 PARAGANAS
NORTH",WEST BENGAL,22.6553543/88.8535985
2003,BIBHUTI BHUSHAN H,BNAA,F,HG3,SDAH,ER,"24 PARAGANAS
NORTH",WEST BENGAL,23.0002392/88.8038984
2004,COOPERS HALT,CPHT,F,HG3,SDAH,ER,NADIA,WEST BENGAL,
2005,DIGNAGAR,DTG,F,HG3,SDAH,ER,NADIA,WEST BENGAL,23.3188759/88.4559074
2006,GAURDAHA HALT,GQD,F,HG3,SDAH,ER,"24 PARAGANAS
SOUTH",WEST BENGAL,22.3783115/88.5346299
2007,GHORARAS GHONA HALT,GGV,F,HG3,SDAH,ER,"24 PARAGANAS
NORTH",WEST BENGAL,22.6517759/88.7823931
2008,HARISHNAGAR HALT,HRSR,F,HG3,SDAH,ER,NADIA,WEST BENGAL,23.469777/88.777989
2009,HOGLA H,HGA,F,HG3,SDAH,ER,"24 PARAGANAS
SOUTH",WEST BENGAL,22.255044/88.452384
2010,JALAKHALI HALT,JKL,F,HG3,SDAH,ER,NADIA,WEST BENGAL,23.347508/88.513628
2011,KAJIPARA,KZPR,F,HG3,SDAH,ER,"24 PARAGANAS
NORTH",WEST BENGAL,22.7226812/88.5083614
2012,KANKRA MIRZANAGAR,KMZA,F,HG3,SDAH,ER,"24 PARAGANAS
NORTH",WEST BENGAL,22.6583709/88.7218297
2013,KARANJALI HALT,KNJI,F,HG3,SDAH,ER,"24 PARAGANAS
SOUTH",WEST BENGAL,22.0353/88.245999
2014,KAREA-KADAMBAGACHI,KBGH,F,HG3,SDAH,ER,"24 PARAGANAS
NORTH",WEST BENGAL,22.7046685/88.5350118
2015,KHIDIRPUR,KIRP,F,HG3,SDAH,ER,KOLKATA,WEST BENGAL,22.5364091/88.3158077
2016,KRISHNAMOHAN HALT,KRXM,F,HG3,SDAH,ER,"24 PARAGANAS
SOUTH",WEST BENGAL,22.330258/88.449759
2017,KULPI F,KLW,F,HG3,SDAH,ER,"24 PARAGANAS
SOUTH",WEST BENGAL,22.076525/88.256019
2018,LABUTALA HALT,LBTL,F,HG3,SDAH,ER,"24 PARAGANAS
NORTH",WEST BENGAL,22.6666962/88.63994
2019,MADHABNAGAR HALT,MDGB,F,HG3,SDAH,ER,"24 PARAGANAS
SOUTH",WEST BENGAL,21.9388861/88.2193741
2020,MADHABPUR H,MDBP,F,HG3,SDAH,ER,"24 PARAGANAS
SOUTH",WEST BENGAL,22.119207/88.347323
2021,MADHYAMPUR,MPN,F,HG3,SDAH,ER,"24 PARAGANAS
NORTH",WEST BENGAL,22.6203343/88.8965446
2022,MATLA,MATL,HALT,HG3,SDAH,ER,"24 PARAGANAS
SOUTH",WEST BENGAL,22.3330918/88.6302602
2023,MATNIA ANANTAPU,MNAP,F,HG3,SDAH,ER,"24 PARAGANAS
NORTH",WEST BENGAL,
2024,MAYURHAT HALT,MYHT,F,HG3,SDAH,ER,NADIA,WEST BENGAL,23.363017/88.661013
2025,NABA RAYNAGAR H,NBRN,F,HG3,SDAH,ER,NADIA,WEST BENGAL,23.1487357/88.6035937
2026,NARENDRAPUR HALT,NRPR,F,HG3,SDAH,ER,"24 PARAGANAS
SOUTH",WEST BENGAL,22.45416/88.41838
2027,NEW BALARAMPUR H,NBPH,F,HG3,SDAH,ER,MURSHIDABAD,WEST BENGAL,24.0491/88.2471
2028,NIMDANRI,NMDR,F,HG3,SDAH,ER,"24 PARAGANAS
NORTH",WEST BENGAL,22.6099581/88.9042039
2029,NISCHINDAPUR,NCP,F,HG3,SDAH,ER,"24 PARAGANAS
SOUTH",WEST BENGAL,21.973426/88.214325
2030,NISCHINDAPUR MARKET,NCPM,F,HG3,SDAH,ER,"24 PARAGANAS
SOUTH",WEST BENGAL,21.987443/88.217105
2031,PANCHBERIA H,PNCB,F,HG3,SDAH,ER,NADIA,WEST BENGAL,23.221017/88.599435
2032,PIRTALA,PRTL,F,HG3,SDAH,ER,MURSHIDABAD,WEST BENGAL,24.359325/88.280583
2033,RE- MOUNT ROAD,RMTR,C,HG3,SDAH,ER,KOLKATA,WEST BENGAL,22.5258879/88.3167062
2034,SANHATI H,SNHT,C,HG3,SDAH,ER,"24 PARAGANAS
NORTH",WEST BENGAL,22.8458756/88.704595
2035,SATBERIA H,STBB,C,HG3,SDAH,ER,"24 PARAGANAS
NORTH",WEST BENGAL,23.0477587/88.791402
2036,SHANTINAGAR HAL,SNTR,F,HG3,SDAH,ER,NADIA,WEST BENGAL,
2037,SIR GURUDASS BANERJE,SGBA,C,HG3,SDAH,ER,KOLKATA,WEST BENGAL,22.5741753/88.3850451
2038,SIRAJNAGAR H,SRJN,F,HG3,SDAH,ER,MURSHIDABAD,WEST BENGAL,23.818591/88.27076
2039,SOVABAZAR-AHIRITOLA,SOLA,C,HG3,SDAH,ER,KOLKATA,WEST BENGAL,22.5975289/88.3549336
2040,SUBARNAMRIGI H,SBNM,F,HG3,SDAH,ER,MURSHIDABAD,WEST BENGAL,24.27321/88.292124
2041,TARAK NAGAR H,TNX,F,HG3,SDAH,ER,NADIA,WEST BENGAL,23.38018/88.680184
2042,UDAYRAMPUR H,URP,F,HG3,SDAH,ER,"24 PARAGANAS
SOUTH",WEST BENGAL,22.100085/88.273732
2043,UKILERHAT HALT,UKLR,F,HG3,SDAH,ER,"24 PARAGANAS
SOUTH",WEST BENGAL,21.824712/88.230351
2044,UTTAR RADHA NAGAR HA,UTN,F,HG3,SDAH,ER,"24 PARAGANAS
SOUTH",WEST BENGAL,22.269458/88.383365
2045,MAHESHGANJ H,MSGJ,NA,"No such
station",SDAH,ER,NADIA,WEST BENGAL,23.416133/88.400006
2046,CHITPUR,CP,NA,"No such
station for
passenger
service",SDAH,ER,KOLKATA,WEST BENGAL,
2047,COSSIPORE ROAD,CED,NA,"No such
station for
passenger
service",SDAH,ER,KOLKATA,WEST BENGAL,
2048,KANKURGACHHI ROAD JN,KGK,C,"not for
passanger",SDAH,ER,KOLKATA,WEST BENGAL,
2049,KIDDERPORE DOCKS,C,C,"not for
passanger",SDAH,ER,KOLKATA,WEST BENGAL,
2050,NASHIPUR ROAD H,NSO,F,"Not in
Operation",SDAH,ER,MURSHIDABAD,WEST BENGAL,
2051,SEALDAH,SDAH,A1,NSG1,SDAH,ER,KOLKATA,WEST BENGAL,
2052,KOLKATA,KOAA,A,NSG2,SDAH,ER,KOLKATA,WEST BENGAL,22.6012775/88.3841474
2053,NAIHATI JN.,NH,A,NSG2,SDAH,ER,"24 PARAGANAS
NORTH",WEST BENGAL,22.8871/88.4175
2054,BERHAMPORE COURT,BPC,B,NSG4,SDAH,ER,MURSHIDABAD,WEST BENGAL,24.0890841/88.263642
2055,BELDANGA,BEB,C,NSG5,SDAH,ER,MURSHIDABAD,WEST BENGAL,23.9320594/88.2429681
2056,BETHUADAHARI,BTY,C,NSG5,SDAH,ER,NADIA,WEST BENGAL,23.611/88.3846
2057,BHAGWANGOLA,BQG,D,NSG5,SDAH,ER,MURSHIDABAD,WEST BENGAL,24.333178/88.309816
2058,COSSIMBAZAR,CSZ,D,NSG5,SDAH,ER,MURSHIDABAD,WEST BENGAL,24.1222/88.267
2059,DEBAGRAM,DEB,D,NSG5,SDAH,ER,NADIA,WEST BENGAL,23.685277/88.306807
2060,JIAGANJ,JJG,E,NSG5,SDAH,ER,MURSHIDABAD,WEST BENGAL,24.244268/88.27698
2061,KRISHNAPUR,KRP,D,NSG5,SDAH,ER,MURSHIDABAD,WEST BENGAL,24.406331/88.256132
2062,LALGOLA,LGL,D,NSG5,SDAH,ER,MURSHIDABAD,WEST BENGAL,24.421152/88.257513
2063,MURSHIDABAD,MBB,C,NSG5,SDAH,ER,MURSHIDABAD,WEST BENGAL,24.176964/88.281598
2064,PLASSEY,PLY,E,NSG5,SDAH,ER,MURSHIDABAD,WEST BENGAL,23.7782/88.2848
2065,BAHADURPUR,BPD,E,NSG6,SDAH,ER,NADIA,WEST BENGAL,23.438839/88.464063
2066,BHABTA,BFT,E,NSG6,SDAH,ER,MURSHIDABAD,WEST BENGAL,23.9869677/88.241584
2067,DHUBULIA,DHU,C,NSG6,SDAH,ER,NADIA,WEST BENGAL,23.483546/88.441145
2068,MURAGACHHA,MGM,E,NSG6,SDAH,ER,NADIA,WEST BENGAL,23.529636/88.421243
2069,NABADWIP GHAT F,NDF,C,NSG6,SDAH,ER,NADIA,WEST BENGAL,23.411641/88.3849186
2070,PAGLA CHANDI,PCX,E,NSG6,SDAH,ER,NADIA,WEST BENGAL,23.743195/88.303969
2071,REJINAGAR,REJ,E,NSG6,SDAH,ER,MURSHIDABAD,WEST BENGAL,23.85009/88.259255
2072,SARGACHHI,SGV,E,NSG6,SDAH,ER,MURSHIDABAD,WEST BENGAL,24.01772/88.244037
2073,SONADANGA,SVH,E,NSG6,SDAH,ER,NADIA,WEST BENGAL,23.636393/88.354092
2074,BARASAT JN.,BT,C,SG2,SDAH,ER,"24 PARAGANAS
NORTH",WEST BENGAL,22.72412/88.48373
2075,BARRACKPORE,BP,C,SG2,SDAH,ER,"24 PARAGANAS
NORTH",WEST BENGAL,22.7603258/88.3710498
2076,BARUIPUR JN.,BRP,C,SG2,SDAH,ER,"24 PARAGANAS
SOUTH",WEST BENGAL,22.3658265/88.4310842
2077,BELGHARIA,BLH,C,SG2,SDAH,ER,"24 PARAGANAS
NORTH",WEST BENGAL,22.66136/88.38922
2078,BIDHANNAGAR ROAD,BNXR,C,SG2,SDAH,ER,KOLKATA,WEST BENGAL,22.592432/88.391045
2079,CHAKDAHA,CDH,C,SG2,SDAH,ER,NADIA,WEST BENGAL,23.078406/88.529672
2080,DUMDUM JN.,DDJ,C,SG2,SDAH,ER,KOLKATA,WEST BENGAL,22.6209/88.3933
2081,HABRA,HB,C,SG2,SDAH,ER,"24 PARAGANAS
NORTH",WEST BENGAL,22.840869/88.657583
2082,KHARDAHA,KDH,C,SG2,SDAH,ER,"24 PARAGANAS
NORTH",WEST BENGAL,22.7248499/88.3777096
2083,KRISHNANAGAR CITY JN,KNJ,C,SG2,SDAH,ER,NADIA,WEST BENGAL,23.388714/88.493636
2084,MADHYAMGRAM,MMG,C,SG2,SDAH,ER,"24 PARAGANAS
NORTH",WEST BENGAL,22.6946/88.4528
2085,RANAGHAT JN.,RHA,C,SG2,SDAH,ER,NADIA,WEST BENGAL,23.1741/88.5688
2086,SHYAMNAGAR,SNR,C,SG2,SDAH,ER,"24 PARAGANAS
NORTH",WEST BENGAL,22.8285164/88.3801893
2087,SODEPUR,SEP,C,SG2,SDAH,ER,"24 PARAGANAS
NORTH",WEST BENGAL,22.6996398/88.3822968
2088,SONARPUR JN.,SPR,C,SG2,SDAH,ER,"24 PARAGANAS
SOUTH",WEST BENGAL,22.4427478/88.4309013
2089,SUBHAS GRAM,SBGR,C,SG2,SDAH,ER,"24 PARAGANAS
SOUTH",WEST BENGAL,22.413546/88.433753
2090,AGARPARA,AGP,C,SG3,SDAH,ER,"24 PARAGANAS
NORTH",WEST BENGAL,22.6828782/88.3853645
2091,AKRA,AKRA,C,SG3,SDAH,ER,"24 PARAGANAS
SOUTH",WEST BENGAL,22.5147576/88.2492749
2092,ARANGHATA,AG,C,SG3,SDAH,ER,NADIA,WEST BENGAL,23.242037/88.613551
2093,ASHOKNAGAR ROAD,ASKR,C,SG3,SDAH,ER,"24 PARAGANAS
NORTH",WEST BENGAL,22.8265126/88.6285932
2094,BADKULLA,BDZ,C,SG3,SDAH,ER,NADIA,WEST BENGAL,23.3046657/88.526557
2095,BAGH BAZAR,BBR,C,SG3,SDAH,ER,KOLKATA,WEST BENGAL,22.6049361/88.3651051
2096,BAGHA JATIN F,BGJT,C,SG3,SDAH,ER,KOLKATA,WEST BENGAL,22.4828516/88.3866633
2097,BAGULA,BGL,C,SG3,SDAH,ER,NADIA,WEST BENGAL,23.33546471/88.64640372
2098,BAHARU F,BARU,C,SG3,SDAH,ER,"24 PARAGANAS
SOUTH",WEST BENGAL,22.205278/88.44446
2099,BALLY GHAT,BLYG,C,SG3,SDAH,ER,HOOGHLY,WEST BENGAL,22.6524114/88.3479092
2100,BALLYGUNGE JN.,BLN,C,SG3,SDAH,ER,KOLKATA,WEST BENGAL,22.5191616/88.3721923
2101,BAMANGACHHI,BMG,C,SG3,SDAH,ER,"24 PARAGANAS
NORTH",WEST BENGAL,22.7490042/88.5099732
2102,BANGAON JN.,BNJ,C,SG3,SDAH,ER,"24 PARAGANAS
NORTH",WEST BENGAL,23.0305/88.8329
2103,BANPUR,BPN,C,SG3,SDAH,ER,NADIA,WEST BENGAL,23.45186861/88.76185515
2104,BARANAGAR ROAD,BARN,C,SG3,SDAH,ER,"24 PARAGANAS
NORTH",WEST BENGAL,22.6534856/88.3788583
2105,BARRA BAZAR,BZB,C,SG3,SDAH,ER,KOLKATA,WEST BENGAL,22.590188/88.3512418
2106,BASIRHAT,BSHT,C,SG3,SDAH,ER,"24 PARAGANAS
NORTH",WEST BENGAL,22.6501784/88.8692759
2107,BASULDANGA,BSD,C,SG3,SDAH,ER,"24 PARAGANAS
SOUTH",WEST BENGAL,22.20374787/88.23393947
2108,BENOY BADAL DINESH B,BBDB,C,SG3,SDAH,ER,KOLKATA,WEST BENGAL,22.5768421/88.3466282
2109,BHASILA,BSLA,C,SG3,SDAH,ER,"24 PARAGANAS
NORTH",WEST BENGAL,22.6652713/88.658274
2110,BIDYADHARPUR F,BDYP,C,SG3,SDAH,ER,"24 PARAGANAS
SOUTH",WEST BENGAL,22.425122/88.452872
2111,BIRA,BIRA,C,SG3,SDAH,ER,"24 PARAGANAS
NORTH",WEST BENGAL,
2112,BIRATI,BBT,C,SG3,SDAH,ER,"24 PARAGANAS
NORTH",WEST BENGAL,22.6642156/88.42739
2113,BIRNAGAR,BIJ,C,SG3,SDAH,ER,NADIA,WEST BENGAL,23.2358754/88.551252
2114,BISHARPARA-KODALIYA,BRPK,C,SG3,SDAH,ER,"24 PARAGANAS
NORTH",WEST BENGAL,22.6766538/88.43492
2115,BRACE BRIDGE,BRJ,C,SG3,SDAH,ER,KOLKATA,WEST BENGAL,22.5179206/88.3011366
2116,BUDGE-BUDGE,BGB,C,SG3,SDAH,ER,"24 PARAGANAS
SOUTH",WEST BENGAL,22.4928895/88.1948585
2117,CANNING,CG,C,SG3,SDAH,ER,"24 PARAGANAS
SOUTH",WEST BENGAL,22.313734/88.668119
2118,CHAMPAHATI,CHT,C,SG3,SDAH,ER,"24 PARAGANAS
SOUTH",WEST BENGAL,22.402193/88.493624
2119,CHAMPAPUKUR,CQR,C,SG3,SDAH,ER,"24 PARAGANAS
NORTH",WEST BENGAL,22.6563508/88.8077644
2120,CHANDPARA,CDP,C,SG3,SDAH,ER,"24 PARAGANAS
NORTH",WEST BENGAL,22.9616731/88.7851954
2121,DAKHINESWAR,DAKE,C,SG3,SDAH,ER,KOLKATA,WEST BENGAL,22.6534841/88.3636352
2122,DAKSHIN BARASAT,DBT,C,SG3,SDAH,ER,"24 PARAGANAS
SOUTH",WEST BENGAL,22.226102/88.452286
2123,DAKSHIN DURGAPUR HAL,DKDP,C,SG3,SDAH,ER,"24 PARAGANAS
SOUTH",WEST BENGAL,22.32502454322961/88.40583714351993
2124,DEULA,D,C,SG3,SDAH,ER,"24 PARAGANAS
SOUTH",WEST BENGAL,22.214924/88.281483
2125,DHAKURIA F,DHK,C,SG3,SDAH,ER,KOLKATA,WEST BENGAL,22.5094085/88.371185
2126,DHAMUA,DMU,C,SG3,SDAH,ER,"24 PARAGANAS
SOUTH",WEST BENGAL,22.290179/88.392178
2127,DHAPDHAPI,DPDP,C,SG3,SDAH,ER,"24 PARAGANAS
SOUTH",WEST BENGAL,22.315994/88.459855
2128,DIAMOND HARBOUR,DH,C,SG3,SDAH,ER,"24 PARAGANAS
SOUTH",WEST BENGAL,22.192571/88.191042
2129,DUMDUM CANTONMENT,DDC,C,SG3,SDAH,ER,KOLKATA,WEST BENGAL,22.6364899/88.4120228
2130,DURGANAGAR F,DGNR,C,SG3,SDAH,ER,KOLKATA,WEST BENGAL,22.6505/88.41921
2131,DUTTAPUKUR,DTK,C,SG3,SDAH,ER,"24 PARAGANAS
NORTH",WEST BENGAL,22.7684449/88.5395848
2132,EDEN GARDEN,EDG,C,SG3,SDAH,ER,KOLKATA,WEST BENGAL,22.5639/88.3383
2133,GANGNAPUR F,GGP,C,SG3,SDAH,ER,NADIA,WEST BENGAL,23.1316434/88.6399055
2134,GARIA F,GIA,C,SG3,SDAH,ER,"24 PARAGANAS
SOUTH",WEST BENGAL,22.4661325/88.4051064
2135,GEDE,GEDE,C,SG3,SDAH,ER,NADIA,WEST BENGAL,23.491197/88.786737
2136,GHUTIARI SHARIFF,GOF,C,SG3,SDAH,ER,"24 PARAGANAS
SOUTH",WEST BENGAL,22.367665/88.552115
2137,GOBORDANGA,GBG,C,SG3,SDAH,ER,"24 PARAGANAS
NORTH",WEST BENGAL,22.8800723/88.7610179
2138,GOCHARAN,GCN,C,SG3,SDAH,ER,"24 PARAGANAS
SOUTH",WEST BENGAL,22.277738/88.45837
2139,GOPALNAGAR F,GN,C,SG3,SDAH,ER,"24 PARAGANAS
NORTH",WEST BENGAL,23.0625764/88.7456596
2140,GUMA,GUMA,C,SG3,SDAH,ER,"24 PARAGANAS
NORTH",WEST BENGAL,22.8085822/88.6008927
2141,GURUDAS NAGAR,GURN,C,SG3,SDAH,ER,"24 PARAGANAS
SOUTH",WEST BENGAL,22.199708/88.215793
2142,HABIBPUR,HBE,C,SG3,SDAH,ER,NADIA,WEST BENGAL,23.211967/88.538423
2143,HALISHAHAR,HLR,C,SG3,SDAH,ER,"24 PARAGANAS
NORTH",WEST BENGAL,22.9209824/88.4370216
2144,HARUA ROAD,HRO,C,SG3,SDAH,ER,"24 PARAGANAS
NORTH",WEST BENGAL,22.6619333/88.69057
2145,HASNABAD JN,HNB,C,SG3,SDAH,ER,"24 PARAGANAS
NORTH",WEST BENGAL,22.5712/88.9134
2146,HOTAR,HT,C,SG3,SDAH,ER,"24 PARAGANAS
SOUTH",WEST BENGAL,22.308541/88.399008
2147,HRIDAYPUR,HHR,C,SG3,SDAH,ER,"24 PARAGANAS
NORTH",WEST BENGAL,22.711098/88.470282
2148,ICHHAPUR,IP,C,SG3,SDAH,ER,"24 PARAGANAS
NORTH",WEST BENGAL,22.7998264/88.3739103
2149,JADABPUR,JDP,C,SG3,SDAH,ER,KOLKATA,WEST BENGAL,22.4951079/88.3749813
2150,JAGHDDAL,JGDL,C,SG3,SDAH,ER,"24 PARAGANAS
NORTH",WEST BENGAL,22.8516789/88.3954065
2151,JAYANAGAR MAJILPUR H,JNM,C,SG3,SDAH,ER,"24 PARAGANAS
SOUTH",WEST BENGAL,22.1695702/88.4161432
2152,KAKDWIP,KWDP,C,SG3,SDAH,ER,"24 PARAGANAS
SOUTH",WEST BENGAL,21.879938/88.193944
2153,KALIKAPUR F,KLKR,C,SG3,SDAH,ER,"24 PARAGANAS
SOUTH",WEST BENGAL,22.412606/88.47503
2154,KALINARAYANPUR JN.,KLNP,C,SG3,SDAH,ER,NADIA,WEST BENGAL,23.206506/88.573216
2155,KALYANI GHOSHPARA,KLYG,C,SG3,SDAH,ER,NADIA,WEST BENGAL,22.9817656/88.4397711
2156,KALYANI JN,KYI,C,SG3,SDAH,ER,NADIA,WEST BENGAL,22.9692/88.4675
2157,KALYANI SILPANCHAL,KLYS,C,SG3,SDAH,ER,NADIA,WEST BENGAL,22.9763161/88.4564373
2158,KALYANI SIMANTA,KLYM,C,SG3,SDAH,ER,NADIA,WEST BENGAL,22.9876425/88.4279714
2159,KALYANPUR,KYP,C,SG3,SDAH,ER,"24 PARAGANAS
SOUTH",WEST BENGAL,22.343456/88.414597
2160,KANCHRAPARA,KPA,C,SG3,SDAH,ER,"24 PARAGANAS
NORTH",WEST BENGAL,22.9462392/88.4513783
2161,KANKINARA,KNR,C,SG3,SDAH,ER,"24 PARAGANAS
NORTH",WEST BENGAL,22.8662/88.4052
2162,KASHINAGAR HALT,KHGR,F,SG3,SDAH,ER,"24 PARAGANAS
SOUTH",WEST BENGAL,21.90539421/88.20132346
2163,KomagataMaruBGB,KBGB,C,SG3,SDAH,ER,"24 PARAGANAS
SOUTH",WEST BENGAL,
2164,LAKE GARDEN F,LKF,C,SG3,SDAH,ER,KOLKATA,WEST BENGAL,22.508/88.3531
2165,LAKSHMIKANTAPUR,LKPR,C,SG3,SDAH,ER,"24 PARAGANAS
SOUTH",WEST BENGAL,22.1101526/88.3222651
2166,MACHLANDAPUR,MSL,C,SG3,SDAH,ER,"24 PARAGANAS
NORTH",WEST BENGAL,22.8565/88.7451
2167,MADANPUR,MPJ,C,SG3,SDAH,ER,NADIA,WEST BENGAL,23.005928/88.489717
2168,MAGRA HAT,MGT,C,SG3,SDAH,ER,"24 PARAGANAS
SOUTH",WEST BENGAL,22.242111/88.372713
2169,MAJHDIA,MIJ,C,SG3,SDAH,ER,NADIA,WEST BENGAL,23.414562/88.719031
2170,MAJHERGRAM,MAJ,C,SG3,SDAH,ER,NADIA,WEST BENGAL,23.1091365/88.6881047
2171,MAJHERHAT,MJT,C,SG3,SDAH,ER,KOLKATA,WEST BENGAL,22.5190536/88.3221307
2172,MALATIPUR,MPE,F,SG3,SDAH,ER,"24 PARAGANAS
NORTH",WEST BENGAL,22.6516782/88.7626022
2173,MALLIKPUR,MAK,C,SG3,SDAH,ER,"24 PARAGANAS
SOUTH",WEST BENGAL,22.396985/88.433315
2174,MATHURAPUR ROAD,MPRD,C,SG3,SDAH,ER,"24 PARAGANAS
NORTH",WEST BENGAL,22.140587/88.390923
2175,NAMKHANA,NMKA,C,SG3,SDAH,ER,"24 PARAGANAS
SOUTH",WEST BENGAL,21.771775/88.23907
2176,NANGI,NAI,C,SG3,SDAH,ER,"24 PARAGANAS
SOUTH",WEST BENGAL,22.5002134/88.2233537
2177,NETRA,NTA,C,SG3,SDAH,ER,"24 PARAGANAS
SOUTH",WEST BENGAL,22.208105/88.254095
2178,NEW ALIPORE (CALCUTT,NACC,C,SG3,SDAH,ER,KOLKATA,WEST BENGAL,22.5103/88.3354
2179,NEW BARRACKPUR,NBE,C,SG3,SDAH,ER,"24 PARAGANAS
NORTH",WEST BENGAL,22.6868/88.4446
2180,NEW GARIA,NGRI,C,SG3,SDAH,ER,"24 PARAGANAS
SOUTH",WEST BENGAL,22.47284245/88.39775795
2181,PALPARA,PXR,C,SG3,SDAH,ER,NADIA,WEST BENGAL,23.059458/88.520722
2182,PALTA,PTF,C,SG3,SDAH,ER,"24 PARAGANAS
NORTH",WEST BENGAL,22.7826288/88.3702748
2183,PARK CIRCUS,PQS,C,SG3,SDAH,ER,KOLKATA,WEST BENGAL,22.5405657/88.3738598
2184,PATIPUKUR,PTKR,C,SG3,SDAH,ER,"24 PARAGANAS
NORTH",WEST BENGAL,22.6065505/88.3952451
2185,PAYRADANGA,PDX,C,SG3,SDAH,ER,NADIA,WEST BENGAL,23.128661/88.545481
2186,PHULIA,FLU,C,SG3,SDAH,ER,NADIA,WEST BENGAL,23.229897/88.49634
2187,PIALI,PLF,C,SG3,SDAH,ER,"24 PARAGANAS
SOUTH",WEST BENGAL,22.388254/88.517441
2188,PRINCEPGHAT,PPGT,C,SG3,SDAH,ER,KOLKATA,WEST BENGAL,22.5565732/88.3314178
2189,SANGRAMPUR,SNU,C,SG3,SDAH,ER,"24 PARAGANAS
SOUTH",WEST BENGAL,22.224929/88.32876
2190,SANTOSHPUR F,SSP,C,SG3,SDAH,ER,"24 PARAGANAS
SOUTH",WEST BENGAL,22.5240776/88.2710617
2191,SHANTIPUR,STB,C,SG3,SDAH,ER,NADIA,WEST BENGAL,23.262661/88.435028
2192,SHASAN ROAD F,SSRD,C,SG3,SDAH,ER,"24 PARAGANAS
SOUTH",WEST BENGAL,22.34654/88.434523
2193,SIMURALI,SMX,C,SG3,SDAH,ER,NADIA,WEST BENGAL,23.041337/88.510164
2194,SONDALIA,SXC,C,SG3,SDAH,ER,"24 PARAGANAS
NORTH",WEST BENGAL,22.6818162/88.5823002
2195,SURJYAPUR F,SJPR,C,SG3,SDAH,ER,"24 PARAGANAS
SOUTH",WEST BENGAL,22.293128/88.466557
2196,TAHERPUR,THP,C,SG3,SDAH,ER,NADIA,WEST BENGAL,23.259379/88.543119
2197,TAKI ROAD,TKF,C,SG3,SDAH,ER,"24 PARAGANAS
NORTH",WEST BENGAL,22.5879409/88.9158609
2198,TALA,TALA,C,SG3,SDAH,ER,KOLKATA,WEST BENGAL,22.6061/88.3789
2199,TALDI,TLX,C,SG3,SDAH,ER,"24 PARAGANAS
SOUTH",WEST BENGAL,22.343647/88.608759
2200,THAKURNAGAR,TKNR,C,SG3,SDAH,ER,"24 PARAGANAS
NORTH",WEST BENGAL,22.92444444/88.77777778
2201,TITAGARH,TGH,C,SG3,SDAH,ER,"24 PARAGANAS
NORTH",WEST BENGAL,22.7411261/88.3745843
2202,TOLLYGANJ,TLG,C,SG3,SDAH,ER,KOLKATA,WEST BENGAL,22.5077/88.3476
2203,AULENDA,AED,F,HG2,AGRA,NCR,AGRA,UTTAR PRADESH,
2204,BANCHARI,BNCR,F,HG2,AGRA,NCR,PALWAL,HARYANA,
2205,BIRAMBAD,BAMA,F,HG2,AGRA,NCR,BHARATPUR,RAJASTHAN,
2206,DEEN DAYAL DHAM,DDDM,F,HG2,AGRA,NCR,MATHURA,UTTAR PRADESH,
2207,DHANA KHERLI HALT,DXK,F,HG2,AGRA,NCR,BHARATPUR,RAJASTHAN,
2208,KHERA SANDHAN HALT,KHSN,F,HG2,AGRA,NCR,AGRA,UTTAR PRADESH,
2209,NAGLA TULA,NGLT,F,HG2,AGRA,NCR,BHARATPUR,RAJASTHAN,
2210,ANGAI HALT,AGE,F,HG3,AGRA,NCR,DHOLPUR,RAJASTHAN,
2211,BAGTHAR,BFG,F,HG3,AGRA,NCR,DHOLPUR,RAJASTHAN,
2212,BAH,HAB,E,HG3,AGRA,NCR,AGRA,UTTAR PRADESH,
2213,BASERI,BED,F,HG3,AGRA,NCR,DHOLPUR,RAJASTHAN,
2214,BATESAR,BASR,F,HG3,AGRA,NCR,AGRA,UTTAR PRADESH,
2215,BHADRAULI,BDRI,F,HG3,AGRA,NCR,AGRA,UTTAR PRADESH,
2216,BHUDA,BUDA,F,HG3,AGRA,NCR,ALWAR,RAJASTHAN,
2217,DANTIA,DTF,F,HG3,AGRA,NCR,ALWAR,RAJASTHAN,
2218,DHIMSIRI,DMSR,F,HG3,AGRA,NCR,AGRA,UTTAR PRADESH,
2219,FATEHABAD,FAB,E,HG3,AGRA,NCR,AGRA,UTTAR PRADESH,
2220,GARHI BERI,GBPM,A,HG3,AGRA,NCR,MATHURA,UTTAR PRADESH,
2221,GARHI SANDRA,GIS,F,HG3,AGRA,NCR,DHOLPUR,RAJASTHAN,
2222,JAITPUR KALAN,JTKN,F,HG3,AGRA,NCR,AGRA,UTTAR PRADESH,
2223,JAITPURA,JATP,F,HG3,AGRA,NCR,AGRA,UTTAR PRADESH,
2224,KARAUNDHANA,KRDN,F,HG3,AGRA,NCR,AGRA,UTTAR PRADESH,
2225,MANIKPURA,MAKP,F,HG3,AGRA,NCR,AGRA,UTTAR PRADESH,
2226,MANISINGH KA PURA,MGKP,F,HG3,AGRA,NCR,AGRA,UTTAR PRADESH,
2227,NOHBACHHAMADI,NHB,F,HG3,AGRA,NCR,BHARATPUR,RAJASTHAN,
2228,NURPURA HALT,NPH,F,HG3,AGRA,NCR,DHOLPUR,RAJASTHAN,
2229,RANPURA,RNB,F,HG3,AGRA,NCR,DHOLPUR,RAJASTHAN,
2230,SHAMSHABAD TOWN,SSDT,E,HG3,AGRA,NCR,AGRA,UTTAR PRADESH,
2231,SHRI GHASI NAGAR,SHGN,F,HG3,AGRA,NCR,DAUSA,RAJASTHAN,
2232,SINGARPUR,SNPR,F,HG3,AGRA,NCR,AGRA,UTTAR PRADESH,
2233,SOOROTHEE,SRTE,F,HG3,AGRA,NCR,DHOLPUR,RAJASTHAN,
2234,TARCHHERA BARAOLIRAN,TBL,F,HG3,AGRA,NCR,BHARATPUR,RAJASTHAN,
2235,AGRA CANTT,AGC,A1,NSG2,AGRA,NCR,AGRA,UTTAR PRADESH,
2236,MATHURA JN,MTJ,A1,NSG2,AGRA,NCR,MATHURA,UTTAR PRADESH,
2237,AGRA FORT,AF,A,NSG3,AGRA,NCR,AGRA,UTTAR PRADESH,
2238,KOSI KALAN,KSV,D,NSG4,AGRA,NCR,MATHURA,UTTAR PRADESH,
2239,RAJA-KI-MANDI,RKM,A,NSG4,AGRA,NCR,AGRA,UTTAR PRADESH,
2240,BHUTESHWAR,BTSR,D,NSG5,AGRA,NCR,MATHURA,UTTAR PRADESH,
2241,DHAULPUR,DHO,B,NSG5,AGRA,NCR,DHOLPUR,RAJASTHAN,
2242,GOVERDHAN,GDO,E,NSG5,AGRA,NCR,MATHURA,UTTAR PRADESH,
2243,HODAL,HDL,D,NSG5,AGRA,NCR,PALWAL,HARYANA,
2244,IDGAH,IDH,D,NSG5,AGRA,NCR,AGRA,UTTAR PRADESH,
2245,KHERLI,KL,D,NSG5,AGRA,NCR,ALWAR,RAJASTHAN,
2246,"MANDAWAR MAHWA
ROAD",MURD,D,NSG5,AGRA,NCR,DAUSA,RAJASTHAN,
2247,NADBAI,NBI,D,NSG5,AGRA,NCR,BHARATPUR,RAJASTHAN,
2248,ACHHNERA JN.,AH,D,NSG-5,AGRA,NCR,AGRA,UTTAR PRADESH,
2249,AGRA CITY,AGA,E,NSG6,AGRA,NCR,AGRA,UTTAR PRADESH,
2250,AJHAI,AJH,E,NSG6,AGRA,NCR,MATHURA,UTTAR PRADESH,
2251,BAAD,BAD,E,NSG6,AGRA,NCR,MATHURA,UTTAR PRADESH,
2252,BANDH BARETHA,BR,E,NSG6,AGRA,NCR,BHARATPUR,RAJASTHAN,
2253,BANSI PAHARPUR,BIQ,E,NSG6,AGRA,NCR,BHARATPUR,RAJASTHAN,
2254,BARI,BARI,E,NSG6,AGRA,NCR,DHOLPUR,RAJASTHAN,
2255,BEDHAM,BEDM,E,NSG6,AGRA,NCR,BHARATPUR,RAJASTHAN,
2256,BEHAJ,BEHJ,E,NSG6,AGRA,NCR,BHARATPUR,RAJASTHAN,
2257,BHAINSA,BSA,E,NSG6,AGRA,NCR,MATHURA,UTTAR PRADESH,
2258,BHAJERA,BJRA,F,NSG6,AGRA,NCR,ALWAR,RAJASTHAN,
2259,BHANDAI,BHA,E,NSG6,AGRA,NCR,AGRA,UTTAR PRADESH,
2260,BICHPURI,BCP,E,NSG6,AGRA,NCR,AGRA,UTTAR PRADESH,
2261,BILOCHPURA AGRA,BFP,E,NSG6,AGRA,NCR,AGRA,UTTAR PRADESH,
2262,BIWAI,BW,E,NSG6,AGRA,NCR,DAUSA,RAJASTHAN,
2263,BRIJ NAGAR,BINR,E,NSG6,AGRA,NCR,BHARATPUR,RAJASTHAN,
2264,CHATA,CHJ,E,NSG6,AGRA,NCR,MATHURA,UTTAR PRADESH,
2265,CHHALESAR,CHLR,E,NSG6,AGRA,NCR,AGRA,UTTAR PRADESH,
2266,CHIKASANA,CIK,E,NSG6,AGRA,NCR,BHARATPUR,RAJASTHAN,
2267,DEEG,DEEG,E,NSG6,AGRA,NCR,BHARATPUR,RAJASTHAN,
2268,ETMADPUR,ETUE,E,NSG6,AGRA,NCR,AGRA,UTTAR PRADESH,
2269,FARAH,FAR,E,NSG6,AGRA,NCR,MATHURA,UTTAR PRADESH,
2270,FATEHPUR-SIKRI,FTS,E,NSG6,AGRA,NCR,AGRA,UTTAR PRADESH,
2271,GAZIKA,GZKA,E,NSG6,AGRA,NCR,ALWAR,RAJASTHAN,
2272,GHOSRANA,GOS,E,NSG6,AGRA,NCR,ALWAR,RAJASTHAN,
2273,GOVINDGARH,GVH,E,NSG6,AGRA,NCR,ALWAR,RAJASTHAN,
2274,HELAK,HK,E,NSG6,AGRA,NCR,BHARATPUR,RAJASTHAN,
2275,IKRAN,IK,E,NSG6,AGRA,NCR,BHARATPUR,RAJASTHAN,
2276,JADOLI KA BAS,JBS,E,NSG6,AGRA,NCR,ALWAR,RAJASTHAN,
2277,JAJAU,JJ,E,NSG6,AGRA,NCR,AGRA,UTTAR PRADESH,
2278,JHAREDA,JREA,E,NSG6,AGRA,NCR,ALWAR,RAJASTHAN,
2279,KARANPURA,KPO,E,NSG6,AGRA,NCR,ALWAR,RAJASTHAN,
2280,KIRAOLI,KLB,E,NSG6,AGRA,NCR,AGRA,UTTAR PRADESH,
2281,KITHAM,KXM,E,NSG6,AGRA,NCR,AGRA,UTTAR PRADESH,
2282,KUBERPUR,KBP,E,NSG6,AGRA,NCR,AGRA,UTTAR PRADESH,
2283,MANIA,MIA,E,NSG6,AGRA,NCR,DHOLPUR,RAJASTHAN,
2284,MIRHAKUR,MIQ,E,NSG6,AGRA,NCR,AGRA,UTTAR PRADESH,
2285,MOHARI,MHF,E,NSG6,AGRA,NCR,DHOLPUR,RAJASTHAN,
2286,MORA,MROA,E,NSG6,AGRA,NCR,MATHURA,UTTAR PRADESH,
2287,OOTWARD,OTD,E,NSG6,AGRA,NCR,ALWAR,RAJASTHAN,
2288,PAPARERA,PPEA,E,NSG6,AGRA,NCR,BHARATPUR,RAJASTHAN,
2289,PARKHAM,PRK,E,NSG6,AGRA,NCR,MATHURA,UTTAR PRADESH,
2290,PATHAULI,PTLI,E,NSG6,AGRA,NCR,AGRA,UTTAR PRADESH,
2291,RADHAKUND,RAKD,E,NSG6,AGRA,NCR,MATHURA,UTTAR PRADESH,
2292,RAIBHA,RAI,E,NSG6,AGRA,NCR,AGRA,UTTAR PRADESH,
2293,RAMGARH,RAH,E,NSG6,AGRA,NCR,ALWAR,RAJASTHAN,
2294,RUNDHI,RDE,E,NSG6,AGRA,NCR,PALWAL,HARYANA,
2295,RUNKUTA,RNKA,E,NSG6,AGRA,NCR,AGRA,UTTAR PRADESH,
2296,RUPBAS,RBS,E,NSG6,AGRA,NCR,BHARATPUR,RAJASTHAN,
2297,SHOLAKA,SHLK,E,NSG6,AGRA,NCR,PALWAL,HARYANA,
2298,SIRMUTTRA,SRMT,E,NSG6,AGRA,NCR,DHOLPUR,RAJASTHAN,
2299,TANTPUR,TPO,E,NSG6,AGRA,NCR,DHOLPUR,RAJASTHAN,
2300,UDI MOR JN.,UDMR,E,NSG6,AGRA,NCR,ETAWAH,UTTAR PRADESH,
2301,VRINDABAN ROAD,VRBD,E,NSG6,AGRA,NCR,MATHURA,UTTAR PRADESH,
2302,VRINDAVAN,BDB,E,NSG6,AGRA,NCR,MATHURA,UTTAR PRADESH,
2303,YAMUNA BRIDGE,JAB,E,NSG6,AGRA,NCR,AGRA,UTTAR PRADESH,
2304,BARSANA,BARS,NA,,AGRA,NCR,BHARATPUR,RAJASTHAN,
2305,BELANGANJ,BLGJ,NA,,AGRA,NCR,AGRA,UTTAR PRADESH,
2306,MASANI,MSE,NA,,AGRA,NCR,MATHURA,UTTAR PRADESH,
2307,CHARKHARI ROAD,CRC,F,HG2,JHS,NCR,MAHOBA,UTTAR PRADESH,
2308,DAPSAURA,DPSR,F,HG2,JHS,NCR,HAMIRPUR,UTTAR PRADESH,
2309,GHUTAI,GTI,F,HG2,JHS,NCR,MAHOBA,UTTAR PRADESH,
2310,INGOHTA,IGTA,F,HG2,JHS,NCR,HAMIRPUR,UTTAR PRADESH,
2311,ITEHAR,AAH,F,HG2,JHS,NCR,BHIND,MADHYA PRADESH,
2312,RAJNAGAR K HALT,RJAK,F,HG2,JHS,NCR,CHHATARPUR,MADHYA PRADESH,
2313,SIRHI ITARA,SIRA,F,HG2,JHS,NCR,KANPUR NAGAR,UTTAR PRADESH,
2314,AMBIKESHWAR,ABE,F,HG3,JHS,NCR,MORENA,MADHYA PRADESH,
2315,ASOKHAR,AXK,F,HG3,JHS,NCR,BHIND,MADHYA PRADESH,
2316,BARIPURA,BPRA,F,HG3,JHS,NCR,MAHOBA,UTTAR PRADESH,
2317,BASARI,BSRI,F,HG3,JHS,NCR,RAJGARH,MADHYA PRADESH,
2318,BHADROLI HALT,BBY,F,HG3,JHS,NCR,GWALIOR,MADHYA PRADESH,
2319,BHATPURA,BHAT,F,HG3,JHS,NCR,MORENA,MADHYA PRADESH,
2320,BIJAIPUR ROAD,BJPR,F,HG3,JHS,NCR,MORENA,MADHYA PRADESH,
2321,BINAUR,BNAR,F,HG3,JHS,NCR,KANPUR NAGAR,UTTAR PRADESH,
2322,CHITHARI HALT,CHIT,F,HG3,JHS,NCR,CHHATARPUR,MADHYA PRADESH,
2323,DATARDA KALAN,DTQ,F,HG3,JHS,NCR,SHEOPUR,MADHYA PRADESH,
2324,DOHRU,DXU,F,HG3,JHS,NCR,KANPUR NAGAR,UTTAR PRADESH,
2325,DURGAPURI,DURP,F,HG3,JHS,NCR,SHEOPUR,MADHYA PRADESH,
2326,KAIMARAKALAN,KAKN,F,HG3,JHS,NCR,SHEOPUR,MADHYA PRADESH,
2327,MAGARPUR,MGRR,E,HG3,JHS,NCR,JHANSI,UTTAR PRADESH,
2328,MALASA,MLS,F,HG3,JHS,NCR,KANPUR DEHAT,UTTAR PRADESH,
2329,MAWAI,MWAI,F,HG3,JHS,NCR,TIKAMGARH,MADHYA PRADESH,
2330,NONERA,NNE,D,HG3,JHS,NCR,BHIND,MADHYA PRADESH,
2331,NURABAD,NUB,F,HG3,JHS,NCR,MORENA,MADHYA PRADESH,
2332,PHOOP,PHOP,F,HG3,JHS,NCR,BHIND,MADHYA PRADESH,
2333,PIPALWALI CHOWKI,PPCK,F,HG3,JHS,NCR,MORENA,MADHYA PRADESH,
2334,RAGHOULI,RGLI,F,HG3,JHS,NCR,CHHATARPUR,MADHYA PRADESH,
2335,RAMPAHARI,RMPH,F,HG3,JHS,NCR,MORENA,MADHYA PRADESH,
2336,RAMPURA,RAPU,F,HG3,JHS,NCR,CHHATARPUR,MADHYA PRADESH,
2337,RASULPUR GOGUMAU,RPGU,F,HG3,JHS,NCR,KANPUR DEHAT,UTTAR PRADESH,
2338,RAYATPURA,RYT,F,HG3,JHS,NCR,BHIND,MADHYA PRADESH,
2339,RETHORAKALAN,RAKL,F,HG3,JHS,NCR,MORENA,MADHYA PRADESH,
2340,SEMAI,SYF,F,HG3,JHS,NCR,MORENA,MADHYA PRADESH,
2341,SERONI ROAD,SEX,F,HG3,JHS,NCR,SHEOPUR,MADHYA PRADESH,
2342,SIKRODA,SKU,F,HG3,JHS,NCR,MORENA,MADHYA PRADESH,
2343,SILLIPUR,SPRA,F,HG3,JHS,NCR,SHEOPUR,MADHYA PRADESH,
2344,SIMARIATAL,SMTL,F,HG3,JHS,NCR,GWALIOR,MADHYA PRADESH,
2345,SONDHA ROAD,SCN,F,HG3,JHS,NCR,BHIND,MADHYA PRADESH,
2346,TARRA KALAN,TKLN,F,HG3,JHS,NCR,SHEOPUR,MADHYA PRADESH,
2347,THARA,THR,F,HG3,JHS,NCR,MORENA,MADHYA PRADESH,
2348,TILA,TILA,F,HG3,JHS,NCR,TIKAMGARH,MADHYA PRADESH,
2349,TILAUNCHI,TLNH,F,HG3,JHS,NCR,KANPUR DEHAT,UTTAR PRADESH,
2350,GWALIOR JN.,GWL,A1,NSG-2,JHS,NCR,GWALIOR,MADHYA PRADESH,
2351,V LAKSHMIBAI,VGLB,A1,NSG-2,JHS,NCR,JHANSI,UTTAR PRADESH,
2352,BANDA JN.,BNDA,A,NSG-3,JHS,NCR,BANDA,UTTAR PRADESH,
2353,MORENA,MRA,A,NSG-3,JHS,NCR,MORENA,MADHYA PRADESH,
2354,CHITRAKUTDHAM KARWI,CKTD,A,NSG-4,JHS,NCR,CHITRAKOOT,UTTAR PRADESH,
2355,DABRA,DBA,B,NSG-4,JHS,NCR,GWALIOR,MADHYA PRADESH,
2356,DATIA,DAA,B,NSG-4,JHS,NCR,DATIA,MADHYA PRADESH,
2357,KHAJAURAHO,KURJ,B,NSG-4,JHS,NCR,CHHATARPUR,MADHYA PRADESH,
2358,LALITPUR JN.,LAR,A,NSG-4,JHS,NCR,LALITPUR,UTTAR PRADESH,
2359,MAHOBA JN.,MBA,A,NSG-4,JHS,NCR,MAHOBA,UTTAR PRADESH,
2360,ORAI,ORAI,A,NSG-4,JHS,NCR,JALAUN,UTTAR PRADESH,
2361,ATARRA,ATE,A,NSG-5,JHS,NCR,BANDA,UTTAR PRADESH,
2362,BABINA,BAB,B,NSG-5,JHS,NCR,JHANSI,UTTAR PRADESH,
2363,BELA TAL,BTX,D,NSG-5,JHS,NCR,MAHOBA,UTTAR PRADESH,
2364,BHARWA-SUMERPUR,BSZ,D,NSG-5,JHS,NCR,HAMIRPUR,UTTAR PRADESH,
2365,BHIND,BIX,F,NSG-5,JHS,NCR,BHIND,MADHYA PRADESH,
2366,GHATAMPUR,GTM,D,NSG-5,JHS,NCR,KANPUR DEHAT,UTTAR PRADESH,
2367,HARPALPUR,HPP,D,NSG-5,JHS,NCR,CHHATARPUR,MADHYA PRADESH,
2368,KALPI,KPI,D,NSG-5,JHS,NCR,JALAUN,UTTAR PRADESH,
2369,KULPAHAR,KLAR,D,NSG-5,JHS,NCR,MAHOBA,UTTAR PRADESH,
2370,MAU RANIPUR,MRPR,D,NSG-5,JHS,NCR,JHANSI,UTTAR PRADESH,
2371,NIWARI,NEW,E,NSG-5,JHS,NCR,TIKAMGARH,MADHYA PRADESH,
2372,POKHRAYAN,PHN,D,NSG-5,JHS,NCR,KANPUR DEHAT,UTTAR PRADESH,
2373,RAGAUL,RGU,D,NSG-5,JHS,NCR,HAMIRPUR,UTTAR PRADESH,
2374,TALBAHAT,TBT,D,NSG-5,JHS,NCR,LALITPUR,UTTAR PRADESH,
2375,AGASOD,AGD,E,NSG6,JHS,NCR,SAGAR,MADHYA PRADESH,
2376,AIT JN.,AIT,D,NSG6,JHS,NCR,JALAUN,UTTAR PRADESH,
2377,AKONA,AKW,E,NSG6,JHS,NCR,HAMIRPUR,UTTAR PRADESH,
2378,ANANTPAITH,AEH,E,NSG6,JHS,NCR,GWALIOR,MADHYA PRADESH,
2379,ANTRI,ARI,E,NSG6,JHS,NCR,GWALIOR,MADHYA PRADESH,
2380,ATA,ATA,E,NSG6,JHS,NCR,JALAUN,UTTAR PRADESH,
2381,BADAUSA,BUS,E,NSG6,JHS,NCR,BANDA,UTTAR PRADESH,
2382,BAHILPURWA,BIP,E,NSG6,JHS,NCR,CHITRAKOOT,UTTAR PRADESH,
2383,BAMOUR GAON,BMZ,E,NSG6,JHS,NCR,MORENA,MADHYA PRADESH,
2384,BANMORE,BAO,E,NSG6,JHS,NCR,MORENA,MADHYA PRADESH,
2385,BARWA SAGAR,BWR,E,NSG6,JHS,NCR,JHANSI,UTTAR PRADESH,
2386,BASAI,BZY,E,NSG6,JHS,NCR,DATIA,MADHYA PRADESH,
2387,BHARAT KUP,BTKP,E,NSG6,JHS,NCR,CHITRAKOOT,UTTAR PRADESH,
2388,BHIMSEN,BZM,E,NSG6,JHS,NCR,KANPUR NAGAR,UTTAR PRADESH,
2389,BHUA,BHUA,E,NSG6,JHS,NCR,JALAUN,UTTAR PRADESH,
2390,BIJAULI,BJI,E,NSG6,JHS,NCR,JHANSI,UTTAR PRADESH,
2391,BIJROTHA,BJA,E,NSG6,JHS,NCR,LALITPUR,UTTAR PRADESH,
2392,BIRARI,BRRI,E,NSG6,JHS,NCR,LALITPUR,UTTAR PRADESH,
2393,BIRLANAGAR,BLNR,E,NSG6,JHS,NCR,GWALIOR,MADHYA PRADESH,
2394,BIRPUR,BIB,E,NSG6,JHS,NCR,SHEOPUR,MADHYA PRADESH,
2395,BURHPURA,BPW,E,NSG6,JHS,NCR,JHANSI,UTTAR PRADESH,
2396,CHAUNRAH,CNH,E,NSG6,JHS,NCR,KANPUR DEHAT,UTTAR PRADESH,
2397,CHIRGAON,CGN,E,NSG6,JHS,NCR,JHANSI,UTTAR PRADESH,
2398,DAILWARA,DWA,E,NSG6,JHS,NCR,LALITPUR,UTTAR PRADESH,
2399,DARIYAGANJ,DAYG,E,NSG6,JHS,NCR,CHHATARPUR,MADHYA PRADESH,
2400,DHAURA,DUA,E,NSG6,JHS,NCR,LALITPUR,UTTAR PRADESH,
2401,DINGWAI,DWI,E,NSG6,JHS,NCR,BANDA,UTTAR PRADESH,
2402,ERICH ROAD,ERC,E,NSG6,JHS,NCR,JHANSI,UTTAR PRADESH,
2403,GARHMAU,GRM,E,NSG6,JHS,NCR,JHANSI,UTTAR PRADESH,
2404,GHOSIPURA,GOPA,E,NSG6,JHS,NCR,GWALIOR,MADHYA PRADESH,
2405,GIRDHARPUR,GIW,E,NSG6,JHS,NCR,SHEOPUR,MADHYA PRADESH,
2406,GOHAD ROAD HALT,GOA,E,NSG6,JHS,NCR,BHIND,MADHYA PRADESH,
2407,HAMIRPUR ROAD,HAR,E,NSG6,JHS,NCR,HAMIRPUR,UTTAR PRADESH,
2408,HETAMPUR,HET,E,NSG6,JHS,NCR,MORENA,MADHYA PRADESH,
2409,ICHAULI,ICL,E,NSG6,JHS,NCR,HAMIRPUR,UTTAR PRADESH,
2410,IKDORI,IKD,E,NSG6,JHS,NCR,SHEOPUR,MADHYA PRADESH,
2411,ISHANAGAR,ISHN,E,NSG6,JHS,NCR,CHHATARPUR,MADHYA PRADESH,
2412,JAKHAURA,JHA,E,NSG6,JHS,NCR,LALITPUR,UTTAR PRADESH,
2413,JAKHLAUN,JLN,F,NSG6,JHS,NCR,LALITPUR,UTTAR PRADESH,
2414,JIRON,JRO,E,NSG6,JHS,NCR,LALITPUR,UTTAR PRADESH,
2415,JORA ALAPUR,JPO,E,NSG6,JHS,NCR,MORENA,MADHYA PRADESH,
2416,KABRAI,KBR,E,NSG6,JHS,NCR,MAHOBA,UTTAR PRADESH,
2417,KAILARAS,KQS,E,NSG6,JHS,NCR,MORENA,MADHYA PRADESH,
2418,KARARI,KRQ,A,NSG6,JHS,NCR,JHANSI,UTTAR PRADESH,
2419,KARONDA,KOA,E,NSG6,JHS,NCR,SAGAR,MADHYA PRADESH,
2420,KATHARA ROAD,KTRR,E,NSG6,JHS,NCR,KANPUR NAGAR,UTTAR PRADESH,
2421,KHAIRAR JN.,KID,E,NSG6,JHS,NCR,BANDA,UTTAR PRADESH,
2422,KHAJRAHA,KHJ,E,NSG6,JHS,NCR,JHANSI,UTTAR PRADESH,
2423,KHARGAPUR,KHGP,E,NSG6,JHS,NCR,TIKAMGARH,MADHYA PRADESH,
2424,KHOH,KHOH,E,NSG6,JHS,NCR,CHITRAKOOT,UTTAR PRADESH,
2425,KHOJEEPURA,KJP,E,NSG6,JHS,NCR,SHEOPUR,MADHYA PRADESH,
2426,KHURHAND,KHU,E,NSG6,JHS,NCR,BANDA,UTTAR PRADESH,
2427,KONCH,KNH,E,NSG6,JHS,NCR,JALAUN,UTTAR PRADESH,
2428,KOTRA,KTRA,E,NSG6,JHS,NCR,DATIA,MADHYA PRADESH,
2429,LALPUR,LLR,E,NSG6,JHS,NCR,KANPUR DEHAT,UTTAR PRADESH,
2430,M C CHHATARPUR,MCSC,E,NSG6,JHS,NCR,CHHATARPUR,MADHYA PRADESH,
2431,MALANPUR,MLAR,A,NSG6,JHS,NCR,MORENA,MADHYA PRADESH,
2432,MATATILA,MZX,E,NSG6,JHS,NCR,LALITPUR,UTTAR PRADESH,
2433,MATAUNDH,MTH,E,NSG6,JHS,NCR,BANDA,UTTAR PRADESH,
2434,MOHASA,MXS,E,NSG6,JHS,NCR,SAGAR,MADHYA PRADESH,
2435,MOTH,MOTH,E,NSG6,JHS,NCR,JHANSI,UTTAR PRADESH,
2436,MOTIJHEEL,MTJL,E,NSG6,JHS,NCR,GWALIOR,MADHYA PRADESH,
2437,MUSTARA,MSV,E,NSG6,JHS,NCR,JHANSI,UTTAR PRADESH,
2438,NANDKHAS,NDK,E,NSG6,JHS,NCR,JHANSI,UTTAR PRADESH,
2439,ORCHHA,ORC,E,NSG6,JHS,NCR,TIKAMGARH,MADHYA PRADESH,
2440,PAMAN,PMN,E,NSG6,JHS,NCR,KANPUR DEHAT,UTTAR PRADESH,
2441,PARAUNA,PRN,E,NSG6,JHS,NCR,JHANSI,UTTAR PRADESH,
2442,PARICHA,PIC,E,NSG6,JHS,NCR,JHANSI,UTTAR PRADESH,
2443,PATARA,PTRE,E,NSG6,JHS,NCR,KANPUR NAGAR,UTTAR PRADESH,
2444,RANIPUR ROAD,RNRD,E,NSG6,JHS,NCR,JHANSI,UTTAR PRADESH,
2445,RAYARU,RRU,E,NSG6,JHS,NCR,GWALIOR,MADHYA PRADESH,
2446,RORA,RORA,E,NSG6,JHS,NCR,JHANSI,UTTAR PRADESH,
2447,SABALGARH,SBL,E,NSG6,JHS,NCR,MORENA,MADHYA PRADESH,
2448,SANICHARA,SAC,E,NSG6,JHS,NCR,MORENA,MADHYA PRADESH,
2449,SANK,SANK,E,NSG6,JHS,NCR,MORENA,MADHYA PRADESH,
2450,SARKANPUR,SKNP,E,NSG6,JHS,NCR,TIKAMGARH,MADHYA PRADESH,
2451,SARSOKI,SSKI,E,NSG6,JHS,NCR,JALAUN,UTTAR PRADESH,
2452,SHEOPUR KALAN,SOE,E,NSG6,JHS,NCR,SHEOPUR,MADHYA PRADESH,
2453,SHIVRAMPUR,SWC,E,NSG6,JHS,NCR,CHITRAKOOT,UTTAR PRADESH,
2454,SIKRODA KWANRI,SIKD,E,NSG6,JHS,NCR,MORENA,MADHYA PRADESH,
2455,SINGHPURDUMRA,SPDM,E,NSG6,JHS,NCR,CHHATARPUR,MADHYA PRADESH,
2456,SITHOULI,STLI,E,NSG6,JHS,NCR,GWALIOR,MADHYA PRADESH,
2457,SONAGIR,SOR,E,NSG6,JHS,NCR,DATIA,MADHYA PRADESH,
2458,SONI,SONI,E,NSG6,JHS,NCR,BHIND,MADHYA PRADESH,
2459,SUMAOLI,SMV,E,NSG6,JHS,NCR,MORENA,MADHYA PRADESH,
2460,TEHARKA,TKA,E,NSG6,JHS,NCR,TIKAMGARH,MADHYA PRADESH,
2461,TIKAMGARH,TKMG,E,NSG6,JHS,NCR,TIKAMGARH,MADHYA PRADESH,
2462,UDAIPURA,UDPR,E,NSG6,JHS,NCR,LALITPUR,UTTAR PRADESH,
2463,USARGAON,URG,E,NSG6,JHS,NCR,JALAUN,UTTAR PRADESH,
2464,YAMUNA SOUTH BANK,JSB,E,NSG6,JHS,NCR,HAMIRPUR,UTTAR PRADESH,
2465,ARAON,AON,F,HG2,PRYJ,NCR,FIROZABAD,UTTAR PRADESH,
2466,BABA LAKSHMAN DAS PU,BBLK,F,HG2,PRYJ,NCR,FARRUKHABAD,UTTAR PRADESH,
2467,BORAKI HALT,BRKY,F,HG2,PRYJ,NCR,"GAUTAM BUDDHA
NAGAR",UTTAR PRADESH,
2468,GANGRAUL HALT,GNRL,F,HG2,PRYJ,NCR,BULANDSHAHR,UTTAR PRADESH,
2469,KAMALPUR HALT,KAMP,F,HG2,PRYJ,NCR,BULANDSHAHR,UTTAR PRADESH,
2470,MAINPURI KACHERI HAL,MPUE,F,HG2,PRYJ,NCR,MAINPURI,UTTAR PRADESH,
2471,PAKHNA,PKNA,F,HG2,PRYJ,NCR,FARRUKHABAD,UTTAR PRADESH,
2472,PARJANI HALT,PJY,F,HG2,PRYJ,NCR,KANPUR DEHAT,UTTAR PRADESH,
2473,PATRA,PTRA,F,HG2,PRYJ,NCR,KANPUR DEHAT,UTTAR PRADESH,
2474,ROSHAN MAU HALT,RMW,F,HG2,PRYJ,NCR,KANPUR DEHAT,UTTAR PRADESH,
2475,SHIWALA TEHU HALT,SWT,F,HG2,PRYJ,NCR,AGRA,UTTAR PRADESH,
2476,UGARPUR,UGP,F,HG2,PRYJ,NCR,FARRUKHABAD,UTTAR PRADESH,
2477,AWA GARH,AWG,F,HG3,PRYJ,NCR,ETAH,UTTAR PRADESH,
2478,BAIDPUR,BPUR,F,HG3,PRYJ,NCR,ETAWAH,UTTAR PRADESH,
2479,BHUJIA,BUJA,F,HG3,PRYJ,NCR,MAINPURI,UTTAR PRADESH,
2480,BUDA BHARTHARA HALT,BUBT,F,HG3,PRYJ,NCR,FIROZABAD,UTTAR PRADESH,
2481,FATEHPUR MAKRANDPUR,FPMP,F,HG3,PRYJ,NCR,BULANDSHAHR,UTTAR PRADESH,
2482,GHASARA HALT,GHSR,F,HG3,PRYJ,NCR,AURAIYA,UTTAR PRADESH,
2483,KIRATPUR,KAPU,F,HG3,PRYJ,NCR,MAINPURI,UTTAR PRADESH,
2484,KUSWA HALT,KWW,F,HG3,PRYJ,NCR,ETAH,UTTAR PRADESH,
2485,SAIPHAI,SIPI,F,HG3,PRYJ,NCR,ETAWAH,UTTAR PRADESH,
2486,SHAHANAGAR TIMARUA,SWW,F,HG3,PRYJ,NCR,ETAH,UTTAR PRADESH,
2487,SHRIMAD DWARIKAPURI,SRDW,F,HG3,PRYJ,NCR,FARRUKHABAD,UTTAR PRADESH,
2488,TAKHA,TKHA,F,HG3,PRYJ,NCR,FIROZABAD,UTTAR PRADESH,
2489,TAKHRAU HALT,TKRU,F,HG3,PRYJ,NCR,MAINPURI,UTTAR PRADESH,
2490,TINDAULI,TNUE,F,HG3,PRYJ,NCR,MAINPURI,UTTAR PRADESH,
2491,KANPUR CENTRAL JN.,CNB,A1,NSG-2,PRYJ,NCR,KANPUR NAGAR,UTTAR PRADESH,
2492,PRAYAGRAJ JN.,PRYJ,A1,NSG-2,PRYJ,NCR,PRAYAGRAJ,UTTAR PRADESH,
2493,ALIGARH JN.,ALJN,A,NSG-3,PRYJ,NCR,ALIGARH,UTTAR PRADESH,
2494,ETAWAH JN.,ETW,A,NSG-3,PRYJ,NCR,ETAWAH,UTTAR PRADESH,
2495,MIRZAPUR,MZP,A,NSG-3,PRYJ,NCR,MIRZAPUR,UTTAR PRADESH,
2496,PRAYAGRAJ CHHEOKI,PCOI,B,NSG-3,PRYJ,NCR,PRAYAGRAJ,UTTAR PRADESH,
2497,TUNDLA JN.,TDL,A,NSG-3,PRYJ,NCR,FIROZABAD,UTTAR PRADESH,
2498,DADRI,DER,D,NSG-4,PRYJ,NCR,"GAUTAM BUDDHA
NAGAR",UTTAR PRADESH,
2499,FATEHPUR,FTP,A,NSG-4,PRYJ,NCR,FATEHPUR,UTTAR PRADESH,
2500,KANPUR ANWARGANJ,CPA,B,NSG-4,PRYJ,NCR,KANPUR NAGAR,UTTAR PRADESH,
2501,KHURJA JN.,KRJ,D,NSG-4,PRYJ,NCR,BULANDSHAHR,UTTAR PRADESH,
2502,MANIKPUR JN.,MKP,B,NSG-4,PRYJ,NCR,CHITRAKOOT,UTTAR PRADESH,
2503,PHAPHUND,PHD,A,NSG-4,PRYJ,NCR,AURAIYA,UTTAR PRADESH,
2504,SUBEDARGANJ,SFG,B,NSG-4,PRYJ,NCR,PRAYAGRAJ,UTTAR PRADESH,
2505,ACHALDA,ULD,D,NSG-5,PRYJ,NCR,AURAIYA,UTTAR PRADESH,
2506,BHARTHANA,BNT,D,NSG-5,PRYJ,NCR,ETAWAH,UTTAR PRADESH,
2507,BHARWARI,BRE,D,NSG-5,PRYJ,NCR,KAUSHAMBI,UTTAR PRADESH,
2508,BHONGAON,BGQ,E,NSG-5,PRYJ,NCR,MAINPURI,UTTAR PRADESH,
2509,CHOLA,CHL,D,NSG-5,PRYJ,NCR,BULANDSHAHR,UTTAR PRADESH,
2510,CHUNAR JN.,CAR,D,NSG-5,PRYJ,NCR,MIRZAPUR,UTTAR PRADESH,
2511,DABHAURA,DBR,D,NSG-5,PRYJ,NCR,REWA,MADHYA PRADESH,
2512,DANKAUR,DKDE,D,NSG-5,PRYJ,NCR,"GAUTAM BUDDHA
NAGAR",UTTAR PRADESH,
2513,FIROZABAD,FZD,B,NSG-5,PRYJ,NCR,FIROZABAD,UTTAR PRADESH,
2514,GOVINDPURI,GOY,D,NSG-5,PRYJ,NCR,KANPUR NAGAR,UTTAR PRADESH,
2515,HATHRAS JN.,HRS,D,NSG-5,PRYJ,NCR,HATHRAS,UTTAR PRADESH,
2516,JHINJHAK,JJK,D,NSG-5,PRYJ,NCR,KANPUR DEHAT,UTTAR PRADESH,
2517,KHAGA,KGA,D,NSG-5,PRYJ,NCR,FATEHPUR,UTTAR PRADESH,
2518,MAINPURI JN.,MNQ,D,NSG-5,PRYJ,NCR,MAINPURI,UTTAR PRADESH,
2519,MANDA ROAD,MNF,D,NSG-5,PRYJ,NCR,PRAYAGRAJ,UTTAR PRADESH,
2520,MEJA ROAD,MJA,D,NSG-5,PRYJ,NCR,PRAYAGRAJ,UTTAR PRADESH,
2521,NAINI JN.,NYN,D,NSG-5,PRYJ,NCR,PRAYAGRAJ,UTTAR PRADESH,
2522,PANKI DHAM,PNKD,D,NSG-5,PRYJ,NCR,KANPUR NAGAR,UTTAR PRADESH,
2523,RURA,RURA,D,NSG-5,PRYJ,NCR,KANPUR DEHAT,UTTAR PRADESH,
2524,SHANKARGARH,SRJ,D,NSG-5,PRYJ,NCR,PRAYAGRAJ,UTTAR PRADESH,
2525,SHIKOHABAD JN.,SKB,B,NSG-5,PRYJ,NCR,FIROZABAD,UTTAR PRADESH,
2526,SIRATHU,SRO,D,NSG-5,PRYJ,NCR,KAUSHAMBI,UTTAR PRADESH,
2527,SONBHADRA,SBDR,D,NSG-5,PRYJ,NCR,SONBHADRA,UTTAR PRADESH,
2528,VINDHYACHAL,BDL,B,NSG-5,PRYJ,NCR,MIRZAPUR,UTTAR PRADESH,
2529,WAIR,WAIR,E,NSG-5,PRYJ,NCR,BULANDSHAHR,UTTAR PRADESH,
2530,AGORI KHAS,AGY,E,NSG6,PRYJ,NCR,SONBHADRA,UTTAR PRADESH,
2531,AHRAURA ROAD,ARW,E,NSG6,PRYJ,NCR,MIRZAPUR,UTTAR PRADESH,
2532,AJAIBPUR,AJR,E,NSG6,PRYJ,NCR,"GAUTAM BUDDHA
NAGAR",UTTAR PRADESH,
2533,AMBIAPUR,AAP,E,NSG6,PRYJ,NCR,KANPUR DEHAT,UTTAR PRADESH,
2534,ATHSARAI,ASCE,E,NSG6,PRYJ,NCR,KAUSHAMBI,UTTAR PRADESH,
2535,AUNG,AUNG,E,NSG6,PRYJ,NCR,FATEHPUR,UTTAR PRADESH,
2536,BALRAI,BBL,E,NSG6,PRYJ,NCR,ETAWAH,UTTAR PRADESH,
2537,BAMHRAULI,BMU,E,NSG6,PRYJ,NCR,PRAYAGRAJ,UTTAR PRADESH,
2538,BARGARH,BRG,E,NSG6,PRYJ,NCR,CHITRAKOOT,UTTAR PRADESH,
2539,BARHAN JN.,BRN,E,NSG6,PRYJ,NCR,AGRA,UTTAR PRADESH,
2540,BHADAN,BDN,E,NSG6,PRYJ,NCR,FIROZABAD,UTTAR PRADESH,
2541,BHAUPUR,BPU,E,NSG6,PRYJ,NCR,KANPUR DEHAT,UTTAR PRADESH,
2542,BHEERPUR,BEP,E,NSG6,PRYJ,NCR,PRAYAGRAJ,UTTAR PRADESH,
2543,BIDANPUR,BDNP,E,NSG6,PRYJ,NCR,KAUSHAMBI,UTTAR PRADESH,
2544,BINDKI ROAD,BKO,E,NSG6,PRYJ,NCR,FATEHPUR,UTTAR PRADESH,
2545,BIROHE,BEO,E,NSG6,PRYJ,NCR,MIRZAPUR,UTTAR PRADESH,
2546,CHAKERI,CHK,E,NSG6,PRYJ,NCR,KANPUR NAGAR,UTTAR PRADESH,
2547,CHAMROLA,CMR,E,NSG6,PRYJ,NCR,AGRA,UTTAR PRADESH,
2548,CHANDARI,CNBI,E,NSG6,PRYJ,NCR,KANPUR NAGAR,UTTAR PRADESH,
2549,CHURK,CUK,E,NSG6,PRYJ,NCR,SONBHADRA,UTTAR PRADESH,
2550,DAGMAGPUR,DAP,E,NSG6,PRYJ,NCR,MIRZAPUR,UTTAR PRADESH,
2551,DANWAR,DAR,E,NSG6,PRYJ,NCR,BULANDSHAHR,UTTAR PRADESH,
2552,DAUD KHAN,DAQ,E,NSG6,PRYJ,NCR,ALIGARH,UTTAR PRADESH,
2553,EKDIL,EKL,E,NSG6,PRYJ,NCR,ETAWAH,UTTAR PRADESH,
2554,ETAH,ETAH,E,NSG6,PRYJ,NCR,ETAH,UTTAR PRADESH,
2555,FAIZULLAPUR,FYZ,E,NSG6,PRYJ,NCR,FATEHPUR,UTTAR PRADESH,
2556,GAIPURA,GAE,E,NSG6,PRYJ,NCR,MIRZAPUR,UTTAR PRADESH,
2557,HARDUAGANJ,HGJ,E,NSG6,PRYJ,NCR,ALIGARH,UTTAR PRADESH,
2558,HATHRAS QILAH,HRF,E,NSG6,PRYJ,NCR,HATHRAS,UTTAR PRADESH,
2559,HIRANGAON,HNG,E,NSG6,PRYJ,NCR,FIROZABAD,UTTAR PRADESH,
2560,IRADATGANJ,IDGJ,E,NSG6,PRYJ,NCR,PRAYAGRAJ,UTTAR PRADESH,
2561,JALESAR CITY,JSC,E,NSG6,PRYJ,NCR,ETAH,UTTAR PRADESH,
2562,JALESAR ROAD,JLS,D,NSG6,PRYJ,NCR,HATHRAS,UTTAR PRADESH,
2563,JASRA,JSR,E,NSG6,PRYJ,NCR,PRAYAGRAJ,UTTAR PRADESH,
2564,JASWANTNAGAR,JGR,E,NSG6,PRYJ,NCR,ETAWAH,UTTAR PRADESH,
2565,JEONATHPUR,JEP,E,NSG6,PRYJ,NCR,MIRZAPUR,UTTAR PRADESH,
2566,JHINGURA,JHG,E,NSG6,PRYJ,NCR,MIRZAPUR,UTTAR PRADESH,
2567,JIGNA,JIA,A,NSG6,PRYJ,NCR,MIRZAPUR,UTTAR PRADESH,
2568,KAILAHAT,KYT,E,NSG6,PRYJ,NCR,MIRZAPUR,UTTAR PRADESH,
2569,KANCHAUSI,KNS,E,NSG6,PRYJ,NCR,KANPUR NAGAR,UTTAR PRADESH,
2570,KANSPUR GUGAULI,KSQ,E,NSG6,PRYJ,NCR,FATEHPUR,UTTAR PRADESH,
2571,KARBIGWAN,KBN,E,NSG6,PRYJ,NCR,KANPUR NAGAR,UTTAR PRADESH,
2572,KARCHANA,KCN,E,NSG6,PRYJ,NCR,PRAYAGRAJ,UTTAR PRADESH,
2573,KARHAL,KAHL,E,NSG6,PRYJ,NCR,MAINPURI,UTTAR PRADESH,
2574,KATAIYA DANDI HALT,KTDD,F,NSG6,PRYJ,NCR,CHITRAKOOT,UTTAR PRADESH,
2575,KATOGHAN,KTCE,A,NSG6,PRYJ,NCR,FATEHPUR,UTTAR PRADESH,
2576,KAURARA,KAA,E,NSG6,PRYJ,NCR,FIROZABAD,UTTAR PRADESH,
2577,KHAIRAHI,KHRY,E,NSG6,PRYJ,NCR,SONBHADRA,UTTAR PRADESH,
2578,KOSMA,KOZ,E,NSG6,PRYJ,NCR,MAINPURI,UTTAR PRADESH,
2579,KULWA,KLA,E,NSG6,PRYJ,NCR,ALIGARH,UTTAR PRADESH,
2580,KUNWAR,KUW,E,NSG6,PRYJ,NCR,KAUSHAMBI,UTTAR PRADESH,
2581,KURASTI KALAN,KKS,E,NSG6,PRYJ,NCR,FATEHPUR,UTTAR PRADESH,
2582,LOHGARA,LOG,E,NSG6,PRYJ,NCR,PRAYAGRAJ,UTTAR PRADESH,
2583,LUSA,LUSA,E,NSG6,PRYJ,NCR,MIRZAPUR,UTTAR PRADESH,
2584,MADARAHA,MFX,E,NSG6,PRYJ,NCR,PRAYAGRAJ,UTTAR PRADESH,
2585,MAHRAWAL,MWUE,E,NSG6,PRYJ,NCR,ALIGARH,UTTAR PRADESH,
2586,MAITHA,MTO,E,NSG6,PRYJ,NCR,KANPUR DEHAT,UTTAR PRADESH,
2587,MAJHIARI,MJHR,E,NSG6,PRYJ,NCR,REWA,MADHYA PRADESH,
2588,MAKKHANPUR,MNR,E,NSG6,PRYJ,NCR,FIROZABAD,UTTAR PRADESH,
2589,MALWAN,MWH,E,NSG6,PRYJ,NCR,FATEHPUR,UTTAR PRADESH,
2590,MANAURI,MRE,A,NSG6,PRYJ,NCR,KAUSHAMBI,UTTAR PRADESH,
2591,MANDRAK,MXK,E,NSG6,PRYJ,NCR,ALIGARH,UTTAR PRADESH,
2592,MANOHARGANJ,MNJ,E,NSG6,PRYJ,NCR,KAUSHAMBI,UTTAR PRADESH,
2593,MANZOORGARHI,MZGI,E,NSG6,PRYJ,NCR,ALIGARH,UTTAR PRADESH,
2594,MARIPAT,MIU,E,NSG6,PRYJ,NCR,"GAUTAM BUDDHA
NAGAR",UTTAR PRADESH,
2595,MITAWALI,MTI,E,NSG6,PRYJ,NCR,AGRA,UTTAR PRADESH,
2596,MOTA,MOTA,E,NSG6,PRYJ,NCR,MAINPURI,UTTAR PRADESH,
2597,NIBKARORI,NBUE,E,NSG6,PRYJ,NCR,FARRUKHABAD,UTTAR PRADESH,
2598,PAHARA,PRE,E,NSG6,PRYJ,NCR,MIRZAPUR,UTTAR PRADESH,
2599,PANHAI,PNHI,E,NSG6,PRYJ,NCR,CHITRAKOOT,UTTAR PRADESH,
2600,PATA,PATA,E,NSG6,PRYJ,NCR,AURAIYA,UTTAR PRADESH,
2601,PORA,PORA,E,NSG6,PRYJ,NCR,HATHRAS,UTTAR PRADESH,
2602,PREMPUR,PMPR,E,NSG6,PRYJ,NCR,KANPUR NAGAR,UTTAR PRADESH,
2603,RASULABAD,RUB,E,NSG6,PRYJ,NCR,FATEHPUR,UTTAR PRADESH,
2604,ROOMA,RXM,E,NSG6,PRYJ,NCR,KANPUR NAGAR,UTTAR PRADESH,
2605,SAIYID SARAWAN,SYWN,E,NSG6,PRYJ,NCR,KAUSHAMBI,UTTAR PRADESH,
2606,SAKTESGARH,SKGH,E,NSG6,PRYJ,NCR,MIRZAPUR,UTTAR PRADESH,
2607,SAMHON,SHW,A,NSG6,PRYJ,NCR,ETAWAH,UTTAR PRADESH,
2608,SARAI BHOPAT,SB,E,NSG6,PRYJ,NCR,ETAWAH,UTTAR PRADESH,
2609,SASNI,SNS,E,NSG6,PRYJ,NCR,HATHRAS,UTTAR PRADESH,
2610,SATH NARAINI,SNIE,E,NSG6,PRYJ,NCR,FATEHPUR,UTTAR PRADESH,
2611,SHUJATPUR,SJT,E,NSG6,PRYJ,NCR,KAUSHAMBI,UTTAR PRADESH,
2612,SIKANDARPUR,SKQ,E,NSG6,PRYJ,NCR,BULANDSHAHR,UTTAR PRADESH,
2613,SIRSAUL,SSL,E,NSG6,PRYJ,NCR,KANPUR NAGAR,UTTAR PRADESH,
2614,SOMNA,SOM,D,NSG6,PRYJ,NCR,ALIGARH,UTTAR PRADESH,
2615,UNCHDIH,UND,E,NSG6,PRYJ,NCR,PRAYAGRAJ,UTTAR PRADESH,
2616,BARHAJ BAZAR,BHJ,F,HG2,BSB,NER,DEORIA,UTTAR PRADESH,
2617,BASUCHAK HALT,BSCK,F,HG2,BSB,NER,GHAZIPUR,UTTAR PRADESH,
2618,BHULANPUR F,BHLP,F,HG2,BSB,NER,VARANASI,UTTAR PRADESH,
2619,CHAF HALT,CHAF,F,HG2,BSB,NER,KUSHI NAGAR,UTTAR PRADESH,
2620,DAL CHAPRA F,DCP,F,HG2,BSB,NER,BALLIA,UTTAR PRADESH,
2621,DOHRIGHAT,DIT,F,HG2,BSB,NER,MAU,UTTAR PRADESH,
2622,DUDHAUNDA HALT,DDNA,F,HG2,BSB,NER,JAUNPUR,UTTAR PRADESH,
2623,GAURI SHRI RAM HALT,GSRM,F,HG2,BSB,NER,KUSHI NAGAR,UTTAR PRADESH,
2624,GHAZIPUR GHAT F,GZT,F,HG2,BSB,NER,GHAZIPUR,UTTAR PRADESH,
2625,GHOSI,GSI,F,HG2,BSB,NER,MAU,UTTAR PRADESH,
2626,GURLI RAMGARHWA HALT,GRRG,F,HG2,BSB,NER,MAHARAJGANJ,UTTAR PRADESH,
2627,HURMUJPUR HALT,HMPR,F,HG2,BSB,NER,GHAZIPUR,UTTAR PRADESH,
2628,KARCHHUE HALT,KYW,F,HG2,BSB,NER,SIWAN,BIHAR,
2629,KHUSHAL NAGAR F,KSNR,F,HG2,BSB,NER,MAHARAJGANJ,UTTAR PRADESH,
2630,KIRAKAT,KCT,F,HG2,BSB,NER,JAUNPUR,UTTAR PRADESH,
2631,KOPAGANJ HALT,KPJ,F,HG2,BSB,NER,MAU,UTTAR PRADESH,
2632,MAHARAJGANJ,MGZ,F,HG2,BSB,NER,GOPALGANJ,BIHAR,
2633,MAHENDRANATH HALT,MHRN,F,HG2,BSB,NER,SARAN,BIHAR,
2634,MANJHI F,MHT,F,HG2,BSB,NER,SARAN,BIHAR,
2635,NAYAK DIH HALT,NAKD,F,HG2,BSB,NER,GHAZIPUR,UTTAR PRADESH,
2636,NONAPAR F,NNPR,F,HG2,BSB,NER,DEORIA,UTTAR PRADESH,
2637,RAJMALPUR ROAD HALT,RJMP,F,HG2,BSB,NER,BALLIA,UTTAR PRADESH,
2638,SIDHARI HALT,SDHA,F,HG2,BSB,NER,AZAMGARH,UTTAR PRADESH,
2639,SIPAYA HALT,SPYA,F,HG2,BSB,NER,GOPALGANJ,BIHAR,
2640,SIWAN KACHERI F,SVC,F,HG2,BSB,NER,SIWAN,BIHAR,
2641,TINPHERIA HALT,TPV,F,HG2,BSB,NER,GOPALGANJ,BIHAR,
2642,AGAUTHAR HALT,AGTR,F,HG3,BSB,NER,SARAN,BIHAR,
2643,AHALYAPUR F,AHLR,F,HG3,BSB,NER,DEORIA,UTTAR PRADESH,
2644,ALEHPUR HALT,APRH,F,HG3,BSB,NER,SARAN,BIHAR,
2645,ALMAW HALT,ALMW,F,HG3,BSB,NER,BHADOHI,UTTAR PRADESH,
2646,AMILA HALT,AMD,F,HG3,BSB,NER,MAU,UTTAR PRADESH,
2647,ATRAURA HALT,ATRR,F,HG3,BSB,NER,PRAYAGRAJ,UTTAR PRADESH,
2648,BAHERWA HALT,BRWH,F,HG3,BSB,NER,MIRZAPUR,UTTAR PRADESH,
2649,BAHUARA HALT,BURA,F,HG3,BSB,NER,SARAN,BIHAR,
2650,BANNI MAHAMMANPATTI,BMPT,F,HG3,BSB,NER,SARAN,BIHAR,
2651,BARKAGAON HALT,BGHT,HA,HG3,BSB,NER,SIWAN,BIHAR,
2652,BASANTPUR HALT,BNPH,HA,HG3,BSB,NER,SIWAN,BIHAR,
2653,BATHUA BAZAR HALT,BHBR,F,HG3,BSB,NER,GOPALGANJ,BIHAR,
2654,BISHUNPUR MAHUARI HA,BPMH,HA,HG3,BSB,NER,SIWAN,BIHAR,
2655,BRIJ KISHOR HALT,BKRH,F,HG3,BSB,NER,GOPALGANJ,BIHAR,
2656,CHAKRA ROAD HALT,CKYD,F,HG3,BSB,NER,MAU,UTTAR PRADESH,
2657,CHHATA-ASCHAURA HALT,CATA,F,HG3,BSB,NER,BALLIA,UTTAR PRADESH,
2658,DEORAHA BABA ROAD HA,DRBR,F,HG3,BSB,NER,DEORIA,UTTAR PRADESH,
2659,FARIDAHA,FRDH,F,HG3,BSB,NER,GHAZIPUR,UTTAR PRADESH,
2660,FATEHPUR ATWA HALT,FPAW,HA,HG3,BSB,NER,GHAZIPUR,UTTAR PRADESH,
2661,GANGAULI HALT,GNGL,F,HG3,BSB,NER,JAUNPUR,UTTAR PRADESH,
2662,GOBINDPUR DUGAULI HA,GOX,F,HG3,BSB,NER,BALLIA,UTTAR PRADESH,
2663,"GUNRAJPUR DHAMA
HALT",GNDM,F,HG3,BSB,NER,SARAN,BIHAR,
2664,HALDHARPUR F,HLP,F,HG3,BSB,NER,MAU,UTTAR PRADESH,
2665,JIGNI KHAS HALT,JGKS,F,HG3,BSB,NER,BALLIA,UTTAR PRADESH,
2666,KATALPUR HALT,KTLP,F,HG3,BSB,NER,GOPALGANJ,BIHAR,
2667,KHANJA HALT,KHJA,F,HG3,BSB,NER,AZAMGARH,UTTAR PRADESH,
2668,LAIN BAZAR,LB,F,HG3,BSB,NER,GOPALGANJ,BIHAR,
2669,MAHUAWA KHURD HALT,MUUA,F,HG3,BSB,NER,KUSHI NAGAR,UTTAR PRADESH,
2670,MATHIA BARGHAT HALT,MTBG,F,HG3,BSB,NER,KUSHI NAGAR,UTTAR PRADESH,
2671,MURADPUR HALT,MRDP,F,HG3,BSB,NER,MAU,UTTAR PRADESH,
2672,NARKATIA BAZAR HALT,NKBR,F,HG3,BSB,NER,GOPALGANJ,BIHAR,
2673,PALIGARH HALT,PLGH,F,HG3,BSB,NER,AZAMGARH,UTTAR PRADESH,
2674,PANCHDEORI HALT,PCDR,HA,HG3,BSB,NER,GOPALGANJ,BIHAR,
2675,PANIARA HALT,PNRA,F,HG3,BSB,NER,MAU,UTTAR PRADESH,
2676,PARSA KERWAN HALT,PKRH,F,HG3,BSB,NER,SARAN,BIHAR,
2677,PEOKOL HALT,POKL,F,HG3,BSB,NER,DEORIA,UTTAR PRADESH,
2678,PHULWARIA,PLWR,F,HG3,BSB,NER,GOPALGANJ,BIHAR,
2679,SAGHAR SULTANPUR HAL,SSHT,HA,HG3,BSB,NER,SIWAN,BIHAR,
2680,SAHERI HALT,SAHR,F,HG3,BSB,NER,GHAZIPUR,UTTAR PRADESH,
2681,SALAR KHURD,SRKR,F,HG3,BSB,NER,GOPALGANJ,BIHAR,
2682,SANJARPUR HALT,SJER,F,HG3,BSB,NER,AZAMGARH,UTTAR PRADESH,
2683,SANWARA HALT),SNRA,F,HG3,BSB,NER,BALLIA,UTTAR PRADESH,
2684,SARAI JAGDISH HALT,SJGH,F,HG3,BSB,NER,BHADOHI,UTTAR PRADESH,
2685,SARHARI HALT,SHIH,HA,HG3,BSB,NER,SIWAN,BIHAR,
2686,SATRAON F,STZ,F,HG3,BSB,NER,DEORIA,UTTAR PRADESH,
2687,SHER HALT,SHER,F,HG3,BSB,NER,GOPALGANJ,BIHAR,
2688,SHILHAURI HALT,SLHI,F,HG3,BSB,NER,SARAN,BIHAR,
2689,SIDHAUNA RAMPUR HALT,SARR,F,HG3,BSB,NER,GHAZIPUR,UTTAR PRADESH,
2690,SISAI GULAB RAI HALT,SSGR,F,HG3,BSB,NER,DEORIA,UTTAR PRADESH,
2691,TEJPURWA HALT,TJW,F,HG3,BSB,NER,SARAN,BIHAR,
2692,TENUA DUMARIA HALT,TMUR,F,HG3,BSB,NER,SARAN,BIHAR,
2693,TERHA HALT,TERH,F,HG3,BSB,NER,SARAN,BIHAR,
2694,TRIVIKARAMDEO NAGAR,TKND,F,HG3,BSB,NER,GOPALGANJ,BIHAR,
2695,TURTIPAR F,TTI,F,HG3,BSB,NER,DEORIA,UTTAR PRADESH,
2696,YADVENDRANAGAR HALT,YDV,F,HG3,BSB,NER,JAUNPUR,UTTAR PRADESH,
2697,AZAMGARH,AMH,A,NSG3,BSB,NER,AZAMGARH,UTTAR PRADESH,
2698,BALLIA,BUI,A,NSG3,BSB,NER,BALLIA,UTTAR PRADESH,
2699,BANARAS,BSBS,B,NSG3,BSB,NER,VARANASI,UTTAR PRADESH,
2700,CHHAPRA JN.,CPR,A1,NSG3,BSB,NER,SARAN,BIHAR,
2701,DEORIA SADAR,DEOS,A,NSG3,BSB,NER,DEORIA,UTTAR PRADESH,
2702,MAU JN.,MAU,A,NSG3,BSB,NER,MAU,UTTAR PRADESH,
2703,SIWAN JN.,SV,A,NSG3,BSB,NER,SIWAN,BIHAR,
2704,BELTHARA ROAD,BLTR,A,NSG4,BSB,NER,BALLIA,UTTAR PRADESH,
2705,BHATNI JN.,BTT,B,NSG4,BSB,NER,DEORIA,UTTAR PRADESH,
2706,GHAZIPUR CITY,GCT,B,NSG4,BSB,NER,GHAZIPUR,UTTAR PRADESH,
2707,KHORASON ROAD,KRND,B,NSG4,BSB,NER,AZAMGARH,UTTAR PRADESH,
2708,VARANASI CITY,BCY,D,NSG4,BSB,NER,VARANASI,UTTAR PRADESH,
2709,AUNRIHAR JN.,ARJ,D,NSG5,BSB,NER,GHAZIPUR,UTTAR PRADESH,
2710,BHATPAR RANI,BHTR,D,NSG5,BSB,NER,DEORIA,UTTAR PRADESH,
2711,CHAURI CHAURA,CC,D,NSG5,BSB,NER,GORAKHPUR,UTTAR PRADESH,
2712,DULLAHAPUR,DLR,D,NSG5,BSB,NER,GHAZIPUR,UTTAR PRADESH,
2713,DURAUNDHA JN.,DDA,D,NSG5,BSB,NER,SIWAN,BIHAR,
2714,EKMA,EKMA,D,NSG5,BSB,NER,SARAN,BIHAR,
2715,GHUGHULI,GH,D,NSG5,BSB,NER,MAHARAJGANJ,UTTAR PRADESH,
2716,GYANPUR ROAD,GYN,D,NSG5,BSB,NER,BHADOHI,UTTAR PRADESH,
2717,INDARA JN.,IAA,D,NSG5,BSB,NER,MAU,UTTAR PRADESH,
2718,JAKHANIAN,JKN,D,NSG5,BSB,NER,GHAZIPUR,UTTAR PRADESH,
2719,KAPTANGANJ JN.,CPJ,D,NSG5,BSB,NER,KUSHI NAGAR,UTTAR PRADESH,
2720,KHADA,KZA,D,NSG5,BSB,NER,KUSHI NAGAR,UTTAR PRADESH,
2721,LAR ROAD,LRD,D,NSG5,BSB,NER,DEORIA,UTTAR PRADESH,
2722,MAIRWA,MW,B,NSG5,BSB,NER,SIWAN,BIHAR,
2723,MUHAMMADABAD,MMA,D,NSG5,BSB,NER,MAU,UTTAR PRADESH,
2724,PADRAUNA,POU,E,NSG5,BSB,NER,KUSHI NAGAR,UTTAR PRADESH,
2725,PIPRAICH,PPC,D,NSG5,BSB,NER,GORAKHPUR,UTTAR PRADESH,
2726,PRAYAGRAJ RAMBAG,PRRB,D,NSG5,BSB,NER,PRAYAGRAJ,UTTAR PRADESH,
2727,RASRA,RSR,D,NSG5,BSB,NER,BALLIA,UTTAR PRADESH,
2728,SAHATWAR,STW,D,NSG5,BSB,NER,BALLIA,UTTAR PRADESH,
2729,SALEMPUR JN.,SRU,B,NSG5,BSB,NER,DEORIA,UTTAR PRADESH,
2730,SARAIMIR,SMZ,D,NSG5,BSB,NER,AZAMGARH,UTTAR PRADESH,
2731,SISWA BAZAR,SBZ,D,NSG5,BSB,NER,MAHARAJGANJ,UTTAR PRADESH,
2732,SURAIMANPUR,SIP,B,NSG5,BSB,NER,BALLIA,UTTAR PRADESH,
2733,TAMKUHI ROAD,TOI,E,NSG5,BSB,NER,KUSHI NAGAR,UTTAR PRADESH,
2734,THAWE JN,THE,D,NSG5,BSB,NER,GOPALGANJ,BIHAR,
2735,YUSUFPUR,YFP,D,NSG5,BSB,NER,BALLIA,UTTAR PRADESH,
2736,AHIMANPUR,AHM,E,NSG6,BSB,NER,BHADOHI,UTTAR PRADESH,
2737,AMLORI SARSAR,ALS,E,NSG6,BSB,NER,SIWAN,BIHAR,
2738,ANKUSPUR,AKS,E,NSG6,BSB,NER,GHAZIPUR,UTTAR PRADESH,
2739,BAITALPUR,BALR,E,NSG6,BSB,NER,DEORIA,UTTAR PRADESH,
2740,BAKULHA,BKLA,E,NSG6,BSB,NER,BALLIA,UTTAR PRADESH,
2741,BANKATA,BTK,E,NSG6,BSB,NER,DEORIA,UTTAR PRADESH,
2742,BANSDIH ROAD,BCD,E,NSG6,BSB,NER,BALLIA,UTTAR PRADESH,
2743,BARHARAGANJ,BAGJ,E,NSG6,BSB,NER,KUSHI NAGAR,UTTAR PRADESH,
2744,BHITI,BYH,E,NSG6,BSB,NER,PRAYAGRAJ,UTTAR PRADESH,
2745,BODARWAR,BBW,E,NSG6,BSB,NER,KUSHI NAGAR,UTTAR PRADESH,
2746,CHAINWA,CW,E,NSG6,BSB,NER,SARAN,BIHAR,
2747,CHHAPRA KACHEHRI,CI,D,NSG6,BSB,NER,SARAN,BIHAR,
2748,CHILKAHAR,CHR,E,NSG6,BSB,NER,BALLIA,UTTAR PRADESH,
2749,CHIT BARAGAON,CBN,E,NSG6,BSB,NER,BALLIA,UTTAR PRADESH,
2750,DARAGANJ,DRGJ,E,NSG6,BSB,NER,PRAYAGRAJ,UTTAR PRADESH,
2751,DAUDPUR,DDP,E,NSG6,BSB,NER,SARAN,BIHAR,
2752,DHONDHA DIH,DDD,E,NSG6,BSB,NER,BALLIA,UTTAR PRADESH,
2753,DIDARGANJ ROAD,DJD,E,NSG6,BSB,NER,AZAMGARH,UTTAR PRADESH,
2754,DIGHWA DUBAULI,DWDI,E,NSG6,BSB,NER,GOPALGANJ,BIHAR,
2755,DOBHI,DHE,E,NSG6,BSB,NER,JAUNPUR,UTTAR PRADESH,
2756,DUDAHI,DUE,E,NSG6,BSB,NER,KUSHI NAGAR,UTTAR PRADESH,
2757,GAURI BAZAR,GB,E,NSG6,BSB,NER,DEORIA,UTTAR PRADESH,
2758,GAUTAM STHAN,GTST,E,NSG6,BSB,NER,SARAN,BIHAR,
2759,GOPALGANJ,GOPG,E,NSG6,BSB,NER,GOPALGANJ,BIHAR,
2760,HANDIA KHAS,HDK,E,NSG6,BSB,NER,PRAYAGRAJ,UTTAR PRADESH,
2761,HARDATTPUR F,HDT,E,NSG6,BSB,NER,VARANASI,UTTAR PRADESH,
2762,HATHUA,HTW,D,NSG6,BSB,NER,GOPALGANJ,BIHAR,
2763,JALALPUR,JGP,E,NSG6,BSB,NER,GOPALGANJ,BIHAR,
2764,JANGIGANJ,JGG,E,NSG6,BSB,NER,BHADOHI,UTTAR PRADESH,
2765,JHUSI,JI,E,NSG6,BSB,NER,PRAYAGRAJ,UTTAR PRADESH,
2766,JIRADEI,ZRDE,E,NSG6,BSB,NER,SIWAN,BIHAR,
2767,KACHHWA ROAD,KWH,E,NSG6,BSB,NER,MIRZAPUR,UTTAR PRADESH,
2768,KADIPUR,KDQ,E,NSG6,BSB,NER,VARANASI,UTTAR PRADESH,
2769,KARIMUDDINPUR,KMDR,E,NSG6,BSB,NER,BALLIA,UTTAR PRADESH,
2770,KATH KUIYAN,KKT,E,NSG6,BSB,NER,KUSHI NAGAR,UTTAR PRADESH,
2771,KATKA,KFK,E,NSG6,BSB,NER,BHADOHI,UTTAR PRADESH,
2772,KHAIRAH.,KYH,E,NSG6,BSB,NER,SARAN,BIHAR,
2773,KHURAHAT,KRT,E,NSG6,BSB,NER,MAU,UTTAR PRADESH,
2774,KIRIHARAPUR,KER,D,NSG6,BSB,NER,BALLIA,UTTAR PRADESH,
2775,KOPA SAMHOTA,KPS,E,NSG6,BSB,NER,SARAN,BIHAR,
2776,KUSMHI,KHM,E,NSG6,BSB,NER,GORAKHPUR,UTTAR PRADESH,
2777,LAKSHMIGANJ,LIJ,E,NSG6,BSB,NER,KUSHI NAGAR,UTTAR PRADESH,
2778,MADHOSINGH,MBS,E,NSG6,BSB,NER,BHADOHI,UTTAR PRADESH,
2779,MAHPUR,MHO,E,NSG6,BSB,NER,GHAZIPUR,UTTAR PRADESH,
2780,MANJHAGARH,MJV,E,NSG6,BSB,NER,GOPALGANJ,BIHAR,
2781,MARHAURA,MEW,E,NSG6,BSB,NER,SARAN,BIHAR,
2782,MASRAKH,MHC,E,NSG6,BSB,NER,SARAN,BIHAR,
2783,MUFTIGANJ HALT,MFJ,E,NSG6,BSB,NER,JAUNPUR,UTTAR PRADESH,
2784,NANDGANJ,NDJ,E,NSG6,BSB,NER,GHAZIPUR,UTTAR PRADESH,
2785,NIGATPUR,NTU,F,NSG6,BSB,NER,MIRZAPUR,UTTAR PRADESH,
2786,NUNKHAR,NRA,E,NSG6,BSB,NER,DEORIA,UTTAR PRADESH,
2787,PACHRUKHI,PCK,E,NSG6,BSB,NER,SIWAN,BIHAR,
2788,PANIYAHAWA,PNYA,D,NSG6,BSB,NER,KUSHI NAGAR,UTTAR PRADESH,
2789,PATERHI,PEE,E,NSG6,BSB,NER,SARAN,BIHAR,
2790,PHARIHA,PHY,E,NSG6,BSB,NER,AZAMGARH,UTTAR PRADESH,
2791,PHEPHNA JN.,PEP,E,NSG6,BSB,NER,BALLIA,UTTAR PRADESH,
2792,PIPRIDIH,PPH,E,NSG6,BSB,NER,MAU,UTTAR PRADESH,
2793,RAJA TALAB,RTB,E,NSG6,BSB,NER,VARANASI,UTTAR PRADESH,
2794,RAJAPATTI,RPV,E,NSG6,BSB,NER,GOPALGANJ,BIHAR,
2795,RAJAWARI,RJI,E,NSG6,BSB,NER,VARANASI,UTTAR PRADESH,
2796,RAMKOLA,RKL,E,NSG6,BSB,NER,KUSHI NAGAR,UTTAR PRADESH,
2797,RAMNATHPUR,RTR,E,NSG6,BSB,NER,PRAYAGRAJ,UTTAR PRADESH,
2798,RATAN SARAI,RTU,E,NSG6,BSB,NER,GOPALGANJ,BIHAR,
2799,RATANPURA,RTP,E,NSG6,BSB,NER,MAU,UTTAR PRADESH,
2800,REOTI,ROI,E,NSG6,BSB,NER,BALLIA,UTTAR PRADESH,
2801,REVELGANJ GHAT HALT,RVG,F,NSG6,BSB,NER,SARAN,BIHAR,
2802,SADAT,SDT,E,NSG6,BSB,NER,GHAZIPUR,UTTAR PRADESH,
2803,SAGARPALI,SVI,E,NSG6,BSB,NER,BALLIA,UTTAR PRADESH,
2804,SAIDABAD,SDC,E,NSG6,BSB,NER,PRAYAGRAJ,UTTAR PRADESH,
2805,SAIYEDPUR BHITRI,SYH,E,NSG6,BSB,NER,GHAZIPUR,UTTAR PRADESH,
2806,SARAI RANI,RKS,E,NSG6,BSB,NER,AZAMGARH,UTTAR PRADESH,
2807,SARDARNAGAR F,SANR,E,NSG6,BSB,NER,GORAKHPUR,UTTAR PRADESH,
2808,SARNATH,SRNT,E,NSG6,BSB,NER,VARANASI,UTTAR PRADESH,
2809,SASAMUSA,SSU,E,NSG6,BSB,NER,GOPALGANJ,BIHAR,
2810,SATHIAON,SAA,E,NSG6,BSB,NER,AZAMGARH,UTTAR PRADESH,
2811,SHAHBAZ KULI,SBK,E,NSG6,BSB,NER,BALLIA,UTTAR PRADESH,
2812,SHAM KAURIA F,SMKR,E,NSG6,BSB,NER,SARAN,BIHAR,
2813,SIDHWALIA,SQW,E,NSG6,BSB,NER,GOPALGANJ,BIHAR,
2814,TAJPUR DEHMA,TJD,E,NSG6,BSB,NER,BALLIA,UTTAR PRADESH,
2815,TARAON,TRN,E,NSG6,BSB,NER,GHAZIPUR,UTTAR PRADESH,
2816,TARIASUJAN,TRJ,E,NSG6,BSB,NER,KUSHI NAGAR,UTTAR PRADESH,
2817,TEK NEWAS,TKV,E,NSG6,BSB,NER,SARAN,BIHAR,
2818,UNAULA,UNLA,E,NSG6,BSB,NER,GORAKHPUR,UTTAR PRADESH,
2819,BANIAPUR HALT,BNPA,NA,,BSB,NER,MAU,UTTAR PRADESH,
2820,BALLUPUR FLAG,BAPR,E,HG1,IZN,NER,KASGANJ,UTTAR PRADESH,
2821,AKELA HANSPUR HALT,ALNP,F,HG2,IZN,NER,PILIBHIT,UTTAR PRADESH,
2822,ATAMANDA,AMA,E,HG2,IZN,NER,BAREILLY,UTTAR PRADESH,
2823,BASTOI HALT,BTRO,F,HG2,IZN,NER,HATHRAS,UTTAR PRADESH,
2824,BERIA DAULAT HALT,BRDT,F,HG2,IZN,NER,UDAM SINGH NAGAR,UTTARAKHAND,
2825,BHATASA HALT,BHTS,F,HG2,IZN,NER,FARRUKHABAD,UTTAR PRADESH,
2826,CHAKSAFAURA HALT,CKSR,F,HG2,IZN,NER,SHAHJAHANPUR,UTTAR PRADESH,
2827,DHAURSALAR HALT,DUO,F,HG2,IZN,NER,KANPUR NAGAR,UTTAR PRADESH,
2828,GANGWA PUR HALT,GWP,F,HG2,IZN,NER,KANPUR DEHAT,UTTAR PRADESH,
2829,GARKHA F,GRAK,E,HG2,IZN,NER,KASGANJ,UTTAR PRADESH,
2830,GAUSHALA F,GWS,E,HG2,IZN,NER,UDAM SINGH NAGAR,UTTARAKHAND,
2831,GOT HALT,GOT,F,HG2,IZN,NER,MORADABAD,UTTAR PRADESH,
2832,HARSINGHPUR GOBA,HSY,E,HG2,IZN,NER,FARRUKHABAD,UTTAR PRADESH,
2833,HATHRAS ROAD,HTJ,NA,HG2,IZN,NER,HATHRAS,UTTAR PRADESH,
2834,JALALPUR-PANWARA F,JPP,F,HG2,IZN,NER,KANNAUJ,UTTAR PRADESH,
2835,JALPUR HALT,JLQ,F,HG2,IZN,NER,MORADABAD,UTTAR PRADESH,
2836,KACHHLA,KCU,F,HG2,IZN,NER,BUDAUN,UTTAR PRADESH,
2837,KACHHLA BRIDGE HALT,KCO,E,HG2,IZN,NER,BUDAUN,UTTAR PRADESH,
2838,KANNAUJ CITY FLAG,KJNC,E,HG2,IZN,NER,KANNAUJ,UTTAR PRADESH,
2839,KEMRI HALT,KEMR,F,HG2,IZN,NER,RAMPUR,UTTAR PRADESH,
2840,KHUDLAPUR F,KHDP,E,HG2,IZN,NER,KANNAUJ,UTTAR PRADESH,
2841,KURRAIYA,KRYA,E,HG2,IZN,NER,PILIBHIT,UTTAR PRADESH,
2842,MALIKPUR HALT,MLKP,F,HG2,IZN,NER,KANNAUJ,UTTAR PRADESH,
2843,MANI MAU,MNMU,E,HG2,IZN,NER,KANNAUJ,UTTAR PRADESH,
2844,MIGHAUNA HALT,MIW,F,HG2,IZN,NER,PILIBHIT,UTTAR PRADESH,
2845,NARTHAR HALT,NHX,F,HG2,IZN,NER,KASGANJ,UTTAR PRADESH,
2846,PADIYA NAGLA HALT,PAQ,F,HG2,IZN,NER,MORADABAD,UTTAR PRADESH,
2847,PAUTA HALT,PUF,F,HG2,IZN,NER,PILIBHIT,UTTAR PRADESH,
2848,PIRUMADARA HALT,PRM,F,HG2,IZN,NER,NAINITAL,UTTARAKHAND,
2849,PRASADPUR HALT,PRSP,F,HG2,IZN,NER,PILIBHIT,UTTAR PRADESH,
2850,RICHHA ROAD,RR,E,HG2,IZN,NER,BAREILLY,UTTAR PRADESH,
2851,RUDRAPUR SIDCUL HALT,RPSC,F,HG2,IZN,NER,UDAM SINGH NAGAR,UTTARAKHAND,
2852,SARKARA,SKX,E,HG2,IZN,NER,UDAM SINGH NAGAR,UTTARAKHAND,
2853,SEHAL HALT,SEW,F,HG2,IZN,NER,MORADABAD,UTTAR PRADESH,
2854,SHEIKHUPUR,SKW,E,HG2,IZN,NER,BUDAUN,UTTAR PRADESH,
2855,SHERGANJ HALT,SNZ,F,HG2,IZN,NER,PILIBHIT,UTTAR PRADESH,
2856,SHUKARULLAHPUR HALT,SHX,F,HG2,IZN,NER,FARRUKHABAD,UTTAR PRADESH,
2857,SINGHIRAMPUR HALT,SGRP,F,HG2,IZN,NER,FARRUKHABAD,UTTAR PRADESH,
2858,UDAYPUR KHURD HALT,UDKN,F,HG2,IZN,NER,PILIBHIT,UTTAR PRADESH,
2859,VAZEER PUR,VZPH,F,HG2,IZN,NER,SHAHJAHANPUR,UTTAR PRADESH,
2860,YAQUTGANJ HALT,YAG,F,HG2,IZN,NER,FARRUKHABAD,UTTAR PRADESH,
2861,ZINDPURA HALT,ZNP,F,HG2,IZN,NER,SHAHJAHANPUR,UTTAR PRADESH,
2862,ARELI HALT,ARX,F,HG3,IZN,NER,SHAHJAHANPUR,UTTAR PRADESH,
2863,BAKHOTI KHAS HALT,BKTS,F,HG3,IZN,NER,KANPUR DEHAT,UTTAR PRADESH,
2864,CHAKARPUR HALT,CKK,F,HG3,IZN,NER,UDAM SINGH NAGAR,UTTARAKHAND,
2865,DHAKIA TIWARI HALT,DOT,F,HG3,IZN,NER,SHAHJAHANPUR,UTTAR PRADESH,
2866,DIBNAPUR HALT,DBNR,F,HG3,IZN,NER,BAREILLY,UTTAR PRADESH,
2867,DIYURI HALT,DYU,F,HG3,IZN,NER,PILIBHIT,UTTAR PRADESH,
2868,GANGAGARH HALT,GGG,F,HG3,IZN,NER,KASGANJ,UTTAR PRADESH,
2869,KARTAULI HALT,KRTL,F,HG3,IZN,NER,BUDAUN,UTTAR PRADESH,
2870,KHIRIA KHURD HALT,KIE,F,HG3,IZN,NER,SHAHJAHANPUR,UTTAR PRADESH,
2871,LALAURI KHERA,LUA,E,HG3,IZN,NER,PILIBHIT,UTTAR PRADESH,
2872,MALLAN NAGAR HALT,MQW,F,HG3,IZN,NER,BUDAUN,UTTAR PRADESH,
2873,PRATABPUR HALT,PTPR,F,HG3,IZN,NER,PILIBHIT,UTTAR PRADESH,
2874,SANDAI HALT,SNDY,F,HG3,IZN,NER,PILIBHIT,UTTAR PRADESH,
2875,KATHGODAM,KGM,A,NSG3,IZN,NER,NAINITAL,UTTARAKHAND,
2876,BAREILLY CITY,BC,B,NSG4,IZN,NER,BAREILLY,UTTAR PRADESH,
2877,FARRUKHABAD JN.,FBD,B,NSG4,IZN,NER,FARRUKHABAD,UTTAR PRADESH,
2878,HALDWANI,HDW,B,NSG4,IZN,NER,NAINITAL,UTTARAKHAND,
2879,KANNAUJ,KJN,B,NSG4,IZN,NER,KANNAUJ,UTTAR PRADESH,
2880,KASGANJ JN.,KSJ,B,NSG4,IZN,NER,KASGANJ,UTTAR PRADESH,
2881,KASHIPUR JN.,KPV,B,NSG4,IZN,NER,UDAM SINGH NAGAR,UTTARAKHAND,
2882,LALKUA JN.,LKU,B,NSG4,IZN,NER,NAINITAL,UTTARAKHAND,
2883,PILIBHIT JN.,PBE,B,NSG4,IZN,NER,PILIBHIT,UTTAR PRADESH,
2884,RUDRAPUR CITY,RUPC,A,NSG4,IZN,NER,UDAM SINGH NAGAR,UTTARAKHAND,
2885,ALIGANJ,ALJ,E,NSG5,IZN,NER,MORADABAD,UTTAR PRADESH,
2886,BADAUN,BEM,D,NSG5,IZN,NER,BUDAUN,UTTAR PRADESH,
2887,BAHERI,BHI,D,NSG5,IZN,NER,BAREILLY,UTTAR PRADESH,
2888,BARRAJPUR,BJR,D,NSG5,IZN,NER,KANPUR NAGAR,UTTAR PRADESH,
2889,BAZPUR,BPZ,D,NSG5,IZN,NER,UDAM SINGH NAGAR,UTTARAKHAND,
2890,BILHAUR,BLU,D,NSG5,IZN,NER,KANPUR NAGAR,UTTAR PRADESH,
2891,BISALPUR,BSUR,D,NSG5,IZN,NER,PILIBHIT,UTTAR PRADESH,
2892,DARYAOGANJ,DRO,D,NSG5,IZN,NER,KASGANJ,UTTAR PRADESH,
2893,FATEHGARH,FGR,B,NSG5,IZN,NER,FARRUKHABAD,UTTAR PRADESH,
2894,GANJ DUNDWARA,GWA,D,NSG5,IZN,NER,KASGANJ,UTTAR PRADESH,
2895,GURSAHAIGANJ,GHJ,D,NSG5,IZN,NER,KANNAUJ,UTTAR PRADESH,
2896,HATHRAS CITY,HTC,D,NSG5,IZN,NER,HATHRAS,UTTAR PRADESH,
2897,IZZATNAGAR JN.,IZN,D,NSG5,IZN,NER,BAREILLY,UTTAR PRADESH,
2898,KAIMGANJ,KMJ,D,NSG5,IZN,NER,FARRUKHABAD,UTTAR PRADESH,
2899,KALIANPUR,KAP,D,NSG5,IZN,NER,KANPUR NAGAR,UTTAR PRADESH,
2900,KAMALGANJ,KLJ,D,NSG5,IZN,NER,FARRUKHABAD,UTTAR PRADESH,
2901,KICHHA,KHH,D,NSG5,IZN,NER,UDAM SINGH NAGAR,UTTARAKHAND,
2902,MATHURA CANT,MRT,D,NSG5,IZN,NER,MATHURA,UTTAR PRADESH,
2903,PATIALI,PTI,D,NSG5,IZN,NER,KASGANJ,UTTAR PRADESH,
2904,RAMNAGAR,RMR,D,NSG5,IZN,NER,NAINITAL,UTTARAKHAND,
2905,RAWATPUR,RPO,E,NSG5,IZN,NER,KANPUR NAGAR,UTTAR PRADESH,
2906,ROSHANPUR,RHN,D,NSG5,IZN,NER,MORADABAD,UTTAR PRADESH,
2907,RUDAIN,RDN,D,NSG5,IZN,NER,FARRUKHABAD,UTTAR PRADESH,
2908,SAHAWAR TOWN,SWRT,D,NSG5,IZN,NER,KASGANJ,UTTAR PRADESH,
2909,SIKANDRA RAO,SKA,D,NSG5,IZN,NER,HATHRAS,UTTAR PRADESH,
2910,TANAKPUR,TPU,D,NSG5,IZN,NER,CHAMPAWAT,UTTARAKHAND,
2911,AGSAULI,AUL,E,NSG6,IZN,NER,HATHRAS,UTTAR PRADESH,
2912,ARAUL MAKANPUR,ARL,E,NSG6,IZN,NER,KANPUR NAGAR,UTTAR PRADESH,
2913,BADHARI KALAN,BHK,E,NSG6,IZN,NER,KASGANJ,UTTAR PRADESH,
2914,BAMIANA,BMY,E,NSG6,IZN,NER,BAREILLY,UTTAR PRADESH,
2915,BANBASA,BNSA,E,NSG6,IZN,NER,CHAMPAWAT,UTTARAKHAND,
2916,BHOJIPURA JN.,BPR,D,NSG6,IZN,NER,BAREILLY,UTTAR PRADESH,
2917,BHOPATPUR,BFPA,E,NSG6,IZN,NER,PILIBHIT,UTTAR PRADESH,
2918,BIJAURIA,BJV,E,NSG6,IZN,NER,BAREILLY,UTTAR PRADESH,
2919,BILASPUR ROAD,BLQR,E,NSG6,IZN,NER,RAMPUR,UTTAR PRADESH,
2920,BITROI,BTRI,E,NSG6,IZN,NER,BUDAUN,UTTAR PRADESH,
2921,BRAHMAVART,BRT,,NSG6,IZN,NER,KANPUR NAGAR,UTTAR PRADESH,
2922,CHAMRUA,CHRU,E,NSG6,IZN,NER,RAMPUR,UTTAR PRADESH,
2923,CHAUBEPUR,CBR,E,NSG6,IZN,NER,KANPUR NAGAR,UTTAR PRADESH,
2924,DEORANIAN,DRN,E,NSG6,IZN,NER,BAREILLY,UTTAR PRADESH,
2925,DOHNA,DOX,E,NSG6,IZN,NER,BAREILLY,UTTAR PRADESH,
2926,GHATPURI,GTP,E,NSG6,IZN,NER,BUDAUN,UTTAR PRADESH,
2927,GULARBHOJ,GUB,E,NSG6,IZN,NER,UDAM SINGH NAGAR,UTTARAKHAND,
2928,HALDI ROAD,HLDD,E,NSG6,IZN,NER,UDAM SINGH NAGAR,UTTARAKHAND,
2929,JASODA,JDA,E,NSG6,IZN,NER,KANNAUJ,UTTAR PRADESH,
2930,KAMPIL ROAD,KXF,E,NSG6,IZN,NER,FARRUKHABAD,UTTAR PRADESH,
2931,KASGANJ CITY,KJC,E,NSG6,IZN,NER,KASGANJ,UTTAR PRADESH,
2932,KHATIMA,KHMA,D,NSG6,IZN,NER,UDAM SINGH NAGAR,UTTARAKHAND,
2933,KHUDAGANJ,KDJ,E,NSG6,IZN,NER,FARRUKHABAD,UTTAR PRADESH,
2934,MAJHOLA PAKARIYA,MJZ,E,NSG6,IZN,NER,PILIBHIT,UTTAR PRADESH,
2935,MAKRANDPUR,MQP,E,NSG6,IZN,NER,BAREILLY,UTTAR PRADESH,
2936,MANDHANA JN.,MDA,E,NSG6,IZN,NER,KANPUR NAGAR,UTTAR PRADESH,
2937,MANPUR NAGARIA,MPG,E,NSG6,IZN,NER,KASGANJ,UTTAR PRADESH,
2938,MARAHRA,MHA,E,NSG6,IZN,NER,ETAH,UTTAR PRADESH,
2939,MENDU HALT,MEU,E,NSG6,IZN,NER,HATHRAS,UTTAR PRADESH,
2940,MURSAN,MSN,E,NSG6,IZN,NER,HATHRAS,UTTAR PRADESH,
2941,NIGOHI,NOH,E,NSG6,IZN,NER,SHAHJAHANPUR,UTTAR PRADESH,
2942,NYORIYA HUSENPUR,NRY,E,NSG6,IZN,NER,PILIBHIT,UTTAR PRADESH,
2943,PANTNAGAR,PBW,E,NSG6,IZN,NER,UDAM SINGH NAGAR,UTTARAKHAND,
2944,PIPALSANA,PLS,E,NSG6,IZN,NER,MORADABAD,UTTAR PRADESH,
2945,RATI-KA-NAGLA,RKN,E,NSG6,IZN,NER,HATHRAS,UTTAR PRADESH,
2946,RAYA,RAYA,E,NSG6,IZN,NER,MATHURA,UTTAR PRADESH,
2947,SAITHAL,STH,E,NSG6,IZN,NER,BAREILLY,UTTAR PRADESH,
2948,SHAHBAZNAGAR,SZN,E,NSG6,IZN,NER,SHAHJAHANPUR,UTTAR PRADESH,
2949,SHAHI,SSC,E,NSG6,IZN,NER,PILIBHIT,UTTAR PRADESH,
2950,SHAMSABAD,SSD,E,NSG6,IZN,NER,FARRUKHABAD,UTTAR PRADESH,
2951,SONAI,SYZ,E,NSG6,IZN,NER,MATHURA,UTTAR PRADESH,
2952,SORON SHUKAR KSHETRA,SRNK,D,NSG6,IZN,NER,KASGANJ,UTTAR PRADESH,
2953,UJHANI,UJH,D,NSG6,IZN,NER,BUDAUN,UTTAR PRADESH,
2954,UTRI PURA,UTP,E,NSG6,IZN,NER,KANPUR NAGAR,UTTAR PRADESH,
2955,BAREILLY JN.,BRY,NA,,IZN,NER,BAREILLY,UTTAR PRADESH,
2956,RAMGANGA BRIDGE,RGBD,,,IZN,NER,BAREILLY,UTTAR PRADESH,
2957,RAMGANGA SOUTH CABIN,RSC,,,IZN,NER,BAREILLY,UTTAR PRADESH,
2958,SHAHAMATGANJ,SMG,F,,IZN,NER,BAREILLY,UTTAR PRADESH,
2959,AHIRAULI HALT,AHU,F,HG2,LJN,NER,SIDDHARTH NAGAR,UTTAR PRADESH,
2960,BABAGANJ HALT,BBJ,F,HG2,LJN,NER,BAHRAICH,UTTAR PRADESH,
2961,BABUPUR HALT,BBPR,F,HG2,LJN,NER,SITAPUR,UTTAR PRADESH,
2962,BARWA KALAN HALT,BRSA,F,HG2,LJN,NER,MAHARAJGANJ,UTTAR PRADESH,
2963,BHAGIRATHPUR HALT,BHGP,F,HG2,LJN,NER,MAHARAJGANJ,UTTAR PRADESH,
2964,JHAMAT HALT,JLT,F,HG2,LJN,NER,MAHARAJGANJ,UTTAR PRADESH,
2965,KAKRAHA REST HOUSE,KARH,F,HG2,LJN,NER,BAHRAICH,UTTAR PRADESH,
2966,KASTURI HALT,KSR,F,HG2,LJN,NER,GONDA,UTTAR PRADESH,
2967,KATHOLA HALT,KTHL,F,HG2,LJN,NER,GONDA,UTTAR PRADESH,
2968,KAURIA JUNGLE HALT,JKI,F,HG2,LJN,NER,GORAKHPUR,UTTAR PRADESH,
2969,KHIRI TOWN HALT,KITN,E,HG2,LJN,NER,KHERI,UTTAR PRADESH,
2970,LEHRA F,LER,E,HG2,LJN,NER,MAHARAJGANJ,UTTAR PRADESH,
2971,LOHARPURWA HALT,LPW,F,HG2,LJN,NER,GORAKHPUR,UTTAR PRADESH,
2972,LOK VIDYAPITH NAGAR,LVR,F,HG2,LJN,NER,MAHARAJGANJ,UTTAR PRADESH,
2973,MAHADEVA BUZURG HALT,MHBG,F,HG2,LJN,NER,SIDDHARTH NAGAR,UTTAR PRADESH,
2974,MAHAWAN KHOR HALT,MVKR,F,HG2,LJN,NER,GORAKHPUR,UTTAR PRADESH,
2975,MAHTHA BAZAR HALT,MHBZ,F,HG2,LJN,NER,SIDDHARTH NAGAR,UTTAR PRADESH,
2976,NAIKOT F,NIT,E,HG2,LJN,NER,MAHARAJGANJ,UTTAR PRADESH,
2977,"NAWABGANJ(GONDA)
HAL",NGB,F,HG2,LJN,NER,GONDA,UTTAR PRADESH,
2978,OEL HALT,OEL,E,HG2,LJN,NER,KHERI,UTTAR PRADESH,
2979,PAINTEPUR,PPE,E,HG2,LJN,NER,BARABANKI,UTTAR PRADESH,
2980,PHARADAHAN HALT,PD,E,HG2,LJN,NER,KHERI,UTTAR PRADESH,
2981,PURANDARPUR HALT,PDPR,F,HG2,LJN,NER,MAHARAJGANJ,UTTAR PRADESH,
2982,RAMAIPUR,RAMR,E,HG2,LJN,NER,SITAPUR,UTTAR PRADESH,
2983,RAMCHAURA HALT,RCRA,F,HG2,LJN,NER,GORAKHPUR,UTTAR PRADESH,
2984,RAMGHAT HALT,RMBG,F,HG2,LJN,NER,AYODHYA,UTTAR PRADESH,
2985,SHANKERPUR HALT,SKLP,F,HG2,LJN,NER,SITAPUR,UTTAR PRADESH,
2986,TAPPA KHAJURIA,TKUR,E,HG2,LJN,NER,SITAPUR,UTTAR PRADESH,
2987,TIKRI,TRE,E,HG2,LJN,NER,GONDA,UTTAR PRADESH,
2988,BABHANJYOTIYA HALT,BNGY,F,HG3,LJN,NER,GONDA,UTTAR PRADESH,
2989,BAHELIA BUZURG HALT,BFV,F,HG3,LJN,NER,KHERI,UTTAR PRADESH,
2990,BHAWANIPUR KALAN,BWP,F,HG3,LJN,NER,GONDA,UTTAR PRADESH,
2991,BHIKAMPUR HALT,BKHP,,HG3,LJN,NER,KHERI,UTTAR PRADESH,
2992,BHURJIHA BARAGAON HA,BUGN,F,HG3,LJN,NER,SITAPUR,UTTAR PRADESH,
2993,GAIGHAT HALT,GIHT,F,HG3,LJN,NER,BAHRAICH,UTTAR PRADESH,
2994,GAINJAHWA,GAW,E,HG3,LJN,NER,BALRAMPUR,UTTAR PRADESH,
2995,JHAREKAPUR,JKP,E,HG3,LJN,NER,SITAPUR,UTTAR PRADESH,
2996,KADIPUR SANI HALT,KDPS,F,HG3,LJN,NER,KHERI,UTTAR PRADESH,
2997,KHAIRATIYA BANDH ROA,KYBR,F,HG3,LJN,NER,KHERI,UTTAR PRADESH,
2998,LAIBURWA HALT,LBW,F,HG3,LJN,NER,BALRAMPUR,UTTAR PRADESH,
2999,LAKSHMANPUR HALT,LHNR,F,HG3,LJN,NER,BALRAMPUR,UTTAR PRADESH,
3000,MANWA HALT,MANW,F,HG3,LJN,NER,SITAPUR,UTTAR PRADESH,
3001,"MUNDA GOPAL ASHRAM
H",MGPA,F,HG3,LJN,NER,BARABANKI,UTTAR PRADESH,
3002,PERSEHRA MAL HALT,PMM,F,HG3,LJN,NER,SITAPUR,UTTAR PRADESH,
3003,RAFINAGAR F,RFR,E,HG3,LJN,NER,BARABANKI,UTTAR PRADESH,
3004,RAWATGANJ F,RJ,E,HG3,LJN,NER,GORAKHPUR,UTTAR PRADESH,
3005,REHTA,RTS,F,HG3,LJN,NER,BAHRAICH,UTTAR PRADESH,
3006,SIHAPAR HALT,SIPR,F,HG3,LJN,NER,GORAKHPUR,UTTAR PRADESH,
3007,SITAPUR KUTCHERY HAL,STRK,F,HG3,LJN,NER,SITAPUR,UTTAR PRADESH,
3008,SURAINCHA HALT,SUIA,F,HG3,LJN,NER,SITAPUR,UTTAR PRADESH,
3009,TRILOKPUR HALT,TPB,F,HG3,LJN,NER,BALRAMPUR,UTTAR PRADESH,
3010,YOGENDRA DHAM HALT,YEAM,F,HG3,LJN,NER,BAHRAICH,UTTAR PRADESH,
3011,GORAKHPUR JN.,GKP,A1,NSG2,LJN,NER,GORAKHPUR,UTTAR PRADESH,
3012,LUCKNOW JN.,LJN,A1,NSG2,LJN,NER,LUCKNOW,UTTAR PRADESH,
3013,BASTI,BST,A,NSG3,LJN,NER,BASTI,UTTAR PRADESH,
3014,GONDA JN.,GD,A,NSG3,LJN,NER,GONDA,UTTAR PRADESH,
3015,BADSHAHNAGAR,BNZ,B,NSG4,LJN,NER,LUCKNOW,UTTAR PRADESH,
3016,KHALILABAD,KLD,A,NSG4,LJN,NER,SANT KABEER NAGAR,UTTAR PRADESH,
3017,MANKAPUR JN.,MUR,B,NSG4,LJN,NER,GONDA,UTTAR PRADESH,
3018,ANAND NAGAR JN.,ANDN,D,NSG5,LJN,NER,MAHARAJGANJ,UTTAR PRADESH,
3019,BABHNAN,BV,D,NSG5,LJN,NER,BASTI,UTTAR PRADESH,
3020,BAHRAICH,BRK,D,NSG5,LJN,NER,BAHRAICH,UTTAR PRADESH,
3021,BALRAMPUR,BLP,E,NSG5,LJN,NER,BALRAMPUR,UTTAR PRADESH,
3022,BARHNI,BNY,D,NSG5,LJN,NER,SIDDHARTH NAGAR,UTTAR PRADESH,
3023,BISWAN,BVN,D,NSG5,LJN,NER,SITAPUR,UTTAR PRADESH,
3024,BURHWAL JN.,BUW,D,NSG5,LJN,NER,BARABANKI,UTTAR PRADESH,
3025,COLONELGANJ,CLJ,D,NSG5,LJN,NER,GONDA,UTTAR PRADESH,
3026,GOMTINAGAR F,GTNR,F,NSG5,LJN,NER,LUCKNOW,UTTAR PRADESH,
3027,JARWAL ROAD,JLD,D,NSG5,LJN,NER,BAHRAICH,UTTAR PRADESH,
3028,JHARKHANDI F,JKNI,D,NSG5,LJN,NER,BALRAMPUR,UTTAR PRADESH,
3029,LAKHIMPUR,LMP,B,NSG5,LJN,NER,KHERI,UTTAR PRADESH,
3030,LUCKNOW CITY,LC,D,NSG5,LJN,NER,LUCKNOW,UTTAR PRADESH,
3031,MAHMUDABAD (AVADH),MMB,D,NSG5,LJN,NER,SITAPUR,UTTAR PRADESH,
3032,MAILANI JN.,MLN,D,NSG5,LJN,NER,KHERI,UTTAR PRADESH,
3033,MASKANWA,MSW,D,NSG5,LJN,NER,GONDA,UTTAR PRADESH,
3034,NANPARA JN.,NNP,D,NSG5,LJN,NER,BAHRAICH,UTTAR PRADESH,
3035,NAUTANWA,NTV,D,NSG5,LJN,NER,MAHARAJGANJ,UTTAR PRADESH,
3036,PALIA KALAN,PLK,D,NSG5,LJN,NER,KHERI,UTTAR PRADESH,
3037,SHOHRATGARH,SOT,E,NSG5,LJN,NER,SIDDHARTH NAGAR,UTTAR PRADESH,
3038,SIDDHARTH NAGAR,SDDN,D,NSG5,LJN,NER,SIDDHARTH NAGAR,UTTAR PRADESH,
3039,SITAPUR JN.,STP,B,NSG5,LJN,NER,SITAPUR,UTTAR PRADESH,
3040,TULSIPUR,TLR,D,NSG5,LJN,NER,BALRAMPUR,UTTAR PRADESH,
3041,AISHBAGH,ASH,B,NSG6,LJN,NER,LUCKNOW,UTTAR PRADESH,
3042,ATARIA,AA,E,NSG6,LJN,NER,SITAPUR,UTTAR PRADESH,
3043,BAKSHI KA TALAB,BKT,E,NSG6,LJN,NER,LUCKNOW,UTTAR PRADESH,
3044,BANGAIN,BGAN,E,NSG6,LJN,NER,GONDA,UTTAR PRADESH,
3045,BANKEGANJ,BNKJ,E,NSG6,LJN,NER,KHERI,UTTAR PRADESH,
3046,BARAI JALALPUR,BJLP,E,NSG6,LJN,NER,SITAPUR,UTTAR PRADESH,
3047,BARUA CHAK,BRCK,E,NSG6,LJN,NER,GONDA,UTTAR PRADESH,
3048,BELRAYAN,BXM,D,NSG6,LJN,NER,KHERI,UTTAR PRADESH,
3049,BHIRA KHERI,BIK,E,NSG6,LJN,NER,KHERI,UTTAR PRADESH,
3050,BICHIA,BIC,E,NSG6,LJN,NER,BAHRAICH,UTTAR PRADESH,
3051,BINDAURA,BUR,E,NSG6,LJN,NER,BARABANKI,UTTAR PRADESH,
3052,BISHESHWARGANJ,BEU,E,NSG6,LJN,NER,BAHRAICH,UTTAR PRADESH,
3053,BRIJMANGANJ,BMJ,E,NSG6,LJN,NER,MAHARAJGANJ,UTTAR PRADESH,
3054,CAMPIERGANJ,CM,E,NSG6,LJN,NER,GORAKHPUR,UTTAR PRADESH,
3055,CHILHIA,CIH,E,NSG6,LJN,NER,SIDDHARTH NAGAR,UTTAR PRADESH,
3056,CHILWARIYA,CLW,E,NSG6,LJN,NER,BAHRAICH,UTTAR PRADESH,
3057,CHOWKA GHAT,CKG,E,NSG6,LJN,NER,BARABANKI,UTTAR PRADESH,
3058,CHUREB,CRV,E,NSG6,LJN,NER,SANT KABEER NAGAR,UTTAR PRADESH,
3059,DALIGANJ JN.,DAL,D,NSG6,LJN,NER,LUCKNOW,UTTAR PRADESH,
3060,DEOKALI HALT,DEO,E,NSG6,LJN,NER,KHERI,UTTAR PRADESH,
3061,DOMINGARH,DMG,E,NSG6,LJN,NER,GORAKHPUR,UTTAR PRADESH,
3062,DUDWA,DDW,E,NSG6,LJN,NER,KHERI,UTTAR PRADESH,
3063,GAINSARI JN.,GIR,E,NSG6,LJN,NER,BALRAMPUR,UTTAR PRADESH,
3064,GANGA DHAM,GADM,E,NSG6,LJN,NER,GONDA,UTTAR PRADESH,
3065,GAUR,GAUR,E,NSG6,LJN,NER,BASTI,UTTAR PRADESH,
3066,GHAGHARA GHAT,GHT,E,NSG6,LJN,NER,BAHRAICH,UTTAR PRADESH,
3067,GOLA GOKARANATH,GK,D,NSG6,LJN,NER,KHERI,UTTAR PRADESH,
3068,GONDA KACHAHRI,GDK,E,NSG6,LJN,NER,GONDA,UTTAR PRADESH,
3069,GORAKHPUR CANTT.,GKC,E,NSG6,LJN,NER,GORAKHPUR,UTTAR PRADESH,
3070,GOVINDNAGAR,GOVR,E,NSG6,LJN,NER,BASTI,UTTAR PRADESH,
3071,HARGAON,HA,D,NSG6,LJN,NER,SITAPUR,UTTAR PRADESH,
3072,INTIYATHOK,ITE,E,NSG6,LJN,NER,GONDA,UTTAR PRADESH,
3073,ITAUNJA,IJ,E,NSG6,LJN,NER,LUCKNOW,UTTAR PRADESH,
3074,JAGATBELA,JTB,E,NSG6,LJN,NER,GORAKHPUR,UTTAR PRADESH,
3075,JAHANGIRABAD RAJ,JBR,E,NSG6,LJN,NER,BARABANKI,UTTAR PRADESH,
3076,JARWA,JAW,,NSG6,LJN,NER,BALRAMPUR,UTTAR PRADESH,
3077,JHILAHI,JLHI,E,NSG6,LJN,NER,GONDA,UTTAR PRADESH,
3078,KAMALAPUR,KMP,E,NSG6,LJN,NER,SITAPUR,UTTAR PRADESH,
3079,KATRA,KEA,E,NSG6,LJN,NER,GONDA,UTTAR PRADESH,
3080,KAUWAPUR,KPE,E,NSG6,LJN,NER,BALRAMPUR,UTTAR PRADESH,
3081,KHAIRABAD (AVADH),KB,E,NSG6,LJN,NER,SITAPUR,UTTAR PRADESH,
3082,LACHMIPUR,LIR,E,NSG6,LJN,NER,MAHARAJGANJ,UTTAR PRADESH,
3083,LAKHPAT NAGAR,LKNR,E,NSG6,LJN,NER,GONDA,UTTAR PRADESH,
3084,MAGHAR,MHH,E,NSG6,LJN,NER,SANT KABEER NAGAR,UTTAR PRADESH,
3085,MAIJAPUR,MIR,E,NSG6,LJN,NER,GONDA,UTTAR PRADESH,
3086,MANIRAM,MIM,E,NSG6,LJN,NER,GORAKHPUR,UTTAR PRADESH,
3087,MANJHRA PURAB,MJPB,E,NSG6,LJN,NER,KHERI,UTTAR PRADESH,
3088,MATERA,MT,E,NSG6,LJN,NER,BAHRAICH,UTTAR PRADESH,
3089,MIHINPURWA,MIN,D,NSG6,LJN,NER,BAHRAICH,UTTAR PRADESH,
3090,MOHIBULLAPUR,MBP,D,NSG6,LJN,NER,LUCKNOW,UTTAR PRADESH,
3091,MOTIGANJ,MOTG,E,NSG6,LJN,NER,GONDA,UTTAR PRADESH,
3092,MUNDERWA,MND,E,NSG6,LJN,NER,BASTI,UTTAR PRADESH,
3093,MURTIHA,MUH,E,NSG6,LJN,NER,BAHRAICH,UTTAR PRADESH,
3094,NAKAHA JUNGLE,JEA,E,NSG6,LJN,NER,GORAKHPUR,UTTAR PRADESH,
3095,NEPALGANJ ROAD,NPR,D,NSG6,LJN,NER,BAHRAICH,UTTAR PRADESH,
3096,NISHANGARA,NSA,E,NSG6,LJN,NER,BAHRAICH,UTTAR PRADESH,
3097,ORWARA,ORW,E,NSG6,LJN,NER,BASTI,UTTAR PRADESH,
3098,PACHPERWA,PPW,E,NSG6,LJN,NER,BALRAMPUR,UTTAR PRADESH,
3099,PARSA,PRZ,E,NSG6,LJN,NER,SIDDHARTH NAGAR,UTTAR PRADESH,
3100,PARSA TIWARI,PATI,E,NSG6,LJN,NER,GONDA,UTTAR PRADESH,
3101,PARSENDI,PSN,E,NSG6,LJN,NER,SITAPUR,UTTAR PRADESH,
3102,PAYAGPUR,PDR,D,NSG6,LJN,NER,BAHRAICH,UTTAR PRADESH,
3103,PEPPEGANJ,PJ,E,NSG6,LJN,NER,GORAKHPUR,UTTAR PRADESH,
3104,RAIBOJHA,RBJ,E,NSG6,LJN,NER,BAHRAICH,UTTAR PRADESH,
3105,RAZAGANJ HALT,RZJ,E,NSG6,LJN,NER,KHERI,UTTAR PRADESH,
3106,RISIA,RS,E,NSG6,LJN,NER,BAHRAICH,UTTAR PRADESH,
3107,SAHJANWA,SWA,E,NSG6,LJN,NER,GORAKHPUR,UTTAR PRADESH,
3108,SARAYAN,SYU,E,NSG6,LJN,NER,SITAPUR,UTTAR PRADESH,
3109,SARJU,SUJ,E,NSG6,LJN,NER,GONDA,UTTAR PRADESH,
3110,SIDHAULI,SD,D,NSG6,LJN,NER,SITAPUR,UTTAR PRADESH,
3111,SUBHAGPUR,SUBR,E,NSG6,LJN,NER,GONDA,UTTAR PRADESH,
3112,SUNDHIA MAU,SDAM,E,NSG6,LJN,NER,BARABANKI,UTTAR PRADESH,
3113,SWAMI N CHHAPIA,SNC,E,NSG6,LJN,NER,GONDA,UTTAR PRADESH,
3114,TAHSIL FATEHPUR,TSF,D,NSG6,LJN,NER,BARABANKI,UTTAR PRADESH,
3115,TIKUNIA,TQN,E,NSG6,LJN,NER,KHERI,UTTAR PRADESH,
3116,TINICH,TH,E,NSG6,LJN,NER,BASTI,UTTAR PRADESH,
3117,USKA BAZAR,UB,E,NSG6,LJN,NER,SIDDHARTH NAGAR,UTTAR PRADESH,
3118,GONDA MG,GNAN,NA,,LJN,NER,GONDA,UTTAR PRADESH,
3119,ABUTARA HALT,ABW,F,HG2,APDJ,NFR,COOCHBEHAR,WEST BENGAL,26.0601853/89.5290945
3120,ALIPUR DUAR COURT,APDC,F,HG2,APDJ,NFR,ALIPURDUAR,WEST BENGAL,26.499255/89.526808
3121,BHETAGURI,VTG,F,HG2,APDJ,NFR,COOCHBEHAR,WEST BENGAL,26.2013029/89.4802153
3122,DINHATA COLLEGE HALT,DCH,F,HG2,APDJ,NFR,COOCHBEHAR,WEST BENGAL,26.1457141/89.4652693
3123,FALIMARI,FLM,F,HG2,APDJ,NFR,COOCHBEHAR,WEST BENGAL,26.0615389/89.4734122
3124,GAROPARA HALT,GRU,F,HG2,APDJ,NFR,ALIPURDUAR,WEST BENGAL,26.6574376742/89.4852616998
3125,MOTERJHAR,MTJR,F,HG2,APDJ,NFR,DHUBRI,ASSAM,
3126,BASBARI,BSI,F,HG3,APDJ,NFR,DHUBRI,ASSAM,
3127,BIDYADABRI,BDYR,F,HG3,APDJ,NFR,DHUBRI,ASSAM,
3128,MONGLAJHORA,MONJ,F,HG3,APDJ,NFR,KOKRAJHAR,ASSAM,
3129,RAJA BHAT KHAWA,RVK,E,HG3,APDJ,NFR,ALIPURDUAR,WEST BENGAL,26.6201438112/89.528605351
3130,TIPKAI,TPK,F,HG3,APDJ,NFR,KOKRAJHAR,ASSAM,
3131,NEW ALIPURDUAR,NOQ,A,NSG3,APDJ,NFR,ALIPURDUAR,WEST BENGAL,26.48572/89.541398
3132,NEW COOCH BEHAR,NCB,A,NSG3,APDJ,NFR,COOCHBEHAR,WEST BENGAL,26.35291/89.46955
3133,ALIPUR DUAR JN.,APDJ,A,NSG4,APDJ,NFR,ALIPURDUAR,WEST BENGAL,26.523279/89.534048
3134,DHUPGURI,DQG,B,NSG4,APDJ,NFR,JALPAIGURI,WEST BENGAL,26.573532/88.994973
3135,KOKRAJHAR,KOJ,B,NSG4,APDJ,NFR,KOKRAJHAR,ASSAM,
3136,BINNAGURI,BNV,D,NSG5,APDJ,NFR,JALPAIGURI,WEST BENGAL,26.7470883/89.0523909
3137,DALGAON,DLO,D,NSG5,APDJ,NFR,ALIPURDUAR,WEST BENGAL,26.715384/89.136244
3138,DHUBRI,DBB,D,NSG5,APDJ,NFR,DHUBRI,ASSAM,
3139,DINHATA,DHH,B,NSG5,APDJ,NFR,COOCHBEHAR,WEST BENGAL,26.1241595/89.4656508
3140,FAKIRAGRAM JN.,FKM,D,NSG5,APDJ,NFR,KOKRAJHAR,ASSAM,
3141,FALAKATA,FLK,D,NSG5,APDJ,NFR,ALIPURDUAR,WEST BENGAL,26.5383964616/89.1922748828
3142,GOSAI GAON HAT,GOGH,D,NSG5,APDJ,NFR,KOKRAJHAR,ASSAM,
3143,HASIMARA,HSA,B,NSG5,APDJ,NFR,ALIPURDUAR,WEST BENGAL,26.72689/89.347661
3144,JALPAIGURI ROAD,JPE,D,NSG5,APDJ,NFR,JALPAIGURI,WEST BENGAL,26.5594/88.7097
3145,KAMAKHYAGURI,KAMG,D,NSG5,APDJ,NFR,ALIPURDUAR,WEST BENGAL,26.4772309/89.7288268
3146,NEW MAL JN.,NMZ,B,NSG5,APDJ,NFR,JALPAIGURI,WEST BENGAL,26.87368/88.724837
3147,NEW MAYNAGURI,NMX,D,NSG5,APDJ,NFR,JALPAIGURI,WEST BENGAL,26.5784/88.8228
3148,AGOMONI,AGMN,E,NSG6,APDJ,NFR,DHUBRI,ASSAM,
3149,ALIPUR DUAR,APD,E,NSG6,APDJ,NFR,ALIPURDUAR,WEST BENGAL,26.479307/89.520667
3150,ALTAGRAM,ATM,E,NSG6,APDJ,NFR,JALPAIGURI,WEST BENGAL,26.608131/88.946682
3151,BAGRAKOT,BRQ,E,NSG6,APDJ,NFR,JALPAIGURI,WEST BENGAL,26.87063169/88.58596154
3152,BAMANHAT,BXT,E,NSG6,APDJ,NFR,COOCHBEHAR,WEST BENGAL,26.0706/89.5862
3153,BANARHAT,BNQ,E,NSG6,APDJ,NFR,JALPAIGURI,WEST BENGAL,26.797885/89.025682
3154,BANESWAR,BSW,E,NSG6,APDJ,NFR,COOCHBEHAR,WEST BENGAL,26.388205/89.494466
3155,BARADIGHI,BDS,E,NSG6,APDJ,NFR,JALPAIGURI,WEST BENGAL,26.7974377/88.7402033
3156,BASUGAON,BSGN,E,NSG6,APDJ,NFR,CHIRANG,ASSAM,
3157,BETGARA,BYXA,E,NSG6,APDJ,NFR,JALPAIGURI,WEST BENGAL,26.612665/88.885559
3158,BHOTEPATTI,BPV,E,NSG6,APDJ,NFR,JALPAIGURI,WEST BENGAL,26.470962/88.8513601
3159,BOXIRHAT,BXHT,E,NSG6,APDJ,NFR,COOCHBEHAR,WEST BENGAL,26.307287/89.751593
3160,CARRON,CRX,E,NSG6,APDJ,NFR,JALPAIGURI,WEST BENGAL,26.880279/88.9704
3161,CHALSA,CLD,E,NSG6,APDJ,NFR,JALPAIGURI,WEST BENGAL,26.882215/88.798213
3162,CHANGRABANDHA,CBD,E,NSG6,APDJ,NFR,COOCHBEHAR,WEST BENGAL,26.4131/88.9193
3163,CHAPAGURI,CAPG,E,NSG6,APDJ,NFR,COOCHBEHAR,WEST BENGAL,26.3491498/89.3376996
3164,CHAUTARA,CROA,E,NSG6,APDJ,NFR,KOKRAJHAR,ASSAM,
3165,COOCH BEHAR,COB,A,NSG6,APDJ,NFR,COOCHBEHAR,WEST BENGAL,26.31871/89.45631
3166,DAM DIM,DDM,E,NSG6,APDJ,NFR,JALPAIGURI,WEST BENGAL,26.859243/88.671333
3167,DANGTAL,DTX,E,NSG6,APDJ,NFR,BONGAIGAON,ASSAM,
3168,DEWAN HAT,DWT,E,NSG6,APDJ,NFR,COOCHBEHAR,WEST BENGAL,26.2357443/89.4824884
3169,DOMOHANI,DOI,E,NSG6,APDJ,NFR,JALPAIGURI,WEST BENGAL,26.5792684/88.7696385
3170,GAURIPUR,GUP,E,NSG6,APDJ,NFR,DHUBRI,ASSAM,
3171,GHOKSADANGA,GDX,D,NSG6,APDJ,NFR,COOCHBEHAR,WEST BENGAL,26.4228864281/89.2780105872
3172,GOLAKGANJ,GKJ,E,NSG6,APDJ,NFR,DHUBRI,ASSAM,
3173,GULMA,GLMA,E,NSG6,APDJ,NFR,DARJEELING,WEST BENGAL,26.802802/88.403784
3174,GUMANIHAT,GUZ,E,NSG6,APDJ,NFR,COOCHBEHAR,WEST BENGAL,
3175,HAMILTONGANJ,HOJ,E,NSG6,APDJ,NFR,ALIPURDUAR,WEST BENGAL,26.688907/89.416841
3176,JAMALDAGOPALPUR,JDGP,F,NSG6,APDJ,NFR,COOCHBEHAR,WEST BENGAL,26.45570993351131/89.04333617230432
3177,JORAI,JOQ,E,NSG6,APDJ,NFR,COOCHBEHAR,WEST BENGAL,26.4548754981/89.8034610461
3178,KALCHINI,KCF,E,NSG6,APDJ,NFR,ALIPURDUAR,WEST BENGAL,26.687507/89.447487
3179,KOLAIGRAM,KLGR,E,NSG6,APDJ,NFR,JALPAIGURI,WEST BENGAL,26.55042/89.052194
3180,LATAGURI,LTG,E,NSG6,APDJ,NFR,JALPAIGURI,WEST BENGAL,26.7057081/88.7697029
3181,MADARIHAT,MDT,E,NSG6,APDJ,NFR,ALIPURDUAR,WEST BENGAL,26.694551388/89.274559021
3182,MAL BAZAR,MLBZ,E,NSG6,APDJ,NFR,JALPAIGURI,WEST BENGAL,26.8660086/88.737482
3183,MARADANGA,MRDG,E,NSG6,APDJ,NFR,COOCHBEHAR,WEST BENGAL,26.301078/89.556685
3184,MATHABHANGA,MHBA,E,NSG6,APDJ,NFR,COOCHBEHAR,WEST BENGAL,26.3642382/89.1993606
3185,MAYNAGURI ROAD,MYGD,E,NSG6,APDJ,NFR,JALPAIGURI,WEST BENGAL,26.526887/88.799867
3186,MUJNAI,MJE,E,NSG6,APDJ,NFR,ALIPURDUAR,WEST BENGAL,26.693328/89.191957
3187,NAGRAKATA,NKB,E,NSG6,APDJ,NFR,JALPAIGURI,WEST BENGAL,26.885533/88.917581
3188,NAYARHAT,NYRH,E,NSG6,APDJ,NFR,COOCHBEHAR,WEST BENGAL,26.4308089/89.1301636
3189,NEORANADI,NOR,E,NSG6,APDJ,NFR,JALPAIGURI,WEST BENGAL,26.742736/88.7460566
3190,NEW BANESWAR,NBS,E,NSG6,APDJ,NFR,COOCHBEHAR,WEST BENGAL,26.3950219126/89.5104217529
3191,NEW CHANGRABANDHA,NCBD,E,NSG6,APDJ,NFR,COOCHBEHAR,WEST BENGAL,26.4372277/88.9029551
3192,NEW DOMOHANI,NQH,E,NSG6,APDJ,NFR,JALPAIGURI,WEST BENGAL,26.5695/88.7858
3193,NEW GITALDAHA,NGTG,E,NSG6,APDJ,NFR,COOCHBEHAR,WEST BENGAL,26.0350794/89.4878764
3194,OODLABARI,ODB,E,NSG6,APDJ,NFR,JALPAIGURI,WEST BENGAL,26.866793/88.624639
3195,PUNDIBARI,PQZ,E,NSG6,APDJ,NFR,COOCHBEHAR,WEST BENGAL,26.413245/89.393542
3196,SAJERPAR,SJRR,E,NSG6,APDJ,NFR,COOCHBEHAR,WEST BENGAL,26.4224452405/89.3522741327
3197,SALAKATI,SLKX,E,NSG6,APDJ,NFR,KOKRAJHAR,ASSAM,
3198,SALBARI,SXX,E,NSG6,APDJ,NFR,ALIPURDUAR,WEST BENGAL,26.5460609943/89.105526734
3199,SAMUKTALA ROAD,SMTA,E,NSG6,APDJ,NFR,ALIPURDUAR,WEST BENGAL,26.4838/89.6355
3200,SAPATGRAM,SPX,E,NSG6,APDJ,NFR,DHUBRI,ASSAM,
3201,SIVOK,SVQ,E,NSG6,APDJ,NFR,DARJEELING,WEST BENGAL,26.8806/88.4689
3202,SRIRAMPUR (ASSAM),SRPB,E,NSG6,APDJ,NFR,KOKRAJHAR,ASSAM,
3203,TUFANGANJ,TFGN,D,NSG6,APDJ,NFR,COOCHBEHAR,WEST BENGAL,26.303308/89.667639
3204,BAMANGRAM,BMGR,F,HG2,KIR,NFR,DINAJPUR UTTAR,WEST BENGAL,25.62311/88.19842415
3205,DALIMGAON,DLX,F,HG2,KIR,NFR,DINAJPUR UTTAR,WEST BENGAL,25.640548/88.3863
3206,DHACHNA,DHNA,F,HG2,KIR,NFR,KATIHAR,BIHAR,
3207,JHITKIA,JTK,F,HG2,KIR,NFR,DINAJPUR UTTAR,WEST BENGAL,25.6253926/88.06331284999999
3208,KANTAKOSH HALT,KTKS,F,HG2,KIR,NFR,KATIHAR,BIHAR,
3209,MAHANANDA BRIDGE,MBC,F,HG2,KIR,NFR,MALDAH,WEST BENGAL,25.1883357022/88.0833990649
3210,SAHJHA HALT,SAJH,F,HG2,KIR,NFR,KATIHAR,BIHAR,
3211,SANJOY GRAM,SJGM,F,HG2,KIR,NFR,KATIHAR,BIHAR,
3212,SATAR HALT,SATR,F,HG2,KIR,NFR,PURNIA,BIHAR,
3213,TAIABPUR,TBR,F,HG2,KIR,NFR,KISHANGANJ,BIHAR,
3214,AJHARAIL,AHL,F,HG3,KIR,NFR,KATIHAR,BIHAR,
3215,BABHAN GAON HALT,BAHN,F,HG3,KIR,NFR,KATIHAR,BIHAR,
3216,BAGHMARA HALT,BHMA,F,HG3,KIR,NFR,KATIHAR,BIHAR,
3217,BATASI,BTSI,F,HG3,KIR,NFR,DARJEELING,WEST BENGAL,26.6095/88.1742
3218,BHAWANIPUR BIHAR,BWPB,F,HG3,KIR,NFR,KATIHAR,BIHAR,
3219,BISHANPUR HALT,BHNP,F,HG3,KIR,NFR,KATIHAR,BIHAR,
3220,DAULATPUR HALT,DLPH,F,HG3,KIR,NFR,DINAJPUR DAKSHIN,WEST BENGAL,25.3305/88.3367
3221,DEOTALA,DOTL,F,HG3,KIR,NFR,MALDAH,WEST BENGAL,25.274329/88.294214
3222,DHOLBAZA,DLZ,F,HG3,KIR,NFR,ARARIA,BIHAR,
3223,GOGI POTHIA,GPE,F,HG3,KIR,NFR,ARARIA,BIHAR,
3224,GORPHAR,GRR,F,HG3,KIR,NFR,KATIHAR,BIHAR,
3225,HALDIA BIHAR HALT,HOD,F,HG3,KIR,NFR,ARARIA,BIHAR,
3226,KADABARI HAT,KDX,F,HG3,KIR,NFR,JALPAIGURI,WEST BENGAL,26.476201/88.730986
3227,KAMALPUR HALT,KMPH,F,HG3,KIR,NFR,KATIHAR,BIHAR,
3228,KASHIABARI,KSBI,F,HG3,KIR,NFR,JALPAIGURI,WEST BENGAL,26.384654/88.768566
3229,KUMARIPUR,KRMP,F,HG3,KIR,NFR,KATIHAR,BIHAR,
3230,MAHANAGAR,MANG,F,HG3,KIR,NFR,DINAJPUR DAKSHIN,WEST BENGAL,25.2476/88.2518
3231,MALANCHA,MLNH,F,HG3,KIR,NFR,DINAJPUR DAKSHIN,WEST BENGAL,25.3608/88.6026
3232,MALLICKPURHAT,MKRH,F,HG3,KIR,NFR,DINAJPUR DAKSHIN,WEST BENGAL,25.3227/88.6916
3233,MANSHAHI,MNS,F,HG3,KIR,NFR,KATIHAR,BIHAR,
3234,MATIGARA,MTRA,F,HG3,KIR,NFR,DARJEELING,WEST BENGAL,26.7178317/88.3847761
3235,MEENAPUR,MENP,F,HG3,KIR,NFR,KATIHAR,BIHAR,
3236,MOHITNAGAR,MOP,F,HG3,KIR,NFR,JALPAIGURI,WEST BENGAL,26.53055/88.669651
3237,NAYATOLA,NYT,F,HG3,KIR,NFR,KATIHAR,BIHAR,
3238,PIPRITHAN,PPTN,F,HG3,KIR,NFR,KISHANGANJ,BIHAR,
3239,POTHIA,POT,F,HG3,KIR,NFR,KISHANGANJ,BIHAR,
3240,RAMPUR BAZAR,RMPB,F,HG3,KIR,NFR,DINAJPUR DAKSHIN,WEST BENGAL,25.3446/88.63
3241,SRIPUR HALT,SRPU,F,HG3,KIR,NFR,MALDAH,WEST BENGAL,
3242,NEW JALPAIGURI JN.,NJP,A1,NSG2,KIR,NFR,JALPAIGURI,WEST BENGAL,26.682355/88.442721
3243,BARSOI JN.,BOE,B,NSG3,KIR,NFR,KATIHAR,BIHAR,
3244,KISHANGANJ,KNE,A,NSG3,KIR,NFR,KISHANGANJ,BIHAR,
3245,ARARIYA COURT,ARQ,B,NSG4,KIR,NFR,ARARIA,BIHAR,
3246,JOGBANI,JBN,A,NSG4,KIR,NFR,ARARIA,BIHAR,
3247,PURNEA JN.,PRNA,A,NSG4,KIR,NFR,PURNIA,BIHAR,
3248,RAIGANJ,RGJ,A,NSG4,KIR,NFR,DINAJPUR UTTAR,WEST BENGAL,25.6187/88.1285
3249,SILIGURI JN.,SGUJ,A,NSG4,KIR,NFR,DARJEELING,WEST BENGAL,26.723574/88.414033
3250,ALUABARI ROAD,AUB,B,NSG5,KIR,NFR,DINAJPUR UTTAR,WEST BENGAL,26.269681/88.18561
3251,AZAMNAGAR ROAD,AZR,D,NSG5,KIR,NFR,KATIHAR,BIHAR,
3252,BALURGHAT,BLGT,E,NSG5,KIR,NFR,DINAJPUR DAKSHIN,WEST BENGAL,25.233/88.7579
3253,BHALUKA ROAD,BKRD,E,NSG5,KIR,NFR,MALDAH,WEST BENGAL,25.3425716/87.9121276
3254,BUNIADPUR,BNDP,E,NSG5,KIR,NFR,DINAJPUR DAKSHIN,WEST BENGAL,25.386/88.4011
3255,DALKOLHA,DLK,B,NSG5,KIR,NFR,DINAJPUR UTTAR,WEST BENGAL,25.873416/87.838877
3256,DARJEELING,DJ,D,NSG5,KIR,NFR,DARJEELING,WEST BENGAL,27.0378/88.263
3257,FORBESGANJ,FBG,B,NSG5,KIR,NFR,ARARIA,BIHAR,
3258,HALDIBARI,HDB,D,NSG5,KIR,NFR,JALPAIGURI,WEST BENGAL,26.336/88.7828
3259,HARISHCHANDRAPUR,HCR,D,NSG5,KIR,NFR,MALDAH,WEST BENGAL,25.403999/87.867051
3260,JALPAIGURI,JPG,B,NSG5,KIR,NFR,JALPAIGURI,WEST BENGAL,26.5189/88.7237
3261,KALIYAGANJ,KAJ,D,NSG5,KIR,NFR,DINAJPUR UTTAR,WEST BENGAL,25.6393/88.330404
3262,LABHA,LAV,D,NSG5,KIR,NFR,KATIHAR,BIHAR,
3263,RADHIKAPUR,RDP,E,NSG5,KIR,NFR,DINAJPUR UTTAR,WEST BENGAL,25.642778/88.446944
3264,SALMARI,SRI,D,NSG5,KIR,NFR,KATIHAR,BIHAR,
3265,SAMSI,SM,B,NSG5,KIR,NFR,MALDAH,WEST BENGAL,25.276197/88.009757
3266,SONAILI,SI,D,NSG5,KIR,NFR,KATIHAR,BIHAR,
3267,ADHIKARI,ADQ,E,NSG6,KIR,NFR,DARJEELING,WEST BENGAL,26.5767/88.1699
3268,ADINA,ADF,E,NSG6,KIR,NFR,MALDAH,WEST BENGAL,25.114397/88.12318
3269,AMBARI FALAKATA,ABFC,E,NSG6,KIR,NFR,JALPAIGURI,WEST BENGAL,26.641553/88.510593
3270,ARARIYA,ARR,D,NSG6,KIR,NFR,ARARIA,BIHAR,
3271,BAGHDOGRA,BORA,E,NSG6,KIR,NFR,DARJEELING,WEST BENGAL,26.69777044/88.32445458
3272,BANGALBAREE,BJY,E,NSG6,KIR,NFR,DINAJPUR UTTAR,WEST BENGAL,25.626454/88.229425
3273,BATHNAHA,BTF,E,NSG6,KIR,NFR,ARARIA,BIHAR,
3274,BELAKOBA,BLK,E,NSG6,KIR,NFR,JALPAIGURI,WEST BENGAL,26.591441/88.583312
3275,BULBULCHANDI,BBCE,E,NSG6,KIR,NFR,MALDAH,WEST BENGAL,24.970966/88.242989
3276,CHATTAR HAT,CAT,E,NSG6,KIR,NFR,DARJEELING,WEST BENGAL,26.548827/88.323376
3277,DALAN,DLF,E,NSG6,KIR,NFR,KATIHAR,BIHAR,
3278,DANDKHORA,DNQ,E,NSG6,KIR,NFR,KATIHAR,BIHAR,
3279,DILLIDEWANGANJ,DVJ,F,NSG6,KIR,NFR,KATIHAR,BIHAR,
3280,DUMDANGI,DMZ,E,NSG6,KIR,NFR,DINAJPUR UTTAR,WEST BENGAL,26.47724/88.296508
3281,EKLAKHI,EKI,E,NSG6,KIR,NFR,MALDAH,WEST BENGAL,25.167868/88.099492
3282,GAISAL,GIL,E,NSG6,KIR,NFR,DINAJPUR UTTAR,WEST BENGAL,26.1848261159/88.0895072131
3283,GALGALIA,GAGA,E,NSG6,KIR,NFR,KISHANGANJ,BIHAR,
3284,GANGARAMPUR,GRMP,F,NSG6,KIR,NFR,DINAJPUR DAKSHIN,WEST BENGAL,25.390399/88.516447
3285,Gangarampur,GRMP,F,NSG6,KIR,NFR,Dakshin Dinajpur,West Bengal,25.390399/88.516447
3286,GARHBANAILI,GBN,E,NSG6,KIR,NFR,PURNIA,BIHAR,
3287,GAYABARI,GBE,E,NSG6,KIR,NFR,DARJEELING,WEST BENGAL,26.859203/88.312495
3288,GAZOLE,GZO,E,NSG6,KIR,NFR,MALDAH,WEST BENGAL,25.224984/88.198885
3289,GHUM,GHUM,E,NSG6,KIR,NFR,DARJEELING,WEST BENGAL,27.008643/88.254223
3290,GUNJARIA,GEOR,E,NSG6,KIR,NFR,DINAJPUR UTTAR,WEST BENGAL,26.218465/88.132222
3291,HATWAR,HWR,E,NSG6,KIR,NFR,DINAJPUR UTTAR,WEST BENGAL,26.044989/87.893032
3292,JALALGARH,JAG,E,NSG6,KIR,NFR,PURNIA,BIHAR,
3293,JHAUA,JAU,E,NSG6,KIR,NFR,KATIHAR,BIHAR,
3294,KACHNA,KAU,E,NSG6,KIR,NFR,KATIHAR,BIHAR,
3295,KANKI,KKA,E,NSG6,KIR,NFR,DINAJPUR UTTAR,WEST BENGAL,26.003233/87.864524
3296,KASBA,KUB,E,NSG6,KIR,NFR,PURNIA,BIHAR,
3297,KATIHAR JN.,KIR,A,NSG6,KIR,NFR,KATIHAR,BIHAR,
3298,KHURIAL,KWE,E,NSG6,KIR,NFR,KATIHAR,BIHAR,
3299,KUMARGANJ,KMRJ,E,NSG6,KIR,NFR,MALDAH,WEST BENGAL,25.21833333/88.06555556
3300,KUMEDPUR,KDPR,D,NSG6,KIR,NFR,MALDAH,WEST BENGAL,25.4334484028/87.804357666
3301,KURETHA,KUQ,E,NSG6,KIR,NFR,KATIHAR,BIHAR,
3302,KURSEONG,KGN,D,NSG6,KIR,NFR,DARJEELING,WEST BENGAL,26.877401/88.277001
3303,KUSIARGAON,KSY,E,NSG6,KIR,NFR,ARARIA,BIHAR,
3304,MAHANADI,MHN,E,NSG6,KIR,NFR,DARJEELING,WEST BENGAL,26.882301/88.318628
3305,MAHIYARPUR,MHPR,E,NSG6,KIR,NFR,KATIHAR,BIHAR,
3306,MALAHAR,MFZ,E,NSG6,KIR,NFR,MALDAH,WEST BENGAL,25.303709/87.95782
3307,MALDA COURT,MLFC,E,NSG6,KIR,NFR,MALDAH,WEST BENGAL,25.0112911/88.1627083
3308,MANDALGHAT,MDG,F,NSG6,KIR,NFR,JALPAIGURI,WEST BENGAL,26.430757/88.754758
3309,MANGURJAN,MXJ,E,NSG6,KIR,NFR,KISHANGANJ,BIHAR,
3310,MANIHARI,MHI,E,NSG6,KIR,NFR,KATIHAR,BIHAR,
3311,MANIYAN,MIYN,E,NSG6,KIR,NFR,KATIHAR,BIHAR,
3312,MILANGARH,MQG,E,NSG6,KIR,NFR,MALDAH,WEST BENGAL,25.3687460393/87.8962231482
3313,MUKURIA,MFA,E,NSG6,KIR,NFR,KATIHAR,BIHAR,
3314,NAKSALBARI,NAK,D,NSG6,KIR,NFR,DARJEELING,WEST BENGAL,26.682578/88.202235
3315,NIJBARI,NJB,E,NSG6,KIR,NFR,DARJEELING,WEST BENGAL,26.6074619/88.3448783
3316,OLD MALDA,OMLF,E,NSG6,KIR,NFR,MALDAH,WEST BENGAL,25.053174/88.143718
3317,PANJIPARA,PJP,E,NSG6,KIR,NFR,DINAJPUR UTTAR,WEST BENGAL,26.1401656527/88.0180577417
3318,PRANPUR ROAD,PQD,E,NSG6,KIR,NFR,KATIHAR,BIHAR,
3319,RANGAPANI,RNI,E,NSG6,KIR,NFR,DARJEELING,WEST BENGAL,26.664263/88.374386
3320,RANGTONG,RTG,E,NSG6,KIR,NFR,DARJEELING,WEST BENGAL,26.836122/88.342388
3321,RANINAGAR JALPAIGURI,RQJ,E,NSG6,KIR,NFR,JALPAIGURI,WEST BENGAL,26.544/88.648
3322,RANIPATRA,RNX,E,NSG6,KIR,NFR,PURNIA,BIHAR,
3323,RAUTARA,RWA,E,NSG6,KIR,NFR,KATIHAR,BIHAR,
3324,SILIGURI TOWN,SGUT,D,NSG6,KIR,NFR,DARJEELING,WEST BENGAL,26.7071/88.4292
3325,SIMRAHA,SMH,E,NSG6,KIR,NFR,ARARIA,BIHAR,
3326,SINGHABAD,SQB,E,NSG6,KIR,NFR,MALDAH,WEST BENGAL,24.9043/88.2898
3327,SONADA,SAD,E,NSG6,KIR,NFR,DARJEELING,WEST BENGAL,26.960337/88.273323
3328,SUDHANI,SUD,E,NSG6,KIR,NFR,KATIHAR,BIHAR,
3329,SUKNA,SN,E,NSG6,KIR,NFR,DARJEELING,WEST BENGAL,26.790887/88.363493
3330,SURJAKAMAL,SJKL,E,NSG6,KIR,NFR,DINAJPUR UTTAR,WEST BENGAL,25.935932/87.849258
3331,TEJNARAYANPUR,TNPR,F,NSG6,KIR,NFR,KATIHAR,BIHAR,
3332,TELTA,TETA,E,NSG6,KIR,NFR,KATIHAR,BIHAR,
3333,THAKURGANJ,TKG,D,NSG6,KIR,NFR,KISHANGANJ,BIHAR,
3334,TIN MILE HAT,TMH,E,NSG6,KIR,NFR,DINAJPUR UTTAR,WEST BENGAL,26.436601/88.279995
3335,TINDHARIA,TDH,E,NSG6,KIR,NFR,DARJEELING,WEST BENGAL,26.851551/88.332848
3336,TUNG,TUNG,E,NSG6,KIR,NFR,DARJEELING,WEST BENGAL,26.921803/88.294811
3337,JOGENDRA NAGAR,JGNR,F,HG2,LMG,NFR,WEST TRIPURA,TRIPURA,
3338,KANAIBAZAR,KNBR,F,HG2,LMG,NFR,KARIMGANJ,ASSAM,
3339,SAMAGURI,SMGR,F,HG2,LMG,NFR,NAGAON,ASSAM,
3340,TARABARI,TRBE,F,HG2,LMG,NFR,NAGAON,ASSAM,
3341,ANIPUR,APU,F,HG3,LMG,NFR,KARIMGANJ,ASSAM,
3342,BALIKOTIA,BKS,F,HG3,LMG,NFR,NAGAON,ASSAM,
3343,BATADRAWA ROAD,BTDR,F,HG3,LMG,NFR,NAGAON,ASSAM,
3344,BAZARGHAT HALT,BZGT,F,HG3,LMG,NFR,KARIMGANJ,ASSAM,
3345,CHAND KHIRA BAGAN,CHBN,F,HG3,LMG,NFR,KARIMGANJ,ASSAM,
3346,DAHGAON,DGX,F,HG3,LMG,NFR,NAGAON,ASSAM,
3347,DHING,DIU,F,HG3,LMG,NFR,NAGAON,ASSAM,
3348,ERALIGUL,ELL,F,HG3,LMG,NFR,KARIMGANJ,ASSAM,
3349,JIRIGHAT,JIGT,F,HG3,LMG,NFR,CACHAR,ASSAM,
3350,JURIAGAON,JRX,F,HG3,LMG,NFR,NAGAON,ASSAM,
3351,KAMRANGA,KMNG,F,HG3,LMG,NFR,CACHAR,ASSAM,
3352,KAYASTHAGRAM,KTGM,F,HG3,LMG,NFR,HAILAKANDI,ASSAM,
3353,NADIAPUR,NPU,F,HG3,LMG,NFR,NORTH TRIPURA,TRIPURA,
3354,NALKATA,NLKT,F,HG3,LMG,NFR,WEST TRIPURA,TRIPURA,
3355,NEW SILCHAR,NSCL,F,HG3,LMG,NFR,CACHAR,ASSAM,
3356,PHULAGURI,PUY,F,HG3,LMG,NFR,NAGAON,ASSAM,
3357,PURANIGUDAM,PUQ,F,HG3,LMG,NFR,NAGAON,ASSAM,
3358,RANIGAON,RNGN,F,HG3,LMG,NFR,CACHAR,ASSAM,
3359,RATABARI,RTBR,F,HG3,LMG,NFR,KARIMGANJ,ASSAM,
3360,RUPSIBARI,RPB,F,HG3,LMG,NFR,KARIMGANJ,ASSAM,
3361,S.K.PARA,SKAP,F,HG3,LMG,NFR,DHALAI,TRIPURA,
3362,SUPRAKANDI,SAKD,F,HG3,LMG,NFR,KARIMGANJ,ASSAM,
3363,WADRENGDISA,WDA,F,HG3,LMG,NFR,DIMA HASAO,ASSAM,
3364,GUWAHATI,GHY,A1,NSG2,LMG,NFR,KAMRUP METRO,ASSAM,
3365,DIMAPUR,DMV,A,NSG3,LMG,NFR,DIMAPUR,NAGALAND,
3366,KAMAKHYA JN,KYQ,A,NSG3,LMG,NFR,KAMRUP METRO,ASSAM,
3367,AGARTALA,AGTL,B,NSG4,LMG,NFR,WEST TRIPURA,TRIPURA,
3368,LUMDING JN.,LMG,A,NSG4,LMG,NFR,HOJAI,ASSAM,
3369,NEW HAFLONG,NHLG,D,NSG4,LMG,NFR,DIMA HASAO,ASSAM,
3370,SILCHAR,SCL,A,NSG4,LMG,NFR,CACHAR,ASSAM,
3371,BADARPUR JN.,BPB,D,NSG-4,LMG,NFR,KARIMGANJ,ASSAM,
3372,BOKAJAN,BXJ,D,NSG5,LMG,NFR,KARBI ANGLONG,ASSAM,
3373,DHARMANAGAR,DMR,D,NSG5,LMG,NFR,NORTH TRIPURA,TRIPURA,
3374,DIPHU,DPU,B,NSG5,LMG,NFR,KARBI ANGLONG,ASSAM,
3375,HOJAI,HJI,B,NSG5,LMG,NFR,HOJAI,ASSAM,
3376,JAGI ROAD,JID,B,NSG5,LMG,NFR,MARIGAON,ASSAM,
3377,KARIMGANJ JN.,KXJ,D,NSG5,LMG,NFR,KARIMGANJ,ASSAM,
3378,LANKA,LKA,D,NSG5,LMG,NFR,HOJAI,ASSAM,
3379,SARUPATHAR,SZR,D,NSG5,LMG,NFR,GOLAGHAT,ASSAM,
3380,CHAPARMUKH JN.,CPK,D,NSG-5,LMG,NFR,NAGAON,ASSAM,
3381,AGTHORI,AGT,E,NSG6,LMG,NFR,KAMRUP,ASSAM,
3382,ALGAPUR,ALGP,E,NSG6,LMG,NFR,HAILAKANDI,ASSAM,
3383,AMBASSA,ABSA,D,NSG6,LMG,NFR,DHALAI,TRIPURA,
3384,AMONI,AONI,E,NSG6,LMG,NFR,NAGAON,ASSAM,
3385,ARUNACHAL,ARCL,E,NSG6,LMG,NFR,CACHAR,ASSAM,
3386,AUJURI,AJRE,E,NSG6,LMG,NFR,MARIGAON,ASSAM,
3387,BADARPUR GHAT,BPG,E,NSG6,LMG,NFR,KARIMGANJ,ASSAM,
3388,BANDARKHAL,BXK,E,NSG6,LMG,NFR,CACHAR,ASSAM,
3389,BAR LONGFER,BRLF,E,NSG6,LMG,NFR,KARBI ANGLONG,ASSAM,
3390,BARAHU,BRHU,E,NSG6,LMG,NFR,KAMRUP METRO,ASSAM,
3391,BARAIGRAM JN.,BRGM,E,NSG6,LMG,NFR,KARIMGANJ,ASSAM,
3392,BARPATHAR,BXP,E,NSG6,LMG,NFR,GOLAGHAT,ASSAM,
3393,BEBEJIA,BEE,E,NSG6,LMG,NFR,NAGAON,ASSAM,
3394,BELONIA,BENA,E,NSG6,LMG,NFR,SOUTH TRIPURA,TRIPURA,
3395,BHAIRABI,BHRB,E,NSG6,LMG,NFR,AIZAWL,MIZORAM,
3396,BHANGA,BXG,E,NSG6,LMG,NFR,KARIMGANJ,ASSAM,
3397,BHILGAON,BHGN,E,NSG6,LMG,NFR,GOLAGHAT,ASSAM,
3398,BIHARA,BHZ,E,NSG6,LMG,NFR,CACHAR,ASSAM,
3399,BISHALGARH,BLGH,E,NSG6,LMG,NFR,WEST TRIPURA,TRIPURA,
3400,BISHRAMGANJ,BHRM,E,NSG6,LMG,NFR,WEST TRIPURA,TRIPURA,
3401,CHANDRANATHPUR,CNE,E,NSG6,LMG,NFR,CACHAR,ASSAM,
3402,CHARGOLA,CGX,E,NSG6,LMG,NFR,KARIMGANJ,ASSAM,
3403,CHONGAJAN,CJA,E,NSG6,LMG,NFR,GOLAGHAT,ASSAM,
3404,CHURAIBARI,CBZ,E,NSG6,LMG,NFR,NORTH TRIPURA,TRIPURA,
3405,DALDALI,DLDE,E,NSG6,LMG,NFR,KARBI ANGLONG,ASSAM,
3406,DAMCHARA,DCA,E,NSG6,LMG,NFR,CACHAR,ASSAM,
3407,DAOTUHAJA,DJA,E,NSG6,LMG,NFR,NAGAON,ASSAM,
3408,DHAIPUKHURI,DHRY,E,NSG6,LMG,NFR,NAGAON,ASSAM,
3409,DHANSIRI,DSR,E,NSG6,LMG,NFR,KARBI ANGLONG,ASSAM,
3410,DHARAMTUL,DML,E,NSG6,LMG,NFR,MARIGAON,ASSAM,
3411,DHING BAZAR,DBZ,E,NSG6,LMG,NFR,NAGAON,ASSAM,
3412,DIBOLONG,DBLG,E,NSg6,LMG,NFR,DIMA HASAO,ASSAM,
3413,DIGARU,DGU,D,NSG6,LMG,NFR,KAMRUP METRO,ASSAM,
3414,DIHAKHO,DKE,E,NSG6,LMG,NFR,DIMA HASAO,ASSAM,
3415,DIJAOBRA,DJB,E,NSG6,LMG,NFR,DIMA HASAO,ASSAM,
3416,DITOKCHERRA,DTC,E,NSG6,LMG,NFR,DIMA HASAO,ASSAM,
3417,DULLABCHERRA,DLCR,E,NSG6,LMG,NFR,KARIMGANJ,ASSAM,
3418,GARJEE,JRJE,E,NSG6,LMG,NFR,SOUTH TRIPURA,TRIPURA,
3419,HABAIPUR,HWX,E,NSG6,LMG,NFR,NAGAON,ASSAM,
3420,HAIBARGAON,HBN,B,NSG6,LMG,NFR,NAGAON,ASSAM,
3421,HAILAKANDI,HKD,D,NSG6,LMG,NFR,HAILAKANDI,ASSAM,
3422,HATIKHALI,HTL,E,NSG6,LMG,NFR,DIMA HASAO,ASSAM,
3423,HILARA,HLX,E,NSG6,LMG,NFR,CACHAR,ASSAM,
3424,JAKHALABANDHA,JKB,F,NSG6,LMG,NFR,NAGAON,ASSAM,
3425,JAMGURI,JMI,E,NSG6,LMG,NFR,GOLAGHAT,ASSAM,
3426,JAMIRA,JMRA,E,NSG6,LMG,NFR,HAILAKANDI,ASSAM,
3427,JAMUNAMUKH,JMK,E,NSG6,LMG,NFR,HOJAI,ASSAM,
3428,JATINGA LUMPUR,JGLP,E,NSG6,LMG,NFR,DIMA HASAO,ASSAM,
3429,JAWAHAR NAGAR,JWNR,E,NSG6,LMG,NFR,DHALAI,TRIPURA,
3430,JIRIBAM,JRBM,E,NSG6,LMG,NFR,IMPHAL EAST,MANIPUR,
3431,JIRINIA,JRNA,E,NSG6,LMG,NFR,WEST TRIPURA,TRIPURA,
3432,JOLAIBARI,JIBI,E,NSG6,LMG,NFR,SOUTH TRIPURA,TRIPURA,
3433,JUGIJAN,JGJN,E,NSG6,LMG,NFR,HOJAI,ASSAM,
3434,KALACHAND,KQI,E,NSG6,LMG,NFR,DIMA HASAO,ASSAM,
3435,KALKALIGHAT,KKGT,E,NSG6,LMG,NFR,KARIMGANJ,ASSAM,
3436,KAMBIRON,KBBP,B,NSG6,LMG,NFR,TAMENGLONG,MANIPUR,
3437,KAMPUR,KWM,D,NSG6,LMG,NFR,NAGAON,ASSAM,
3438,KAMRUP KHETRI,KKET,E,NSG6,LMG,NFR,KAMRUP METRO,ASSAM,
3439,KATAKHAL JN.,KTX,E,NSG6,LMG,NFR,HAILAKANDI,ASSAM,
3440,KATLICHERRA,KLCR,E,NSG6,LMG,NFR,HAILAKANDI,ASSAM,
3441,KHONGSANG,KGBP,B,NSG6,LMG,NFR,TAMENGLONG,MANIPUR,
3442,KHOTKHOTI,KHKT,E,NSG6,LMG,NFR,KARBI ANGLONG,ASSAM,
3443,KUMARGHAT,KUGT,D,NSG6,LMG,NFR,UNAKOTI,TRIPURA,
3444,LALABAZAR,LLBR,E,NSG6,LMG,NFR,HAILAKANDI,ASSAM,
3445,LAMSAKHANG,LKG,E,NSG6,LMG,NFR,KARBI ANGLONG,ASSAM,
3446,LANGCHOLIET,LCT,E,NSG6,LMG,NFR,KARBI ANGLONG,ASSAM,
3447,LANGTING,LGT,E,NSG6,LMG,NFR,DIMA HASAO,ASSAM,
3448,LAOPANI,LPN,E,NSG6,LMG,NFR,NAGAON,ASSAM,
3449,LONGAI,LGI,E,NSG6,LMG,NFR,KARIMGANJ,ASSAM,
3450,MAHAMADPUR-ASSAM,MPRA,E,NSG6,LMG,NFR,HAILAKANDI,ASSAM,
3451,MAHUR,MXR,E,NSG6,LMG,NFR,DIMA HASAO,ASSAM,
3452,MAIBANG,MBG,E,NSG6,LMG,NFR,DIMA HASAO,ASSAM,
3453,MAIRABARI,MBO,E,NSG6,LMG,NFR,NAGAON,ASSAM,
3454,MAISHASHAN,MSSN,E,NSG6,LMG,NFR,KARIMGANJ,ASSAM,
3455,MANDERDISA,MYD,E,NSG6,LMG,NFR,DIMA HASAO,ASSAM,
3456,MANGIAKAMI,MGKM,E,NSG6,LMG,NFR,WEST TRIPURA,TRIPURA,
3457,MANIPUR BAGAN,MOAR,E,NSG6,LMG,NFR,HAILAKANDI,ASSAM,
3458,MANU,MANU,E,NSG6,LMG,NFR,DHALAI,TRIPURA,
3459,MANU BAZAR,MUBR,E,NSG6,LMG,NFR,DHALAI,TRIPURA,
3460,MIGRENDISA,MGE,E,NSG6,LMG,NFR,DIMA HASAO,ASSAM,
3461,MOINARBAND,MRBD,E,NSG6,LMG,NFR,CACHAR,ASSAM,
3462,MONACHERRA,MNCR,E,NSG6,LMG,NFR,HAILAKANDI,ASSAM,
3463,MUPA,MUPA,E,NSG6,LMG,NFR,DIMA HASAO,ASSAM,
3464,NAGAON,NGAN,E,NSG6,LMG,NFR,NAGAON,ASSAM,
3465,NAILALUNG,NLN,E,NSG6,LMG,NFR,KARBI ANGLONG,ASSAM,
3466,NAOJAN,NJN,E,NSG6,LMG,NFR,GOLAGHAT,ASSAM,
3467,NARANGI,NNGE,E,NSG6,LMG,NFR,KAMRUP METRO,ASSAM,
3468,NEW HARANGAJAO,NHGJ,E,NSG6,LMG,NFR,DIMA HASAO,ASSAM,
3469,NEW KARIMGANJ,NKMG,E,NSG6,LMG,NFR,KARIMGANJ,ASSAM,
3470,NILAMBAZAR,NLBR,E,NSG6,LMG,NFR,KARIMGANJ,ASSAM,
3471,OATING,OTN,E,NSG6,LMG,NFR,GOLAGHAT,ASSAM,
3472,PANBARI,PNB,E,NSG6,LMG,NFR,KAMRUP METRO,ASSAM,
3473,PANCHGRAM,PNGM,E,NSG6,LMG,NFR,HAILAKANDI,ASSAM,
3474,PANIKHAITI,PHI,E,NSG6,LMG,NFR,KAMRUP METRO,ASSAM,
3475,PANISAGAR,PASG,E,NSG6,LMG,NFR,NORTH TRIPURA,TRIPURA,
3476,PATHARKANDI,PTKD,E,NSG6,LMG,NFR,KARIMGANJ,ASSAM,
3477,PATHARKHOLA,PKB,E,NSG6,LMG,NFR,KARBI ANGLONG,ASSAM,
3478,PENCHARTHAL,PEC,E,NSG6,LMG,NFR,UNAKOTI,TRIPURA,
3479,PHAKHOAGARM,PKGM,E,NSG6,LMG,NFR,KARIMGANJ,ASSAM,
3480,PHIDING,PDJ,E,NSG6,LMG,NFR,DIMA HASAO,ASSAM,
3481,RAHA,RAHA,E,NSG6,LMG,NFR,NAGAON,ASSAM,
3482,RAMNATHPUR,RTRA,E,NSG6,LMG,NFR,KARIMGANJ,ASSAM,
3483,RANGAPAHAR,RXR,E,NSG6,LMG,NFR,KARBI ANGLONG,ASSAM,
3484,RANGAPHAR CROSSING,RXRX,E,NSG6,LMG,NFR,DIMAPUR,NAGALAND,
3485,RANI GAIDINLIU,RGBP,B,NSG6,LMG,NFR,TAMENGLONG,MANIPUR,
3486,RUPAIGAON,RUP,E,NSG6,LMG,NFR,NAGAON,ASSAM,
3487,SABROOM,SBRM,F,NSG6,LMG,NFR,SOUTH TRIPURA,TRIPURA,
3488,SALCHAPRA,SCA,E,NSG6,LMG,NFR,CACHAR,ASSAM,
3489,SALONA,SLON,E,NSG6,LMG,NFR,NAGAON,ASSAM,
3490,SANTIR BAZAR,STRB,E,NSG6,LMG,NFR,SOUTH TRIPURA,TRIPURA,
3491,SEKERKOTE,SKKE,F,NSG6,LMG,NFR,GOMATI,TRIPURA,
3492,SENCHOA JN.,SCE,E,NSG6,LMG,NFR,NAGAON,ASSAM,
3493,SHRIBAR,SIBR,F,NSG6,LMG,NFR,CACHAR,ASSAM,
3494,SILGHAT TOWN,SHTT,E,NSG6,LMG,NFR,NAGAON,ASSAM,
3495,SONUABARI,SNBR,E,NSG6,LMG,NFR,MARIGAON,ASSAM,
3496,SRIKONA HALT,SXO,E,NSG6,LMG,NFR,CACHAR,ASSAM,
3497,SUKHOVI,SKHV,F,NSG6,LMG,NFR,DIMAPUR,NAGALAND,
3498,SUKRITIPUR,SQF,E,NSG6,LMG,NFR,CACHAR,ASSAM,
3499,TELIAMURA,TLMR,E,NSG6,LMG,NFR,KHOWAI,TRIPURA,
3500,TETELIA,TTLA,E,NSG6,LMG,NFR,KAMRUP METRO,ASSAM,
3501,THAILIK TWISA,THTW,E,NSG6,LMG,NFR,SOUTH TRIPURA,TRIPURA,
3502,THAKURKUCHI,TKC,E,NSG6,LMG,NFR,KAMRUP METRO,ASSAM,
3503,THEKERAGURI,TGE,E,NSG6,LMG,NFR,NAGAON,ASSAM,
3504,THINGOU,TGBP,B,NSG6,LMG,NFR,TAMENGLONG,MANIPUR,
3505,TILBHUM,TBX,E,NSG6,LMG,NFR,KARIMGANJ,ASSAM,
3506,UDAIPUR,UDPU,E,NSG6,LMG,NFR,GOMATI,TRIPURA,
3507,VANGAICHUNGPAO,VNGP,E,NSG6,LMG,NFR,TAMENGLONG,MANIPUR,
3508,BEDETTI,BVV,F,HG2,RNY,NFR,BISWANATH,ASSAM,
3509,GUAGACHHA,GSA,F,HG2,RNY,NFR,BARPETA,ASSAM,
3510,NIZ-SARIHA,NSRH,F,HG2,RNY,NFR,BARPETA,ASSAM,
3511,SIAJULI,SWJ,F,HG2,RNY,NFR,DHEMAJI,ASSAM,
3512,UTTARKATHANI,UKE,F,HG2,RNY,NFR,LAKHIMPUR,ASSAM,
3513,BELSIRI,BLRE,F,HG3,RNY,NFR,SONITPUR,ASSAM,
3514,BRAHMAJAN,BJL,F,HG3,RNY,NFR,BISWANATH,ASSAM,
3515,CHARDUAR,CHOD,F,HG3,RNY,NFR,SONITPUR,ASSAM,
3516,DIPA,DIPA,F,HG3,RNY,NFR,DHEMAJI,ASSAM,
3517,GAMANI,GAMN,F,HG3,RNY,NFR,SONITPUR,ASSAM,
3518,HUGRAJULI,HJLI,F,HG3,RNY,NFR,SONITPUR,ASSAM,
3519,JIADHAL,JFD,F,HG3,RNY,NFR,DHEMAJI,ASSAM,
3520,JONEKARANG HALT,JYK,F,HG3,RNY,NFR,DHEMAJI,ASSAM,
3521,MONABARI,MFC,F,HG3,RNY,NFR,BISWANATH,ASSAM,
3522,MORIDHAL,MYO,F,HG3,RNY,NFR,DHEMAJI,ASSAM,
3523,SISIBORGAON,SBGN,F,HG3,RNY,NFR,DHEMAJI,ASSAM,
3524,SUBANSIRI,SUZ,F,HG3,RNY,NFR,DHEMAJI,ASSAM,
3525,TANIJAN,TUJ,F,HG3,RNY,NFR,LAKHIMPUR,ASSAM,
3526,TIPLING,TPG,F,HG3,RNY,NFR,LAKHIMPUR,ASSAM,
3527,NEW BONGAIGAON JN,NBQ,B,NSG3,RNY,NFR,BONGAIGAON,ASSAM,
3528,RANGIYA JN.,RNY,A,NSG3,RNY,NFR,KAMRUP,ASSAM,
3529,BARPETA ROAD,BPRD,A,NSG4,RNY,NFR,BARPETA,ASSAM,
3530,NAHARLAGUN,NHLN,E,NSG4,RNY,NFR,PAPUM PARE,ARUNACHAL PRADESH,
3531,BIJNI,BJF,D,NSG5,RNY,NFR,CHIRANG,ASSAM,
3532,BONGAIGAON,BNGN,A,NSG5,RNY,NFR,BONGAIGAON,ASSAM,
3533,GOALPARA TOWN,GLPT,E,NSG5,RNY,NFR,GOALPARA,ASSAM,
3534,GOGAMUKH,GOM,E,NSG5,RNY,NFR,DHEMAJI,ASSAM,
3535,HARMUTI,HMY,E,NSG5,RNY,NFR,LAKHIMPUR,ASSAM,
3536,MURKEONG SELEK,MZS,E,NSG5,RNY,NFR,DHEMAJI,ASSAM,
3537,NALBARI,NLV,D,NSG5,RNY,NFR,NALBARI,ASSAM,
3538,NORTH LAKHIMPUR,NLP,D,NSG5,RNY,NFR,LAKHIMPUR,ASSAM,
3539,PATHSHALA,PBL,D,NSG5,RNY,NFR,BARPETA,ASSAM,
3540,RANGAPARA NORTH,RPAN,D,NSG5,RNY,NFR,SONITPUR,ASSAM,
3541,TANGLA,TNL,E,NSG5,RNY,NFR,UDALGURI,ASSAM,
3542,TIHU,TIHU,D,NSG5,RNY,NFR,NALBARI,ASSAM,
3543,ABHAYAPURI ASSAM,AYU,E,NSG6,RNY,NFR,BONGAIGAON,ASSAM,
3544,AMJONGA,AMGA,E,NSG6,RNY,NFR,GOALPARA,ASSAM,
3545,ARCHIPATHAR,ACPR,E,NSG6,RNY,NFR,DHEMAJI,ASSAM,
3546,AZARA,AZA,E,NSG6,RNY,NFR,KAMRUP,ASSAM,
3547,BAIHATA,BIZ,E,NSG6,RNY,NFR,KAMRUP,ASSAM,
3548,BALIPARA,BVU,E,NSG6,RNY,NFR,SONITPUR,ASSAM,
3549,BAMUNIGAON,BMGN,E,NSG6,RNY,NFR,KAMRUP,ASSAM,
3550,BHALUKPONG,BHNG,E,NSG6,RNY,NFR,WEST KAMENG,ARUNACHAL PRADESH,
3551,BINDUKURI,BKTB,E,NSG6,RNY,NFR,SONITPUR,ASSAM,
3552,BOGINADI,BGND,E,NSG6,RNY,NFR,LAKHIMPUR,ASSAM,
3553,BOKO,BOKO,E,NSG6,RNY,NFR,KAMRUP,ASSAM,
3554,BORDOLANI,BDLN,E,NSG6,RNY,NFR,DHEMAJI,ASSAM,
3555,CHANGSARI,CGS,E,NSG6,RNY,NFR,KAMRUP,ASSAM,
3556,CHAPRAKATA,CPQ,E,NSG6,RNY,NFR,BONGAIGAON,ASSAM,
3557,CHAYGAON,CGON,E,NSG6,RNY,NFR,KAMRUP,ASSAM,
3558,DEKARGAON,DKGN,E,NSG6,RNY,NFR,SONITPUR,ASSAM,
3559,DHALAIBI,DQL,E,NSG6,RNY,NFR,SONITPUR,ASSAM,
3560,DHEKIAJULI ROAD,DKJR,E,NSG6,RNY,NFR,SONITPUR,ASSAM,
3561,DHEMAJI,DMC,E,NSG6,RNY,NFR,DHEMAJI,ASSAM,
3562,DHUPDHARA,DPRA,E,NSG6,RNY,NFR,GOALPARA,ASSAM,
3563,DUBIA,DBW,E,NSG6,RNY,NFR,BISWANATH,ASSAM,
3564,DUDHNOI,DDNI,E,NSG6,RNY,NFR,GOALPARA,ASSAM,
3565,GHOGRAPAR,GOE,E,NSG6,RNY,NFR,NALBARI,ASSAM,
3566,GOHPUR,GPZ,E,NSG6,RNY,NFR,BISWANATH,ASSAM,
3567,GORESWAR,GVR,E,NSG6,RNY,NFR,BAKSA,ASSAM,
3568,GUMTO,GMTO,E,NSG6,RNY,NFR,PAPUM PARE,ARUNACHAL PRADESH,
3569,HARISINGA,HRSN,E,NSG6,RNY,NFR,UDALGURI,ASSAM,
3570,HELEM,HML,E,NSG6,RNY,NFR,BISWANATH,ASSAM,
3571,JOGIGHOPA,JPZ,E,NSG6,RNY,NFR,BONGAIGAON,ASSAM,
3572,KAITHALKUCHI,KTCH,E,NSG6,RNY,NFR,NALBARI,ASSAM,
3573,KATHALPUKHURI,KTPR,E,NSG6,RNY,NFR,LAKHIMPUR,ASSAM,
3574,KENDUKANA,KDKN,E,NSG6,RNY,NFR,KAMRUP,ASSAM,
3575,KHANDIKAR,KYO,E,NSG6,RNY,NFR,BAKSA,ASSAM,
3576,KHOIRABARI,KBY,F,NSG6,RNY,NFR,UDALGURI,ASSAM,
3577,KRISHNAI,KRNI,E,NSG6,RNY,NFR,GOALPARA,ASSAM,
3578,LAIMEKURI,LMY,E,NSG6,RNY,NFR,DHEMAJI,ASSAM,
3579,LILABARI,LBI,E,NSG6,RNY,NFR,LAKHIMPUR,ASSAM,
3580,MAJBAT,MJBT,E,NSG6,RNY,NFR,UDALGURI,ASSAM,
3581,MAJGAON-ASSARN,MZQ,E,NSG6,RNY,NFR,BONGAIGAON,ASSAM,
3582,MENDIPATHAR,MNDP,E,NSG6,RNY,NFR,NORTH GARO HILLS,MEGHALAYA,
3583,MIRZA,MRZA,E,NSG6,RNY,NFR,KAMRUP,ASSAM,
3584,MISAMARI,MSMI,F,NSG6,RNY,NFR,SONITPUR,ASSAM,
3585,NEW MISAMARI,NMM,D,NSG6,RNY,NFR,SONITPUR,ASSAM,
3586,NIZBARGANJ,NBX,E,NSG6,RNY,NFR,BISWANATH,ASSAM,
3587,NIZCHATIA,NCA,E,NSG6,RNY,NFR,BISWANATH,ASSAM,
3588,NOLBARI,NOLB,F,NSG6,RNY,NFR,GOALPARA,ASSAM,
3589,PANCHRATNA,PNVT,E,NSG6,RNY,NFR,GOALPARA,ASSAM,
3590,PATILADAHA,PTLD,E,NSG6,RNY,NFR,BONGAIGAON,ASSAM,
3591,RANGJULI,RGJI,E,NSG6,RNY,NFR,GOALPARA,ASSAM,
3592,ROWTA BAGAN,RWTB,E,NSG6,RNY,NFR,UDALGURI,ASSAM,
3593,SILANIBARI,SOB,E,NSG6,RNY,NFR,LAKHIMPUR,ASSAM,
3594,SILAPATHAR,SPTR,E,NSG6,RNY,NFR,DHEMAJI,ASSAM,
3595,SIMEN CHAPARI,SMCP,E,NSG6,RNY,NFR,DHEMAJI,ASSAM,
3596,SINGRA,SNCA,E,NSG6,RNY,NFR,KAMRUP,ASSAM,
3597,SORBHOG,SBE,E,NSG6,RNY,NFR,BARPETA,ASSAM,
3598,SORUPETA,SPQ,E,NSG6,RNY,NFR,BARPETA,ASSAM,
3599,SRIPANI,SRPN,E,NSG6,RNY,NFR,DHEMAJI,ASSAM,
3600,TATIBAHAR,TBH,E,NSG6,RNY,NFR,LAKHIMPUR,ASSAM,
3601,TELAM,TQM,E,NSG6,RNY,NFR,DHEMAJI,ASSAM,
3602,THAKURBARI,TKTB,F,NSG6,RNY,NFR,SONITPUR,ASSAM,
3603,UDALGURI,ULG,E,NSG6,RNY,NFR,UDALGURI,ASSAM,
3604,VISHWANATH CHARALI,VNE,E,NSG6,RNY,NFR,BISWANATH,ASSAM,
3605,BADULIPAR,BLPR,F,HG3,TSK,NFR,GOLAGHAT,ASSAM,
3606,BARGOLAI,BGLI,F,HG3,TSK,NFR,TINSUKIA,ASSAM,
3607,BARUA NAGAR,BRNR,F,HG3,TSK,NFR,SIVASAGAR,ASSAM,
3608,DESANG,DSX,F,HG3,TSK,NFR,SIVASAGAR,ASSAM,
3609,KHARAHAT,KRHT,F,HG3,TSK,NFR,SIVASAGAR,ASSAM,
3610,KHARIKATIA,KQY,F,HG3,TSK,NFR,JORHAT,ASSAM,
3611,KHUMTAI,KUTI,F,HG3,TSK,NFR,GOLAGHAT,ASSAM,
3612,LAHING,LH,F,HG3,TSK,NFR,JORHAT,ASSAM,
3613,LONGPATIA,LPTA,F,HG3,TSK,NFR,SIVASAGAR,ASSAM,
3614,MAHUTGAON,MUGN,F,HG3,TSK,NFR,SIVASAGAR,ASSAM,
3615,MOHKHUTI,MHKT,F,HG3,TSK,NFR,SIVASAGAR,ASSAM,
3616,MORAN,MOX,F,HG3,TSK,NFR,SIVASAGAR,ASSAM,
3617,MOUBUND,MOBD,F,HG3,TSK,NFR,GOLAGHAT,ASSAM,
3618,POWAI,PWA,F,HG3,TSK,NFR,TINSUKIA,ASSAM,
3619,RANGALITING,RNGG,F,HG3,TSK,NFR,GOLAGHAT,ASSAM,
3620,ROWRIAH,RWH,F,HG3,TSK,NFR,JORHAT,ASSAM,
3621,SEPON,SEPN,F,HG3,TSK,NFR,SIVASAGAR,ASSAM,
3622,DIBRUGARH,DBRG,B,NSG3,TSK,NFR,DIBRUGARH,ASSAM,
3623,DIBRUGARH TOWN,DBRT,A,NSG3,TSK,NFR,DIBRUGARH,ASSAM,
3624,MARIANI JN.,MXN,B,NSG3,TSK,NFR,JORHAT,ASSAM,
3625,NEW TINSUKIA JN,NTSK,B,NSG3,TSK,NFR,TINSUKIA,ASSAM,
3626,JORHAT TOWN,JTTN,A,NSG4,TSK,NFR,JORHAT,ASSAM,
3627,SIMALUGURI JN.,SLGR,D,NSG4,TSK,NFR,SIVASAGAR,ASSAM,
3628,AMGURI,AGI,E,NSG5,TSK,NFR,SIVASAGAR,ASSAM,
3629,BHOJO,BOJ,D,NSG5,TSK,NFR,CHARAIDEO,ASSAM,
3630,DULIAJAN,DJG,D,NSG5,TSK,NFR,DIBRUGARH,ASSAM,
3631,FURKATING JN.,FKG,D,NSG5,TSK,NFR,GOLAGHAT,ASSAM,
3632,MORANHAT,MRHT,D,NSG5,TSK,NFR,SIVASAGAR,ASSAM,
3633,NAHARKATIYA,NHK,D,NSG5,TSK,NFR,DIBRUGARH,ASSAM,
3634,NAMRUP,NAM,D,NSG5,TSK,NFR,DIBRUGARH,ASSAM,
3635,TINSUKIA JN.,TSK,A,NSG5,TSK,NFR,TINSUKIA,ASSAM,
3636,BALIMARA,BTZ,E,NSG6,TSK,NFR,DIBRUGARH,ASSAM,
3637,BARA HAPJAN,BPJ,F,NSG6,TSK,NFR,TINSUKIA,ASSAM,
3638,BARUA BAMUNGAON,BBGN,E,NSG6,TSK,NFR,GOLAGHAT,ASSAM,
3639,BHALUKMARA,BLMR,E,NSG6,TSK,NFR,JORHAT,ASSAM,
3640,BORDUBI ROAD,BDT,E,NSG6,TSK,NFR,TINSUKIA,ASSAM,
3641,BORHAT,BFD,E,NSG6,TSK,NFR,SIVASAGAR,ASSAM,
3642,CHABUA,CHB,E,NSG6,TSK,NFR,DIBRUGARH,ASSAM,
3643,CHAKITING,CFG,E,NSG6,TSK,NFR,GOLAGHAT,ASSAM,
3644,CHALKHOWA,CKW,E,NSG6,TSK,NFR,DIBRUGARH,ASSAM,
3645,CHARALI,CGF,E,NSG6,TSK,NFR,TINSUKIA,ASSAM,
3646,CINNAMARA,CMA,E,NSG6,TSK,NFR,DIBRUGARH,ASSAM,
3647,DANGARI,DNGI,F,NSG6,TSK,NFR,TINSUKIA,ASSAM,
3648,DHAMALGAON,DMGN,E,NSG6,TSK,NFR,DIBRUGARH,ASSAM,
3649,DIGBOI,DBY,D,NSG6,TSK,NFR,TINSUKIA,ASSAM,
3650,DIKOM,DKM,E,NSG6,TSK,NFR,DIBRUGARH,ASSAM,
3651,DUM DUMA TOWN,DUT,F,NSG6,TSK,NFR,TINSUKIA,ASSAM,
3652,GOLAGHAT,GLGT,D,NSG6,TSK,NFR,GOLAGHAT,ASSAM,
3653,HANSARA,HNR,F,NSG6,TSK,NFR,TINSUKIA,ASSAM,
3654,KAMARBANDHA ALI,KXL,E,NSG6,TSK,NFR,GOLAGHAT,ASSAM,
3655,KHOWANG,KOWN,E,NSG6,TSK,NFR,DIBRUGARH,ASSAM,
3656,LAHOAL,LHL,E,NSG6,TSK,NFR,DIBRUGARH,ASSAM,
3657,LAKWA,LXA,E,NSG6,TSK,NFR,SIVASAGAR,ASSAM,
3658,LEDO,LEDO,D,NSG6,TSK,NFR,TINSUKIA,ASSAM,
3659,LEPETKATA,LPK,F,NSG6,TSK,NFR,DIBRUGARH,ASSAM,
3660,MAKUM JN.,MJN,D,NSG6,TSK,NFR,TINSUKIA,ASSAM,
3661,MARGHERITA,MRG,D,NSG6,TSK,NFR,TINSUKIA,ASSAM,
3662,MEZENGA,MZA,E,NSG6,TSK,NFR,SIVASAGAR,ASSAM,
3663,NAKACHARI,NCH,E,NSG6,TSK,NFR,JORHAT,ASSAM,
3664,NAMTIALI,NMT,E,NSG6,TSK,NFR,SIVASAGAR,ASSAM,
3665,NAZIRA,NZR,E,NSG6,TSK,NFR,SIVASAGAR,ASSAM,
3666,NEW SISIBORGAON,NSBG,E,NSG6,TSK,NFR,DHEMAJI,ASSAM,
3667,NUMALIGARH,NMGY,E,NSG6,TSK,NFR,GOLAGHAT,ASSAM,
3668,PANITOLA,PNT,E,NSG6,TSK,NFR,TINSUKIA,ASSAM,
3669,RUPAI,RPY,F,NSG6,TSK,NFR,TINSUKIA,ASSAM,
3670,SAFRAI,SFR,E,NSG6,TSK,NFR,CHARAIDEO,ASSAM,
3671,SAPEKHATI,SPK,E,NSG6,TSK,NFR,CHARAIDEO,ASSAM,
3672,SELENGHAT,SLX,E,NSG6,TSK,NFR,JORHAT,ASSAM,
3673,SIBSAGAR TOWN,SRTN,D,NSG6,TSK,NFR,SIVASAGAR,ASSAM,
3674,SRIPURIAGAON,SPGN,F,NSG6,TSK,NFR,TINSUKIA,ASSAM,
3675,TALAP,TLL,F,NSG6,TSK,NFR,TINSUKIA,ASSAM,
3676,TANGANI,TNGN,F,NSG6,TSK,NFR,DHEMAJI,ASSAM,
3677,TINGRAI,TII,E,NSG6,TSK,NFR,TINSUKIA,ASSAM,
3678,TITABAR,TTB,D,NSG6,TSK,NFR,JORHAT,ASSAM,
3679,"KUMBHAWAS
MUNDHALIA",KWMD,F,HG2,DLI,NR,GURUGRAM,HARYANA,
3680,NEW KAITHAL HALT,NKLE,F,HG2,DLI,NR,KAITHAL,HARYANA,
3681,THANA BHAWAN TOWN,TBTN,F,HG2,DLI,NR,SHAMLI,UTTAR PRADESH,
3682,AHERA,AHQ,F,HG3,DLI,NR,BAGHPAT,UTTAR PRADESH,
3683,AILAM HALT,AILM,F,HG3,DLI,NR,MUZAFFARNAGAR,UTTAR PRADESH,
3684,ALAWALPUR IDRISPUR,AIH,F,HG3,DLI,NR,BAGHPAT,UTTAR PRADESH,
3685,ANAND VIHAR HALT,ANVR,F,HG3,DLI,NR,NORTH EAST,DELHI,
3686,ASAN,ASAN,F,HG3,DLI,NR,JIND,HARYANA,
3687,ASRA HALT,ASAR,F,HG3,DLI,NR,BAGHPAT,UTTAR PRADESH,
3688,BARKA HALT,BADK,F,HG3,DLI,NR,BAGHPAT,UTTAR PRADESH,
3689,BARWASNI HALT,BRNI,F,HG3,DLI,NR,SONIPAT,HARYANA,
3690,BAWLI HALT,BAOL,F,HG3,DLI,NR,BAGHPAT,UTTAR PRADESH,
3691,BEHTA HAZIPUR,BHHZ,F,HG3,DLI,NR,GHAZIABAD,UTTAR PRADESH,
3692,BHAINSWAN,BASN,F,HG3,DLI,NR,SONIPAT,HARYANA,
3693,BHAMBHEWA,BHMW,F,HG3,DLI,NR,ROHTAK,HARYANA,
3694,BHANKALA,BNQL,F,HG3,DLI,NR,SAHARANPUR,UTTAR PRADESH,
3695,BHUDPUR,BDHP,F,HG3,DLI,NR,BAGHPAT,UTTAR PRADESH,
3696,BINJHOL,BNJL,F,HG3,DLI,NR,PANIPAT,HARYANA,
3697,BUDHA KHERA,BKDE,F,HG3,DLI,NR,JIND,HARYANA,
3698,BUTANA HALT,BUTN,F,HG3,DLI,NR,KARNAL,HARYANA,
3699,CHANAKYAPURI,CNKP,F,HG3,DLI,NR,SOUTH WEST,DELHI,
3700,CHANDER NAGAR HALT,CNJ,F,HG3,DLI,NR,NORTH EAST,DELHI,
3701,DATEWAS,DTW,F,HG3,DLI,NR,MANSA,PUNJAB,
3702,DHURANA,DHRN,F,HG3,DLI,NR,SONIPAT,HARYANA,
3703,DIGHAL,DGHL,E,HG3,DLI,NR,JHAJJAR,HARYANA,
3704,DUHAI,DXH,F,HG3,DLI,NR,GHAZIABAD,UTTAR PRADESH,
3705,FAKHARPUR HALT,FAP,F,HG3,DLI,NR,BAGHPAT,UTTAR PRADESH,
3706,GAON BARODA,GNBA,NA,HG3,DLI,NR,JIND,HARYANA,
3707,GEONG HALT,GXG,F,HG3,DLI,NR,KAITHAL,HARYANA,
3708,GOKALGARH,GKG,E,HG3,DLI,NR,REWARI,HARYANA,
3709,GOKULPUR SABOLI HALT,GPSL,NA,HG3,DLI,NR,NORTH EAST,DELHI,
3710,GOTRA,GTRA,F,HG3,DLI,NR,BAGHPAT,UTTAR PRADESH,
3711,GUJRAN-BALWA HALT,GLBN,F,HG3,DLI,NR,SHAMLI,UTTAR PRADESH,
3712,GURTHURI,GRZ,F,HG3,DLI,NR,JIND,HARYANA,
3713,HARHAR FATEHPUR,HHP,F,HG3,DLI,NR,MUZAFFARNAGAR,UTTAR PRADESH,
3714,HARSANA KALAN,HNN,F,HG3,DLI,NR,SONIPAT,HARYANA,
3715,ISHAPUR KHERI HALT,ISRI,F,HG3,DLI,NR,SONIPAT,HARYANA,
3716,ISRANA HALT,IRA,F,HG3,DLI,NR,PANIPAT,HARYANA,
3717,JANDHERA HALT,JDHH,F,HG3,DLI,NR,SAHARANPUR,UTTAR PRADESH,
3718,JASIA HALT,JSS,F,HG3,DLI,NR,ROHTAK,HARYANA,
3719,KAHANGARH HALT,KAGR,F,HG3,DLI,NR,MANSA,PUNJAB,
3720,KALWAN HALT,KLWN,F,HG3,DLI,NR,JIND,HARYANA,
3721,KARSINDHU HALT,KSDE,F,HG3,DLI,NR,JIND,HARYANA,
3722,KHANDARI HALT,KHDR,F,HG3,DLI,NR,SONIPAT,HARYANA,
3723,KHANDRAWALI HALT,KZI,F,HG3,DLI,NR,SHAMLI,UTTAR PRADESH,
3724,KIRTINAGAR HALT,KRTN,F,HG3,DLI,NR,WEST,DELHI,
3725,KOHAND HALT,KFU,F,HG3,DLI,NR,KARNAL,HARYANA,
3726,KOTLI KALAN HALT,KTKL,F,HG3,DLI,NR,MANSA,PUNJAB,
3727,LAKHAN MAJRA HALT,LNMA,F,HG3,DLI,NR,ROHTAK,HARYANA,
3728,LALIT KHERA HALT,LTKR,F,HG3,DLI,NR,JIND,HARYANA,
3729,LATH HALT,LATH,F,HG3,DLI,NR,SONIPAT,HARYANA,
3730,LODHI COLONY,LDCY,F,HG3,DLI,NR,SOUTH,DELHI,
3731,MACHHRAULI,MHRI,E,HG3,DLI,NR,JHAJJAR,HARYANA,
3732,MAKRAULI,MKLI,F,HG3,DLI,NR,ROHTAK,HARYANA,
3733,MANDAWALI CHANDER VI,MWC,F,HG3,DLI,NR,NORTH EAST,DELHI,
3734,MOHANA HARYANA,MOHR,E,HG3,DLI,NR,SONIPAT,HARYANA,
3735,MUNDKA HALT,MQC,F,HG3,DLI,NR,WEST,DELHI,
3736,NARA HALT,NARA,F,HG3,DLI,NR,PANIPAT,HARYANA,
3737,NARAINA VIHAR,NRVR,F,HG3,DLI,NR,CENTRAL,DELHI,
3738,NUSRATABAD KHARKHARI,NTG,F,HG3,DLI,NR,GHAZIABAD,UTTAR PRADESH,
3739,PABNAWAJAS MAHINDAR,PBJM,F,HG3,DLI,NR,KAITHAL,HARYANA,
3740,PALHAWAS,PLHW,E,HG3,DLI,NR,REWARI,HARYANA,
3741,PANDU PINDARA HALT,PPDE,F,HG3,DLI,NR,JIND,HARYANA,
3742,PINDARSI HALT,PDS,F,HG3,DLI,NR,KURUKSHETRA,HARYANA,
3743,PRAGATI MAIDAN,PGMD,F,HG3,DLI,NR,CENTRAL,DELHI,
3744,QUTABPUR,QTP,F,HG3,DLI,NR,REWARI,HARYANA,
3745,RABHRA HALT,RBHR,F,HG3,DLI,NR,SONIPAT,HARYANA,
3746,RAJLU GARHI HALT,RUG,F,HG3,DLI,NR,SONIPAT,HARYANA,
3747,ROHAD NAGAR,ROHN,F,HG3,DLI,NR,JHAJJAR,HARYANA,
3748,RUKHI HALT,RKX,F,HG3,DLI,NR,SONIPAT,HARYANA,
3749,SARDAR PATEL ROAD,SDPR,F,HG3,DLI,NR,SOUTH WEST,DELHI,
3750,SILA KHERI,SXE,F,HG3,DLI,NR,JIND,HARYANA,
3751,SILAWAR,SLWR,F,HG3,DLI,NR,MUZAFFARNAGAR,UTTAR PRADESH,
3752,SONA ARJUNPUR,SNAP,F,HG3,DLI,NR,SAHARANPUR,UTTAR PRADESH,
3753,SUJRA,SUJR,F,HG3,DLI,NR,BAGHPAT,UTTAR PRADESH,
3754,SULTANPUR KALIAWAS,STKW,F,HG3,DLI,NR,GURUGRAM,HARYANA,
3755,"SUNDERPUR
BARAHKALAN",SPBK,F,HG3,DLI,NR,ROHTAK,HARYANA,
3756,SUNEHRA,SFA,F,HG3,DLI,NR,BAGHPAT,UTTAR PRADESH,
3757,TAJ NAGAR,TNJR,F,HG3,DLI,NR,GURUGRAM,HARYANA,
3758,USMANPUR DEHAT HALT,UPRD,NA,HG3,DLI,NR,SHAMLI,UTTAR PRADESH,
3759,DELHI JN.,DLI,A1,NSG1,DLI,NR,NORTH,DELHI,
3760,HAZRAT NIZAMUDDIN JN,NZM,A1,NSG1,DLI,NR,SOUTH,DELHI,
3761,NEW DELHI,NDLS,A1,NSG1,DLI,NR,CENTRAL,DELHI,
3762,ANAND VIHAR TERMINAL,ANVT,A1,NSG2,DLI,NR,NORTH EAST,DELHI,
3763,DELHI-SARAI ROHILLA,DEE,A,NSG2,DLI,NR,NORTH WEST,DELHI,
3764,GHAZIABAD JN.,GZB,A,NSG2,DLI,NR,GHAZIABAD,UTTAR PRADESH,
3765,SONIPAT,SNP,A,NSG2,DLI,NR,SONIPAT,HARYANA,
3766,DELHI CANTT.,DEC,A,NSG3,DLI,NR,SOUTH WEST,DELHI,
3767,DELHI-SHAHDARA JN.,DSA,A,NSG3,DLI,NR,NORTH EAST,DELHI,
3768,FARIDABAD,FDB,A,NSG3,DLI,NR,FARIDABAD,HARYANA,
3769,GURGAON,GGN,A,NSG3,DLI,NR,GURUGRAM,HARYANA,
3770,MEERUT CITY JN.,MTC,A,NSG3,DLI,NR,MEERUT,UTTAR PRADESH,
3771,MUZAFFARNAGAR,MOZ,A,NSG3,DLI,NR,MUZAFFARNAGAR,UTTAR PRADESH,
3772,PALWAL,PWL,B,NSG3,DLI,NR,FARIDABAD,HARYANA,
3773,PANIPAT JN.,PNP,A,NSG3,DLI,NR,PANIPAT,HARYANA,
3774,ROHTAK JN.,ROK,A,NSG3,DLI,NR,ROHTAK,HARYANA,
3775,BAHADURGARH,BGZ,B,NSG4,DLI,NR,JHAJJAR,HARYANA,
3776,BALLABGARH,BVH,A,NSG4,DLI,NR,FARIDABAD,HARYANA,
3777,BARAUT,BTU,D,NSG4,DLI,NR,BAGHPAT,UTTAR PRADESH,
3778,FARIDABAD NEW TOWN,FDN,B,NSG4,DLI,NR,FARIDABAD,HARYANA,
3779,GANAUR,GNU,D,NSG4,DLI,NR,SONIPAT,HARYANA,
3780,KARNAL,KUN,A,NSG4,DLI,NR,KARNAL,HARYANA,
3781,KURUKSHETRA JN.,KKDE,B,NSG4,DLI,NR,KURUKSHETRA,HARYANA,
3782,MODINAGAR,MDNR,D,NSG4,DLI,NR,GHAZIABAD,UTTAR PRADESH,
3783,NANGLOI,NNO,B,NSG4,DLI,NR,WEST,DELHI,
3784,NARELA,NUR,D,NSG4,DLI,NR,NORTH WEST,DELHI,
3785,NOLI,NOLI,D,NSG4,DLI,NR,GHAZIABAD,UTTAR PRADESH,
3786,PALAM,PM,D,NSG4,DLI,NR,SOUTH WEST,DELHI,
3787,PATAUDI ROAD,PTRD,D,NSG4,DLI,NR,GURUGRAM,HARYANA,
3788,SADAR BAZAR,DSB,D,NSG4,DLI,NR,NORTH,DELHI,
3789,SAHIBABAD,SBB,B,NSG4,DLI,NR,GHAZIABAD,UTTAR PRADESH,
3790,SHAKUR BASTI,SSB,B,NSG4,DLI,NR,NORTH WEST,DELHI,
3791,TUGALAKABAD,TKD,D,NSG4,DLI,NR,SOUTH,DELHI,
3792,ADARSH NAGAR DELHI,ANDI,A,NSG5,DLI,NR,NORTH,DELHI,
3793,ASAOTI,AST,D,NSG5,DLI,NR,FARIDABAD,HARYANA,
3794,BADLI,BHD,D,NSG5,DLI,NR,NORTH WEST,DELHI,
3795,BAGHPAT ROAD,BPM,D,NSG5,DLI,NR,BAGHPAT,UTTAR PRADESH,
3796,BUDHLADA,BLZ,D,NSG5,DLI,NR,MANSA,PUNJAB,
3797,DELHI-KISHANGANJ,DKZ,D,NSG5,DLI,NR,NORTH,DELHI,
3798,DELHI-SAFDAR JANG,DSJ,E,NSG5,DLI,NR,SOUTH WEST,DELHI,
3799,DEOBAND,DBD,B,NSG5,DLI,NR,SAHARANPUR,UTTAR PRADESH,
3800,GARHI HARSARU JN.,GHH,D,NSG5,DLI,NR,GURUGRAM,HARYANA,
3801,JAKHAL JN.,JHL,D,NSG5,DLI,NR,FATEHABAD,HARYANA,
3802,JIND JN.,JIND,B,NSG5,DLI,NR,JIND,HARYANA,
3803,JULANA,JNA,D,NSG5,DLI,NR,JIND,HARYANA,
3804,KAITHAL,KLE,D,NSG5,DLI,NR,KAITHAL,HARYANA,
3805,KHATAULI,KAT,D,NSG5,DLI,NR,MUZAFFARNAGAR,UTTAR PRADESH,
3806,KHEKRA,KEX,D,NSG5,DLI,NR,BAGHPAT,UTTAR PRADESH,
3807,MANSA,MSZ,D,NSG5,DLI,NR,MANSA,PUNJAB,
3808,MAUR,MAUR,E,NSG5,DLI,NR,BATHINDA,PUNJAB,
3809,MEERUT CANT,MUT,A,NSG5,DLI,NR,MEERUT,UTTAR PRADESH,
3810,MURADNAGAR,MUD,D,NSG5,DLI,NR,GHAZIABAD,UTTAR PRADESH,
3811,NARWANA JN.,NRW,D,NSG5,DLI,NR,JIND,HARYANA,
3812,OKHLA,OKA,D,NSG5,DLI,NR,SOUTH EAST,DELHI,
3813,SAMALKHA,SMK,D,NSG5,DLI,NR,PANIPAT,HARYANA,
3814,SAMPLA,SPZ,D,NSG5,DLI,NR,JHAJJAR,HARYANA,
3815,SHAMLI,SMQL,D,NSG5,DLI,NR,SHAMLI,UTTAR PRADESH,
3816,SHIVAJI BRIDGE,CSB,D,NSG5,DLI,NR,CENTRAL,DELHI,
3817,SUBZI MANDI,SZM,B,NSG5,DLI,NR,NORTH,DELHI,
3818,TAPRI JN.,TPZ,D,NSG5,DLI,NR,SAHARANPUR,UTTAR PRADESH,
3819,TILAK BRIDGE,TKJ,D,NSG5,DLI,NR,CENTRAL,DELHI,
3820,TOHANA,TUN,D,NSG5,DLI,NR,FATEHABAD,HARYANA,
3821,VIVEK VIHAR,VVB,D,NSG5,DLI,NR,NORTH EAST,DELHI,
3822,AMIN,AMIN,E,NSG6,DLI,NR,KURUKSHETRA,HARYANA,
3823,ASAUDAH,ASE,E,NSG6,DLI,NR,JHAJJAR,HARYANA,
3824,ASTHAL BOHAR,ABO,E,NSG6,DLI,NR,ROHTAK,HARYANA,
3825,BABARPUR,BBDE,E,NSG6,DLI,NR,PANIPAT,HARYANA,
3826,BAMANHERI,BMHR,E,NSG6,DLI,NR,MUZAFFARNAGAR,UTTAR PRADESH,
3827,BARETA,BRZ,E,NSG6,DLI,NR,MANSA,PUNJAB,
3828,BARSOLA,BZO,E,NSG6,DLI,NR,JIND,HARYANA,
3829,BASAI DHANKOT,BDXT,E,NSG6,DLI,NR,GURUGRAM,HARYANA,
3830,BAZIDA JATAN,BZJT,E,NSG6,DLI,NR,KARNAL,HARYANA,
3831,BHAINI KHURD,BZK,E,NSG6,DLI,NR,KARNAL,HARYANA,
3832,BHODWAL MAJRI,BDMJ,E,NSG6,DLI,NR,PANIPAT,HARYANA,
3833,BIJWASAN,BWSN,D,NSG6,DLI,NR,SOUTH WEST,DELHI,
3834,BISHANPUR HARYANA,BSPH,E,NSG6,DLI,NR,JIND,HARYANA,
3835,BRAR SQUARE,BRSQ,E,NSG6,DLI,NR,SOUTH WEST,DELHI,
3836,DAURALA,DRLA,E,NSG6,DLI,NR,MEERUT,UTTAR PRADESH,
3837,DAYA BASTI,DBSI,D,NSG6,DLI,NR,NORTH,DELHI,
3838,DELHI-AZADPUR,DAZ,D,NSG6,DLI,NR,NORTH WEST,DELHI,
3839,DHAMTAN SAHIB,DTN,E,NSG6,DLI,NR,JIND,HARYANA,
3840,DHARODI,DHY,E,NSG6,DLI,NR,JIND,HARYANA,
3841,DHIRPUR,DPP,E,NSG6,DLI,NR,KURUKSHETRA,HARYANA,
3842,DHODA KHERI,DHKR,E,NSG6,DLI,NR,KURUKSHETRA,HARYANA,
3843,DHOLA MAJRA,DHMZ,E,NSG6,DLI,NR,KURUKSHETRA,HARYANA,
3844,DIWANA,DWNA,E,NSG6,DLI,NR,PANIPAT,HARYANA,
3845,DOBH BAHALI,DBHL,NSG6,NSG6,DLI,NR,ROHTAK,HARYANA,
3846,FARUKHNAGAR,FN,E,NSG6,DLI,NR,GURUGRAM,HARYANA,
3847,GHARAUNDA,GRA,E,NSG6,DLI,NR,KARNAL,HARYANA,
3848,GHASO,GSO,E,NSG6,DLI,NR,JIND,HARYANA,
3849,GHEVRA,GHE,E,NSG6,DLI,NR,WEST,DELHI,
3850,GOHANA,GHNA,D,NSG6,DLI,NR,SONIPAT,HARYANA,
3851,GULDHAR,GUH,E,NSG6,DLI,NR,GHAZIABAD,UTTAR PRADESH,
3852,HIMMATPURA,HMQ,E,NSG6,DLI,NR,FATEHABAD,HARYANA,
3853,HIND,HIND,E,NSG6,DLI,NR,SHAMLI,UTTAR PRADESH,
3854,HOLAMBI KALAN,HUK,E,NSG6,DLI,NR,NORTH WEST,DELHI,
3855,INCHHAPURI,IHP,E,NSG6,DLI,NR,GURUGRAM,HARYANA,
3856,ISMAILA HARYANA,ISM,E,NSG6,DLI,NR,ROHTAK,HARYANA,
3857,JAI JAI WANTI,JJT,E,NSG6,DLI,NR,JIND,HARYANA,
3858,JARAUDA NARA,JDW,E,NSG6,DLI,NR,MUZAFFARNAGAR,UTTAR PRADESH,
3859,JATAULA JORI SAMPKA,JSKA,E,NSG6,DLI,NR,GURUGRAM,HARYANA,
3860,JHAJJAR,JHJ,E,NSG6,DLI,NR,JHAJJAR,HARYANA,
3861,JIND CITY,JCY,E,NSG6,DLI,NR,JIND,HARYANA,
3862,KALAYAT,KIY,E,NSG6,DLI,NR,KAITHAL,HARYANA,
3863,KANDHLA,KQL,E,NSG6,DLI,NR,SHAMLI,UTTAR PRADESH,
3864,KARAINTHI,KHV,E,NSG6,DLI,NR,ROHTAK,HARYANA,
3865,KATAR SINGH WALA,KZW,E,NSG6,DLI,NR,BATHINDA,PUNJAB,
3866,KHALILPUR,KIP,E,NSG6,DLI,NR,GURUGRAM,HARYANA,
3867,KHARAWAR,KRZ,E,NSG6,DLI,NR,ROHTAK,HARYANA,
3868,KHERA KALAN,KHKN,E,NSG6,DLI,NR,NORTH WEST,DELHI,
3869,KHUKRANA,KURN,E,NSG6,DLI,NR,PANIPAT,HARYANA,
3870,KILA ZAFARGARH,KZH,E,NSG6,DLI,NR,JIND,HARYANA,
3871,KINANA,KIU,E,NSG6,DLI,NR,JIND,HARYANA,
3872,KOT FATEH,KTF,E,NSG6,DLI,NR,BATHINDA,PUNJAB,
3873,LAJPAT NAGAR,LPNR,E,NSG6,DLI,NR,SOUTH,DELHI,
3874,MADLAUDA,MLDE,E,NSG6,DLI,NR,PANIPAT,HARYANA,
3875,MAISAR KHANA,MASK,E,NSG6,DLI,NR,BATHINDA,PUNJAB,
3876,MANANI,MNZ,E,NSG6,DLI,NR,SAHARANPUR,UTTAR PRADESH,
3877,MANGOLPURI,MGLP,D,NSG6,DLI,NR,NORTH WEST,DELHI,
3878,MANSURPUR,MSP,E,NSG6,DLI,NR,MUZAFFARNAGAR,UTTAR PRADESH,
3879,MOHIUDDINPUR,MUZ,E,NSG6,DLI,NR,MEERUT,UTTAR PRADESH,
3880,MOHRI,MOY,E,NSG6,DLI,NR,AMBALA,HARYANA,
3881,MUDLANA,MDLA,E,NSG6,DLI,NR,SONIPAT,HARYANA,
3882,NAGAL,NGL,E,NSG6,DLI,NR,SAHARANPUR,UTTAR PRADESH,
3883,NANAUTA,NNX,E,NSG6,DLI,NR,SAHARANPUR,UTTAR PRADESH,
3884,NARINDARPURA,NPX,E,NSG6,DLI,NR,MANSA,PUNJAB,
3885,NAULTHA,NLH,E,NSG6,DLI,NR,PANIPAT,HARYANA,
3886,NAYA GHAZIABAD,GZN,D,NSG6,DLI,NR,GHAZIABAD,UTTAR PRADESH,
3887,NILOKHERI,NLKR,E,NSG6,DLI,NR,KARNAL,HARYANA,
3888,PABLI KHAS,PQY,E,NSG6,DLI,NR,MEERUT,UTTAR PRADESH,
3889,PARTAPUR,PRTP,E,NSG6,DLI,NR,MEERUT,UTTAR PRADESH,
3890,PATEL NAGAR,PTNR,D,NSG6,DLI,NR,CENTRAL,DELHI,
3891,PATLI,PT,E,NSG6,DLI,NR,GURUGRAM,HARYANA,
3892,PEHOWA ROAD,PHWR,E,NSG6,DLI,NR,KURUKSHETRA,HARYANA,
3893,PILU KHERA,PKDE,E,NSG6,DLI,NR,JIND,HARYANA,
3894,QASIMPUR KHERI,KPKI,E,NSG6,DLI,NR,BAGHPAT,UTTAR PRADESH,
3895,RAMPUR MANIHARAN,RPMN,E,NSG6,DLI,NR,SAHARANPUR,UTTAR PRADESH,
3896,RATHDHANA,RDDE,E,NSG6,DLI,NR,SONIPAT,HARYANA,
3897,ROHANA KALAN,RNA,E,NSG6,DLI,NR,MUZAFFARNAGAR,UTTAR PRADESH,
3898,SADDA SINGHWALA,SSZ,E,NSG6,DLI,NR,MANSA,PUNJAB,
3899,SAFIDON,SFDE,E,NSG6,DLI,NR,JIND,HARYANA,
3900,SAJUMA,SJM,E,NSG6,DLI,NR,KAITHAL,HARYANA,
3901,SAKHOTI TANDA,SKF,E,NSG6,DLI,NR,MEERUT,UTTAR PRADESH,
3902,SAMAR GOPALPUR,SMF,E,NSG6,DLI,NR,ROHTAK,HARYANA,
3903,SANDAL KALAN,SLKN,E,NSG6,DLI,NR,SONIPAT,HARYANA,
3904,SAROJINI NAGAR,SOJ,E,NSG6,DLI,NR,SOUTH,DELHI,
3905,SEWA NAGAR,SWNR,E,NSG6,DLI,NR,SOUTH,DELHI,
3906,SHAHABAD MARKANDA,SHDM,D,NSG6,DLI,NR,KURUKSHETRA,HARYANA,
3907,"SHAHABAD
MUHAMMADPUR",SMDP,E,NSG6,DLI,NR,SOUTH WEST,DELHI,
3908,SIWAHA,SWDE,E,NSG6,DLI,NR,JIND,HARYANA,
3909,TALHERI BAZURG,THJ,E,NSG6,DLI,NR,SAHARANPUR,UTTAR PRADESH,
3910,TARAORI,TRR,E,NSG6,DLI,NR,KARNAL,HARYANA,
3911,THANA BHAWAN,THBN,E,NSG6,DLI,NR,SHAMLI,UTTAR PRADESH,
3912,THANESAR CITY,TNDE,E,NSG6,DLI,NR,KURUKSHETRA,HARYANA,
3913,TIK,TIK,E,NSG6,DLI,NR,KAITHAL,HARYANA,
3914,UCHANA,UCA,E,NSG6,DLI,NR,JIND,HARYANA,
3915,BAJALTA,BLA,E,HG2,FZR,NR,JAMMU,JAMMU AND KASHMIR,
3916,D.A.V. COLLEGE JALAN,DAVJ,F,HG2,FZR,NR,FAZILKA,PUNJAB,
3917,GHAL KALAN,GKX,E,HG2,FZR,NR,MOGA,PUNJAB,
3918,HILLAR SHAHABAD HALT,HRSB,NA,HG2,FZR,NR,ANANTNAG,JAMMU AND KASHMIR,
3919,JHAWAR HALT,JHWR,F,HG2,FZR,NR,GURDASPUR,PUNJAB,
3920,TALLI SAIDA SAHU,TSS,E,HG2,FZR,NR,FIROZEPUR,PUNJAB,
3921,AJIT GILL MATTA HALT,AJTM,F,HG3,FZR,NR,FARIDKOT,PUNJAB,
3922,BABA BAKALA RAIYA,BBKR,F,HG3,FZR,NR,AMRITSAR,PUNJAB,
3923,BADHAI BALAMGARH HAL,BDBG,F,HG3,FZR,NR,SRI MUKTSAR SAHIB,PUNJAB,
3924,BAHMNIWALA,BVW,NA,HG3,FZR,NR,FAZILKA,PUNJAB,
3925,BALLE-DA-PIR-LARATH,BLDL,F,HG3,FZR,NR,KANGRA,HIMACHAL PRADESH,
3926,BARYAL HIMACHAL,BRHL,F,HG3,FZR,NR,KANGRA,HIMACHAL PRADESH,
3927,BATALA SUGAR MILLS,BATM,F,HG3,FZR,NR,GURDASPUR,PUNJAB,
3928,BHAGSAR,BSGR,F,HG3,FZR,NR,SRI MUKTSAR SAHIB,PUNJAB,
3929,BOPARAI HALT,BXO,F,HG3,FZR,NR,TARN TARAN,PUNJAB,
3930,BURJ MOHAR,BJMA,F,HG3,FZR,NR,FAZILKA,PUNJAB,
3931,BUTEWALA,BWF,F,HG3,FZR,NR,FIROZEPUR,PUNJAB,
3932,CHAK PAKHEWALA,CKA,F,HG3,FZR,NR,FAZILKA,PUNJAB,
3933,CHAK-RAKHWAL,CRWL,NA,HG3,FZR,NR,UDHAMPUR,JAMMU AND KASHMIR,
3934,CHAMUNDA MARG,CMMG,F,HG3,FZR,NR,KANGRA,HIMACHAL PRADESH,
3935,CHAREWAN HALT,CWN,F,HG3,FZR,NR,SRI MUKTSAR SAHIB,PUNJAB,
3936,D.A.V.COLLEGE JALALA,DAVC,F,HG3,FZR,NR,FAZILKA,PUNJAB,
3937,DHINDSA,DDK,F,HG3,FZR,NR,FIROZEPUR,PUNJAB,
3938,DODH,DODH,F,HG3,FZR,NR,FIROZEPUR,PUNJAB,
3939,DUDWINDI,DDY,E,HG3,FZR,NR,KAPURTHALA,PUNJAB,
3940,GHALLU,GHLU,F,HG3,FZR,NR,FAZILKA,PUNJAB,
3941,GUMTALI,GTQ,F,HG3,FZR,NR,JALANDHAR,PUNJAB,
3942,JAND WALA,JWKA,F,HG3,FZR,NR,FAZILKA,PUNJAB,
3943,JHABELWALI,JBW,F,HG3,FZR,NR,SRI MUKTSAR SAHIB,PUNJAB,
3944,JOGIWALA,JGW,F,HG3,FZR,NR,FIROZEPUR,PUNJAB,
3945,KANDWAL,KAWL,F,HG3,FZR,NR,KANGRA,HIMACHAL PRADESH,
3946,KANG KHURD,KGKD,F,HG3,FZR,NR,JALANDHAR,PUNJAB,
3947,KARIHA HALT,KYY,F,HG3,FZR,NR,"SHAHID BHAGAT
SINGH NAGAR",PUNJAB,
3948,KHADUR SAHIB HALT,KDSB,F,HG3,FZR,NR,TARN TARAN,PUNJAB,
3949,KHAI PHEMEKI,KIQ,F,HG3,FZR,NR,FIROZEPUR,PUNJAB,
3950,KULTHAM ABDULLA SHAH,KASH,F,HG3,FZR,NR,"SHAHID BHAGAT
SINGH NAGAR",PUNJAB,
3951,LUNSU HALT,LNS,F,HG3,FZR,NR,KANGRA,HIMACHAL PRADESH,
3952,LYALPUR KHALSA COLLE,LKK,F,HG3,FZR,NR,JALANDHAR,PUNJAB,
3953,MAHANGARWAL DOABA,MGWD,F,HG3,FZR,NR,HOSHIARPUR,PUNJAB,
3954,MAHESHRI SANDHUAN,MSSD,F,HG3,FZR,NR,FIROZEPUR,PUNJAB,
3955,MAJHAIRAN HIMACHAL,MNHL,F,HG3,FZR,NR,KANGRA,HIMACHAL PRADESH,
3956,MAJITHA,MJTA,F,HG3,FZR,NR,AMRITSAR,PUNJAB,
3957,MULEWAL KHAIHRA,MLKH,F,HG3,FZR,NR,JALANDHAR,PUNJAB,
3958,PARAO MAHNA,PMH,F,HG3,FZR,NR,MOGA,PUNJAB,
3959,PAROR,PRAR,F,HG3,FZR,NR,KANGRA,HIMACHAL PRADESH,
3960,PATTI RAJPURA HALT,PTRJ,F,HG3,FZR,NR,KANGRA,HIMACHAL PRADESH,
3961,PIPLI PAKHI KALAN,PKZ,F,HG3,FZR,NR,FARIDKOT,PUNJAB,
3962,RAIL COACH FACTORY,RCF,F,HG3,FZR,NR,KAPURTHALA,PUNJAB,
3963,RATAR CHHATTAR,RCR,F,HG3,FZR,NR,GURDASPUR,PUNJAB,
3964,RATTOKE GURDWARA HAL,RKG,F,HG3,FZR,NR,TARN TARAN,PUNJAB,
3965,RURE ASAL HALT,RRAL,F,HG3,FZR,NR,TARN TARAN,PUNJAB,
3966,SAIDPUR JALALABAD,SPJB,F,HG3,FZR,NR,TARN TARAN,PUNJAB,
3967,SARNA,SRM,E,HG3,FZR,NR,PATHANKOT,PUNJAB,
3968,SATNAUR BADESRON,SNB,F,HG3,FZR,NR,HOSHIARPUR,PUNJAB,
3969,SIDHWAN,SWG,F,HG3,FZR,NR,JALANDHAR,PUNJAB,
3970,SINDHAR,SDZ,F,HG3,FZR,NR,JALANDHAR,PUNJAB,
3971,SULHANI,SULH,F,HG3,FZR,NR,FIROZEPUR,PUNJAB,
3972,THEH QALANDAR,TQL,F,HG3,FZR,NR,FAZILKA,PUNJAB,
3973,TRIPAL,TRPL,F,HG3,FZR,NR,KANGRA,HIMACHAL PRADESH,
3974,WANDER JATANA,WDJ,F,HG3,FZR,NR,FARIDKOT,PUNJAB,
3975,AMRITSAR JN.,ASR,A1,NSG2,FZR,NR,AMRITSAR,PUNJAB,
3976,JALANDHAR CITY JN.,JUC,A1,NSG2,FZR,NR,KAPURTHALA,PUNJAB,
3977,JAMMU TAWI,JAT,A1,NSG2,FZR,NR,JAMMU,JAMMU AND KASHMIR,
3978,LUDHIANA JN.,LDH,A1,NSG2,FZR,NR,LUDHIANA,PUNJAB,
3979,BEAS JN,BEAS,A,NSG3,FZR,NR,AMRITSAR,PUNJAB,
3980,FIROZPUR CANTT. JN.,FZR,A,NSG3,FZR,NR,FIROZEPUR,PUNJAB,
3981,JALANDHAR CANTT. JN.,JRC,NA,NSG3,FZR,NR,JALANDHAR,PUNJAB,
3982,PATHANKOT CANTT,PTKC,A,NSG3,FZR,NR,PATHANKOT,PUNJAB,
3983,PHAGWARA JN.,PGW,A,NSG3,FZR,NR,KAPURTHALA,PUNJAB,
3984,"SHRI MATA VAISHNO DEVI
KATRA",SVDK,A1,NSG3,FZR,NR,REASI,JAMMU AND KASHMIR,
3985,PATHANKOT JN.,PTK,A,NSG4,FZR,NR,PATHANKOT,PUNJAB,
3986,UDHAMPUR,UHP,A,NSG4,FZR,NR,UDHAMPUR,JAMMU AND KASHMIR,
3987,ANANTNAG,ANT,E,NSG5,FZR,NR,ANANTNAG,JAMMU AND KASHMIR,
3988,BATALA JN.,BAT,D,NSG5,FZR,NR,GURDASPUR,PUNJAB,
3989,DASUA,DZA,D,NSG5,FZR,NR,HOSHIARPUR,PUNJAB,
3990,DHANDARI KALAN,DDL,D,NSG5,FZR,NR,LUDHIANA,PUNJAB,
3991,DHARIWAL,DHW,D,NSG5,FZR,NR,GURDASPUR,PUNJAB,
3992,DINANAGAR,DNN,D,NSG5,FZR,NR,GURDASPUR,PUNJAB,
3993,FARIDKOT,FDK,B,NSG5,FZR,NR,FARIDKOT,PUNJAB,
3994,FAZILKA JN.,FKA,D,NSG5,FZR,NR,FAZILKA,PUNJAB,
3995,GANGSAR JAITU,GJUT,D,NSG5,FZR,NR,FARIDKOT,PUNJAB,
3996,GURDASPUR,GSP,D,NSG5,FZR,NR,GURDASPUR,PUNJAB,
3997,HOSHIARPUR,HSX,D,NSG5,FZR,NR,HOSHIARPUR,PUNJAB,
3998,KAPURTHALA,KXH,D,NSG5,FZR,NR,KAPURTHALA,PUNJAB,
3999,KARTARPUR,KRE,D,NSG5,FZR,NR,JALANDHAR,PUNJAB,
4000,KATHUA,KTHU,B,NSG5,FZR,NR,KATHUA,JAMMU AND KASHMIR,
4001,KOT KAPURA JN.,KKP,D,NSG5,FZR,NR,FARIDKOT,PUNJAB,
4002,LOHIAN KHAS JN.,LNK,D,NSG5,FZR,NR,JALANDHAR,PUNJAB,
4003,MAKHU,MXH,D,NSG5,FZR,NR,FIROZEPUR,PUNJAB,
4004,MUKERIAN,MEX,D,NSG5,FZR,NR,HOSHIARPUR,PUNJAB,
4005,MUKTSAR,MKS,D,NSG5,FZR,NR,SRI MUKTSAR SAHIB,PUNJAB,
4006,NAKODAR JN.,NRO,B,NSG5,FZR,NR,JALANDHAR,PUNJAB,
4007,PHILLAUR JN.,PHR,B,NSG5,FZR,NR,JALANDHAR,PUNJAB,
4008,SAMBA,SMBX,D,NSG5,FZR,NR,SAMBA,JAMMU AND KASHMIR,
4009,AHJU,AHJU,E,NSG6,FZR,NR,MANDI,HIMACHAL PRADESH,
4010,AJITWAL,AJL,E,NSG6,FZR,NR,MOGA,PUNJAB,
4011,ALAWAL PUR,AWL,E,NSG6,FZR,NR,JALANDHAR,PUNJAB,
4012,ATARI JN.,ATT,E,NSG6,FZR,NR,AMRITSAR,PUNJAB,
4013,AWANTIPURA,ATPA,E,NSG6,FZR,NR,PULWAMA,JAMMU AND KASHMIR,
4014,BADDOWAL,BWZ,E,NSG6,FZR,NR,LUDHIANA,PUNJAB,
4015,BAHRAM,BHM,E,NSG6,FZR,NR,"SHAHID BHAGAT
SINGH NAGAR",PUNJAB,
4016,BAIJNATH PAPROLA,BJPL,E,NSG6,FZR,NR,KANGRA,HIMACHAL PRADESH,
4017,BANGA,BXB,E,NSG6,FZR,NR,"SHAHID BHAGAT
SINGH NAGAR",PUNJAB,
4018,BANIHAL,BAHL,E,NSG6,FZR,NR,RAMBAN,JAMMU AND KASHMIR,
4019,BARAMULLA,BRML,E,NSG6,FZR,NR,BARAMULLA,JAMMU AND KASHMIR,
4020,BARI BRAHMAN,BBMN,E,NSG6,FZR,NR,JAMMU,JAMMU AND KASHMIR,
4021,BARIWALA,BRW,E,NSG6,FZR,NR,SRI MUKTSAR SAHIB,PUNJAB,
4022,BHAGTANWALA,BGTN,E,NSG6,FZR,NR,AMRITSAR,PUNJAB,
4023,BHANGALA,BNGL,E,NSG6,FZR,NR,HOSHIARPUR,PUNJAB,
4024,BHARMAR,BRMR,E,NSG6,FZR,NR,KANGRA,HIMACHAL PRADESH,
4025,BHAROLI,BHRL,E,NSG6,FZR,NR,PATHANKOT,PUNJAB,
4026,BHOGPUR SIRWAL,BPRS,E,NSG6,FZR,NR,JALANDHAR,PUNJAB,
4027,BIJBAHERA,BJBA,E,NSG6,FZR,NR,ANANTNAG,JAMMU AND KASHMIR,
4028,BILGA,BZG,E,NSG6,FZR,NR,JALANDHAR,PUNJAB,
4029,BOLINNA DOABA,BLND,E,NSG6,FZR,NR,JALANDHAR,PUNJAB,
4030,BUDGAM,BDGM,E,NSG6,FZR,NR,BUDGAM,JAMMU AND KASHMIR,
4031,BUDHI,BDHY,E,NSG6,FZR,NR,KATHUA,JAMMU AND KASHMIR,
4032,BUTARI,BTR,E,NSG6,FZR,NR,AMRITSAR,PUNJAB,
4033,CHAK BANWALA,CKLA,E,NSG6,FZR,NR,FAZILKA,PUNJAB,
4034,CHAKDAYALA,CKDL,E,NSG6,FZR,NR,KATHUA,JAMMU AND KASHMIR,
4035,CHAND BHAN,CBX,E,NSG6,FZR,NR,BATHINDA,PUNJAB,
4036,CHAUKI MAN,CKM,E,NSG6,FZR,NR,LUDHIANA,PUNJAB,
4037,CHHAN ARORIAN,CHNR,E,NSG6,FZR,NR,KATHUA,JAMMU AND KASHMIR,
4038,CHHEHARTA,CIA,E,NSG6,FZR,NR,AMRITSAR,PUNJAB,
4039,CHHINA,CHN,E,NSG6,FZR,NR,GURDASPUR,PUNJAB,
4040,CHIHERU,CEU,E,NSG6,FZR,NR,KAPURTHALA,PUNJAB,
4041,CHOLANG,CGH,E,NSG6,FZR,NR,HOSHIARPUR,PUNJAB,
4042,CHURI WALA,CWDA,E,NSG6,FZR,NR,FAZILKA,PUNJAB,
4043,DAGRU,DAU,E,NSG6,FZR,NR,MOGA,PUNJAB,
4044,DALHOUSI ROAD,DLSR,E,NSG6,FZR,NR,PATHANKOT,PUNJAB,
4045,DERABABA NANAK,DBNK,E,NSG6,FZR,NR,GURDASPUR,PUNJAB,
4046,DHILWAN,DIW,E,NSG6,FZR,NR,KAPURTHALA,PUNJAB,
4047,FATEHGARH CHURIAN,FGCN,E,NSG6,FZR,NR,GURDASPUR,PUNJAB,
4048,FEROZESHAH,PHS,E,NSG6,FZR,NR,FIROZEPUR,PUNJAB,
4049,FIROZPUR CITY JN.,FZP,E,NSG6,FZR,NR,FIROZEPUR,PUNJAB,
4050,GARHSHANKAR,GSR,E,NSG6,FZR,NR,HOSHIARPUR,PUNJAB,
4051,GARNA SAHIB,GSB,E,NSG6,FZR,NR,HOSHIARPUR,PUNJAB,
4052,GHAGWAL,GHGL,E,NSG6,FZR,NR,SAMBA,JAMMU AND KASHMIR,
4053,GHARYALA,GYL,E,NSG6,FZR,NR,TARN TARAN,PUNJAB,
4054,GHIALA,GILA,E,NSG6,FZR,NR,PATHANKOT,PUNJAB,
4055,GIANI ZAIL SINGH SAN,GZS,E,NSG6,FZR,NR,FARIDKOT,PUNJAB,
4056,GIDARPINDI,GOD,E,NSG6,FZR,NR,JALANDHAR,PUNJAB,
4057,GOINDWAL SAHIB HALT,GWSB,E,NSG6,FZR,NR,TARN TARAN,PUNJAB,
4058,GOLEHWALA,GHA,E,NSG6,FZR,NR,FARIDKOT,PUNJAB,
4059,GONEANA B JAGTA,GNA,B,NSG6,FZR,NR,BATHINDA,PUNJAB,
4060,GORAYA,GRY,E,NSG6,FZR,NR,JALANDHAR,PUNJAB,
4061,GULER,GULR,E,NSG6,FZR,NR,KANGRA,HIMACHAL PRADESH,
4062,GURU HARSAHAI,GHS,E,NSG6,FZR,NR,FIROZEPUR,PUNJAB,
4063,HAMIRA,HMR,E,NSG6,FZR,NR,KAPURTHALA,PUNJAB,
4064,HAMRE,HME,E,NSG6,FZR,NR,BARAMULLA,JAMMU AND KASHMIR,
4065,HARDORAWAL,HDWL,E,NSG6,FZR,NR,GURDASPUR,PUNJAB,
4066,HARSAR DEHRI,HRDR,E,NSG6,FZR,NR,KANGRA,HIMACHAL PRADESH,
4067,HIRA NAGAR,HRNR,E,NSG6,FZR,NR,KATHUA,JAMMU AND KASHMIR,
4068,HUSAINPUR,HSQ,E,NSG6,FZR,NR,KAPURTHALA,PUNJAB,
4069,JAGRAON,JGN,E,NSG6,FZR,NR,LUDHIANA,PUNJAB,
4070,JAIJON DOABA,JJJ,E,NSG6,FZR,NR,HOSHIARPUR,PUNJAB,
4071,JAINTIPURA,JNT,E,NSG6,FZR,NR,AMRITSAR,PUNJAB,
4072,JAKOLARI,JK,E,NSG6,FZR,NR,PATHANKOT,PUNJAB,
4073,JALALABAD,JBD,E,NSG6,FZR,NR,FAZILKA,PUNJAB,
4074,JAMSHER KHAS,JME,E,NSG6,FZR,NR,JALANDHAR,PUNJAB,
4075,JANDIALA,JNL,E,NSG6,FZR,NR,AMRITSAR,PUNJAB,
4076,JAWALAMUKHI ROAD,JMKR,E,NSG6,FZR,NR,KANGRA,HIMACHAL PRADESH,
4077,JAWANWALA SHAHR,JWLS,E,NSG6,FZR,NR,KANGRA,HIMACHAL PRADESH,
4078,JHOK TAHAL SINGH,JTH,E,NSG6,FZR,NR,FIROZEPUR,PUNJAB,
4079,JIWA ARAIN,JWN,E,NSG6,FZR,NR,FIROZEPUR,PUNJAB,
4080,JOGINDER NAGAR,JDNX,E,NSG6,FZR,NR,MANDI,HIMACHAL PRADESH,
4081,KAIRON,KCZ,E,NSG6,FZR,NR,TARN TARAN,PUNJAB,
4082,KAKAPORA,KAPE,E,NSG6,FZR,NR,PULWAMA,JAMMU AND KASHMIR,
4083,KALA BAKRA,KKL,E,NSG6,FZR,NR,JALANDHAR,PUNJAB,
4084,KANDRORI,KNDI,E,NSG6,FZR,NR,KANGRA,HIMACHAL PRADESH,
4085,KANGRA,KGRA,E,NSG6,FZR,NR,KANGRA,HIMACHAL PRADESH,
4086,KANGRA MANDIR,KGMR,E,NSG6,FZR,NR,KANGRA,HIMACHAL PRADESH,
4087,KASU BEGU,KBU,E,NSG6,FZR,NR,FIROZEPUR,PUNJAB,
4088,KATHUNANGAL,KNG,E,NSG6,FZR,NR,AMRITSAR,PUNJAB,
4089,KHASA,KSA,E,NSG6,FZR,NR,AMRITSAR,PUNJAB,
4090,KHATKAR KALAN JHANDA,KHHJ,E,NSG6,FZR,NR,"SHAHID BHAGAT
SINGH NAGAR",PUNJAB,
4091,KHEM KARAN,KEMK,E,NSG6,FZR,NR,TARN TARAN,PUNJAB,
4092,KHOJEWALA,KWJ,E,NSG6,FZR,NR,JALANDHAR,PUNJAB,
4093,KHUDDA KORALA,KZX,E,NSG6,FZR,NR,HOSHIARPUR,PUNJAB,
4094,KHUI KHERA,KUKA,E,NSG6,FZR,NR,FAZILKA,PUNJAB,
4095,KHURDPUR,KUPR,E,NSG6,FZR,NR,JALANDHAR,PUNJAB,
4096,KOHAR SINGH WALA,KRSW,E,NSG6,FZR,NR,FIROZEPUR,PUNJAB,
4097,KOPARLAHAR,KPLR,E,NSG6,FZR,NR,KANGRA,HIMACHAL PRADESH,
4098,LADHOWAL,LDW,D,NSG6,FZR,NR,LUDHIANA,PUNJAB,
4099,LADHUKA,LDK,E,NSG6,FZR,NR,FAZILKA,PUNJAB,
4100,LAKHEWALI,LKW,E,NSG6,FZR,NR,SRI MUKTSAR SAHIB,PUNJAB,
4101,MADHOPUR PUNJAB,MDPB,E,NSG6,FZR,NR,PATHANKOT,PUNJAB,
4102,MAHALAM,MFM,E,NSG6,FZR,NR,FIROZEPUR,PUNJAB,
4103,MALLANWALA KHAS,MWX,E,NSG6,FZR,NR,FIROZEPUR,PUNJAB,
4104,MALSIAN SHAHKOT,MQS,E,NSG6,FZR,NR,JALANDHAR,PUNJAB,
4105,MALUPOTA,MXP,E,NSG6,FZR,NR,"SHAHID BHAGAT
SINGH NAGAR",PUNJAB,
4106,MANANWALA,MOW,E,NSG6,FZR,NR,AMRITSAR,PUNJAB,
4107,MANWAL,MNVL,E,NSG6,FZR,NR,JAMMU,JAMMU AND KASHMIR,
4108,MAZHOM,MZMA,E,NSG6,FZR,NR,BUDGAM,JAMMU AND KASHMIR,
4109,MEGHRAJPURA,MGRP,E,NSG6,FZR,NR,KANGRA,HIMACHAL PRADESH,
4110,MIRTHAL,MRTL,E,NSG6,FZR,NR,PATHANKOT,PUNJAB,
4111,MODELGRAM,MG,E,NSG6,FZR,NR,LUDHIANA,PUNJAB,
4112,MOGA,MOGA,D,NSG6,FZR,NR,MOGA,PUNJAB,
4113,MULLANPUR,MLX,E,NSG6,FZR,NR,LUDHIANA,PUNJAB,
4114,NAGROTA,NGRT,E,NSG6,FZR,NR,KANGRA,HIMACHAL PRADESH,
4115,NAGROTA SURIYAN,NGRS,E,NSG6,FZR,NR,KANGRA,HIMACHAL PRADESH,
4116,NANAKSAR,NNKR,E,NSG6,FZR,NR,LUDHIANA,PUNJAB,
4117,NANDPUR BHATAULI,NDBT,E,NSG6,FZR,NR,KANGRA,HIMACHAL PRADESH,
4118,NASRALA,NAS,E,NSG6,FZR,NR,HOSHIARPUR,PUNJAB,
4119,NAWASHAHR DOABA JN.,NSS,E,NSG6,FZR,NR,"SHAHID BHAGAT
SINGH NAGAR",PUNJAB,
4120,NURMAHAL,NRM,E,NSG6,FZR,NR,JALANDHAR,PUNJAB,
4121,NURPUR ROAD,NUPR,E,NSG6,FZR,NR,KANGRA,HIMACHAL PRADESH,
4122,PAJIAN,PJA,E,NSG6,FZR,NR,KAPURTHALA,PUNJAB,
4123,PALAMPUR HIMACHAL,PLMX,E,NSG6,FZR,NR,KANGRA,HIMACHAL PRADESH,
4124,PAMPORE,PMPE,E,NSG6,FZR,NR,PULWAMA,JAMMU AND KASHMIR,
4125,PANCH RUKHI,PHRH,E,NSG6,FZR,NR,KANGRA,HIMACHAL PRADESH,
4126,PANJGAM,PJGM,E,NSG6,FZR,NR,ANANTNAG,JAMMU AND KASHMIR,
4127,PARMANAND,PMQ,E,NSG6,FZR,NR,PATHANKOT,PUNJAB,
4128,PARTABPURA,PPB,E,NSG6,FZR,NR,JALANDHAR,PUNJAB,
4129,PATTAN,PTTN,E,NSG6,FZR,NR,BARAMULLA,JAMMU AND KASHMIR,
4130,PATTI,PAX,E,NSG6,FZR,NR,TARN TARAN,PUNJAB,
4131,QADIAN,QDN,E,NSG6,FZR,NR,GURDASPUR,PUNJAB,
4132,QUAZIGUND,QG,E,NSG6,FZR,NR,ANANTNAG,JAMMU AND KASHMIR,
4133,RAHON,RHU,E,NSG6,FZR,NR,"SHAHID BHAGAT
SINGH NAGAR",PUNJAB,
4134,RAMDAS,RDS,E,NSG6,FZR,NR,GURDASPUR,PUNJAB,
4135,RAMNAGAR(J-K),RMJK,D,NSG6,FZR,NR,UDHAMPUR,JAMMU AND KASHMIR,
4136,ROMANA ALBEL SINGH,RLS,E,NSG6,FZR,NR,FARIDKOT,PUNJAB,
4137,RORANWALA,RRW,E,NSG6,FZR,NR,FAZILKA,PUNJAB,
4138,SADURA,SDUA,E,NSG6,FZR,NR,ANANTNAG,JAMMU AND KASHMIR,
4139,SAIDANWALA,SWX,E,NSG6,FZR,NR,FIROZEPUR,PUNJAB,
4140,SAILA KHURD,SQJ,E,NSG6,FZR,NR,HOSHIARPUR,PUNJAB,
4141,SAMLOTI,SMLT,E,NSG6,FZR,NR,KANGRA,HIMACHAL PRADESH,
4142,SANAHWAL,SNL,E,NSG6,FZR,NR,LUDHIANA,PUNJAB,
4143,SANGAR,SGR,E,NSG6,FZR,NR,JAMMU,JAMMU AND KASHMIR,
4144,SHAM CHAURASI,SCQ,E,NSG6,FZR,NR,JALANDHAR,PUNJAB,
4145,SHANKAR,SQK,E,NSG6,FZR,NR,JALANDHAR,PUNJAB,
4146,SOHAL,SOHL,E,NSG6,FZR,NR,GURDASPUR,PUNJAB,
4147,SOPORE,SXZM,E,NSG6,FZR,NR,BARAMULLA,JAMMU AND KASHMIR,
4148,SRINAGAR,SINA,E,NSG6,FZR,NR,SRINAGAR,JAMMU AND KASHMIR,
4149,SUCHIPIND HALT,SCPD,E,NSG6,FZR,NR,JALANDHAR,PUNJAB,
4150,SUJANPUR,SJNP,D,NSG6,FZR,NR,PATHANKOT,PUNJAB,
4151,SULAH HIMACHAL PRADE,SLHP,E,NSG6,FZR,NR,KANGRA,HIMACHAL PRADESH,
4152,SULTANPUR LODI,SQR,E,NSG6,FZR,NR,KAPURTHALA,PUNJAB,
4153,SURA NUSSI,SRX,E,NSG6,FZR,NR,JALANDHAR,PUNJAB,
4154,TALARA,TLRA,E,NSG6,FZR,NR,KANGRA,HIMACHAL PRADESH,
4155,TALWANDI,TWB,E,NSG6,FZR,NR,FIROZEPUR,PUNJAB,
4156,TANDA-URMAR,TDO,E,NSG6,FZR,NR,HOSHIARPUR,PUNJAB,
4157,TANGRA,TRA,E,NSG6,FZR,NR,AMRITSAR,PUNJAB,
4158,TARN TARAN,TTO,E,NSG6,FZR,NR,TARN TARAN,PUNJAB,
4159,THABALKE,TYK,E,NSG6,FZR,NR,JALANDHAR,PUNJAB,
4160,UNCHI BASSI,UCB,E,NSG6,FZR,NR,HOSHIARPUR,PUNJAB,
4161,VALTOHA,WLA,E,NSG6,FZR,NR,TARN TARAN,PUNJAB,
4162,VERKA JN.,VKA,E,NSG6,FZR,NR,AMRITSAR,PUNJAB,
4163,VIJAYPUR JAMMU,VJPJ,E,NSG6,FZR,NR,SAMBA,JAMMU AND KASHMIR,
4164,BARSATHI,BSY,F,HG2,LKO,NR,JAUNPUR,UTTAR PRADESH,
4165,DWARKAGANJ,DWJ,F,HG2,LKO,NR,SULTANPUR,UTTAR PRADESH,
4166,JARAUNA,JUA,F,HG2,LKO,NR,JAUNPUR,UTTAR PRADESH,
4167,ACHAL GANJ,ACH,F,HG3,LKO,NR,UNNAO,UTTAR PRADESH,
4168,BAHAI HALT,BYQ,F,HG3,LKO,NR,RAE BARELI,UTTAR PRADESH,
4169,BAISWARA,BSWA,F,HG3,LKO,NR,UNNAO,UTTAR PRADESH,
4170,BAND HAMIRPUR,BAHP,F,HG3,LKO,NR,UNNAO,UTTAR PRADESH,
4171,BARARA BUZURG,BRRZ,F,HG3,LKO,NR,RAE BARELI,UTTAR PRADESH,
4172,BHANAUR,VNN,F,HG3,LKO,NR,JAUNPUR,UTTAR PRADESH,
4173,BHUPIA MAU,VPO,F,HG3,LKO,NR,PRATAPGARH,UTTAR PRADESH,
4174,CHANDA HALT,CHDA,F,HG3,LKO,NR,SULTANPUR,UTTAR PRADESH,
4175,CHAURE BAZAR,CHBR,F,HG3,LKO,NR,AYODHYA,UTTAR PRADESH,
4176,DAYALPUR,DLPR,NA,HG3,LKO,NR,PRAYAGRAJ,UTTAR PRADESH,
4177,DHIRGANJ,DHRJ,F,HG3,LKO,NR,PRATAPGARH,UTTAR PRADESH,
4178,INDEMAU,IDM,F,HG3,LKO,NR,UNNAO,UTTAR PRADESH,
4179,ISHARDASPUR,IDS,F,HG3,LKO,NR,RAE BARELI,UTTAR PRADESH,
4180,KAJGAON TERHWAN HALT,KJTW,F,HG3,LKO,NR,JAUNPUR,UTTAR PRADESH,
4181,KATWAR BAZAR,KWBR,F,HG3,LKO,NR,JAUNPUR,UTTAR PRADESH,
4182,KORARI,KURO,F,HG3,LKO,NR,UNNAO,UTTAR PRADESH,
4183,KULHA HALT,KULH,F,HG3,LKO,NR,UNNAO,UTTAR PRADESH,
4184,MALETHU KANAK,MEQ,F,HG3,LKO,NR,AYODHYA,UTTAR PRADESH,
4185,MANIKALAN HALT,MNKN,F,HG3,LKO,NR,JAUNPUR,UTTAR PRADESH,
4186,MANJHLEPUR,MNJR,F,HG3,LKO,NR,RAE BARELI,UTTAR PRADESH,
4187,NIHASTA HALT,NHF,F,HG3,LKO,NR,RAE BARELI,UTTAR PRADESH,
4188,NIMA GOPALPUR HALT,NIMG,F,HG3,LKO,NR,PRATAPGARH,UTTAR PRADESH,
4189,PINDRA ROAD,PDRD,F,HG3,LKO,NR,VARANASI,UTTAR PRADESH,
4190,RADHA BALAMPUR,RDV,F,HG3,LKO,NR,RAE BARELI,UTTAR PRADESH,
4191,RAM CHANDERPUR,RCP,F,HG3,LKO,NR,RAE BARELI,UTTAR PRADESH,
4192,RAMGANJ,RMGJ,F,HG3,LKO,NR,AMETHI,UTTAR PRADESH,
4193,SAHAJIPUR HALT,SHJP,F,HG3,LKO,NR,AMETHI,UTTAR PRADESH,
4194,SALKHAPUR,SAF,F,HG3,LKO,NR,JAUNPUR,UTTAR PRADESH,
4195,SHUDNIPUR,SPPR,F,HG3,LKO,NR,JAUNPUR,UTTAR PRADESH,
4196,SURAJKUNDA,SRJK,F,HG3,LKO,NR,RAE BARELI,UTTAR PRADESH,
4197,TIKAULI RAWATPUR,TKRP,F,HG3,LKO,NR,UNNAO,UTTAR PRADESH,
4198,"WARIGAON NEWADA
HALT",WRGN,F,HG3,LKO,NR,JAUNPUR,UTTAR PRADESH,
4199,WARISGANJ HALT,WGJ,F,HG3,LKO,NR,AMETHI,UTTAR PRADESH,
4200,LUCKNOW JN.,LKO,A1,NSG2,LKO,NR,LUCKNOW,UTTAR PRADESH,
4201,VARANASI JN.,BSB,A1,NSG2,LKO,NR,VARANASI,UTTAR PRADESH,
4202,AKBARPUR JN.,ABP,A,NSG3,LKO,NR,AMBEDKAR NAGAR,UTTAR PRADESH,
4203,AYODHYA CANTT,AYC,A,NSG3,LKO,NR,AYODHYA,UTTAR PRADESH,
4204,FAIZABAD JN.,FD,A,NSG3,LKO,NR,AYODHYA,UTTAR PRADESH,
4205,JAUNPUR JN.,JNU,A,NSG3,LKO,NR,JAUNPUR,UTTAR PRADESH,
4206,PARTAPGARH JN.,PBH,A,NSG3,LKO,NR,PRATAPGARH,UTTAR PRADESH,
4207,RAE BARELI JN.,RBL,A,NSG3,LKO,NR,RAE BARELI,UTTAR PRADESH,
4208,SHAHGANJ JN.,SHG,A,NSG3,LKO,NR,JAUNPUR,UTTAR PRADESH,
4209,SULTANPUR JN.,SLN,A,NSG3,LKO,NR,SULTANPUR,UTTAR PRADESH,
4210,AMETHI,AME,B,NSG4,LKO,NR,AMETHI,UTTAR PRADESH,
4211,AYODHYA,AY,A,NSG4,LKO,NR,AYODHYA,UTTAR PRADESH,
4212,BARABANKI JN.,BBK,A,NSG4,LKO,NR,BARABANKI,UTTAR PRADESH,
4213,BHADOHI,BOY,A,NSG4,LKO,NR,BHADOHI,UTTAR PRADESH,
4214,JANGHAI JN.,JNH,A,NSG4,LKO,NR,JAUNPUR,UTTAR PRADESH,
4215,JAUNPUR CITY,JOP,B,NSG4,LKO,NR,JAUNPUR,UTTAR PRADESH,
4216,PRAYAG JN.,PRG,B,NSG4,LKO,NR,PRAYAGRAJ,UTTAR PRADESH,
4217,UNNAO JN.,ON,A,NSG4,LKO,NR,UNNAO,UTTAR PRADESH,
4218,ALAM NAGAR,AMG,E,NSG5,LKO,NR,LUCKNOW,UTTAR PRADESH,
4219,BACHHRAWN,BCN,D,NSG5,LKO,NR,RAE BARELI,UTTAR PRADESH,
4220,BADSHAHPUR,BSE,D,NSG5,LKO,NR,JAUNPUR,UTTAR PRADESH,
4221,DARYABAD,DYD,D,NSG5,LKO,NR,BARABANKI,UTTAR PRADESH,
4222,GAURIGANJ,GNG,D,NSG5,LKO,NR,AMETHI,UTTAR PRADESH,
4223,GOSHAINGANJ,GGJ,D,NSG5,LKO,NR,AYODHYA,UTTAR PRADESH,
4224,JAIS,JAIS,D,NSG5,LKO,NR,AMETHI,UTTAR PRADESH,
4225,KASHI,KEI,D,NSG5,LKO,NR,VARANASI,UTTAR PRADESH,
4226,KUNDA HARNAMGANJ,KHNM,D,NSG5,LKO,NR,PRATAPGARH,UTTAR PRADESH,
4227,LALGANJ,LLJ,D,NSG5,LKO,NR,RAE BARELI,UTTAR PRADESH,
4228,LALGOPALGANJ,LGO,D,NSG5,LKO,NR,PRATAPGARH,UTTAR PRADESH,
4229,LAMBHUA,LBA,D,NSG5,LKO,NR,SULTANPUR,UTTAR PRADESH,
4230,MALIPUR,MLPR,D,NSG5,LKO,NR,AMBEDKAR NAGAR,UTTAR PRADESH,
4231,MARIAHU,MAY,D,NSG5,LKO,NR,JAUNPUR,UTTAR PRADESH,
4232,MUSAFIRKHANA,MFKA,D,NSG5,LKO,NR,AMETHI,UTTAR PRADESH,
4233,NIHALGARH,NHH,B,NSG5,LKO,NR,AMETHI,UTTAR PRADESH,
4234,PHAPHAMAU JN.,PFM,D,NSG5,LKO,NR,PRAYAGRAJ,UTTAR PRADESH,
4235,PHULPUR,PLP,B,NSG5,LKO,NR,PRAYAGRAJ,UTTAR PRADESH,
4236,RUDAULI,RDL,D,NSG5,LKO,NR,AYODHYA,UTTAR PRADESH,
4237,SRI KRISHNA NAGAR,SKN,D,NSG5,LKO,NR,JAUNPUR,UTTAR PRADESH,
4238,SURIAWAN,SAW,D,NSG5,LKO,NR,BHADOHI,UTTAR PRADESH,
4239,UNCHAHAR JN.,UCR,D,NSG5,LKO,NR,RAE BARELI,UTTAR PRADESH,
4240,ZAFARABAD JN.,ZBD,D,NSG5,LKO,NR,JAUNPUR,UTTAR PRADESH,
4241,ACHARYA NARENDRA DEV,ACND,E,NSG6,LKO,NR,AYODHYA,UTTAR PRADESH,
4242,ADHINPUR,AHZ,E,NSG6,LKO,NR,AMETHI,UTTAR PRADESH,
4243,AJGAIN,AJ,E,NSG6,LKO,NR,UNNAO,UTTAR PRADESH,
4244,AKBAR GANJ,AKJ,E,NSG6,LKO,NR,AMETHI,UTTAR PRADESH,
4245,AMAUSI,AMS,E,NSG6,LKO,NR,LUCKNOW,UTTAR PRADESH,
4246,ANTU,ANTU,E,NSG6,LKO,NR,PRATAPGARH,UTTAR PRADESH,
4247,ANUPGANJ,APG,E,NSG6,LKO,NR,LUCKNOW,UTTAR PRADESH,
4248,ATRAMPUR,ARP,E,NSG6,LKO,NR,PRAYAGRAJ,UTTAR PRADESH,
4249,BABATPUR,BTP,E,NSG6,LKO,NR,VARANASI,UTTAR PRADESH,
4250,BAKHSHA,BKSA,E,NSG6,LKO,NR,JAUNPUR,UTTAR PRADESH,
4251,BAKKAS,BKKS,E,NSG6,LKO,NR,LUCKNOW,UTTAR PRADESH,
4252,BANDHUA KALAN,BDKN,E,NSG6,LKO,NR,SULTANPUR,UTTAR PRADESH,
4253,BANI,BANI,E,NSG6,LKO,NR,RAE BARELI,UTTAR PRADESH,
4254,BARAGAON,BNM,E,NSG6,LKO,NR,AYODHYA,UTTAR PRADESH,
4255,BARYA RAM,BYHA,E,NSG6,LKO,NR,PRAYAGRAJ,UTTAR PRADESH,
4256,BHADAIYAN,BDIN,E,NSG6,LKO,NR,SULTANPUR,UTTAR PRADESH,
4257,BHADRI,BHDR,E,NSG6,LKO,NR,PRATAPGARH,UTTAR PRADESH,
4258,BHARATKUND,BTKD,E,NSG6,LKO,NR,AYODHYA,UTTAR PRADESH,
4259,BIGHAPUR,BQP,E,NSG6,LKO,NR,UNNAO,UTTAR PRADESH,
4260,BILHAR GHAT,BLG,E,NSG6,LKO,NR,AYODHYA,UTTAR PRADESH,
4261,BILWAI,BWI,E,NSG6,LKO,NR,SULTANPUR,UTTAR PRADESH,
4262,BIRAPATTI,BRPT,E,NSG6,LKO,NR,VARANASI,UTTAR PRADESH,
4263,BISHNATH GANJ,BTJ,E,NSG6,LKO,NR,PRATAPGARH,UTTAR PRADESH,
4264,CHAUBISI,CHBS,E,NSG6,LKO,NR,BARABANKI,UTTAR PRADESH,
4265,CHAUKHANDI,CHH,E,NSG6,LKO,NR,VARANASI,UTTAR PRADESH,
4266,CHHANDRAULI,CDRL,E,NSG6,LKO,NR,BARABANKI,UTTAR PRADESH,
4267,CHILBILA JN.,CIL,E,NSG6,LKO,NR,PRATAPGARH,UTTAR PRADESH,
4268,DALMAU JN.,DMW,D,NSG6,LKO,NR,RAE BARELI,UTTAR PRADESH,
4269,DANDUPUR,DND,E,NSG6,LKO,NR,PRATAPGARH,UTTAR PRADESH,
4270,DARSHANNAGAR,DRG,E,NSG6,LKO,NR,AYODHYA,UTTAR PRADESH,
4271,DARYAPUR,DYP,E,NSG6,LKO,NR,RAE BARELI,UTTAR PRADESH,
4272,DEORAKOT,DELO,E,NSG6,LKO,NR,AYODHYA,UTTAR PRADESH,
4273,FURSATGANJ,FTG,E,NSG6,LKO,NR,AMETHI,UTTAR PRADESH,
4274,GANGAGANJ,GANG,E,NSG6,LKO,NR,RAE BARELI,UTTAR PRADESH,
4275,GARHI MANIKPUR,GRMR,D,NSG6,LKO,NR,PRATAPGARH,UTTAR PRADESH,
4276,GAURA,GRX,E,NSG6,LKO,NR,PRATAPGARH,UTTAR PRADESH,
4277,GAURIYAMAU,GMU,E,NSG6,LKO,NR,AYODHYA,UTTAR PRADESH,
4278,HAIDERGARH,HGH,D,NSG6,LKO,NR,BARABANKI,UTTAR PRADESH,
4279,HARAUNI,HRN,E,NSG6,LKO,NR,LUCKNOW,UTTAR PRADESH,
4280,HARCHANDPUR,HCP,E,NSG6,LKO,NR,RAE BARELI,UTTAR PRADESH,
4281,HARPALGANJ,HRPG,E,NSG6,LKO,NR,JAUNPUR,UTTAR PRADESH,
4282,JAFARGANJ,JFG,E,NSG6,LKO,NR,AMBEDKAR NAGAR,UTTAR PRADESH,
4283,JAGESHARGANJ,JGJ,E,NSG6,LKO,NR,PRATAPGARH,UTTAR PRADESH,
4284,JAITIPUR,JTU,E,NSG6,LKO,NR,UNNAO,UTTAR PRADESH,
4285,JALALGANJ,JLL,D,NSG6,LKO,NR,JAUNPUR,UTTAR PRADESH,
4286,JALALPUR-DHAI,JPD,E,NSG6,LKO,NR,RAE BARELI,UTTAR PRADESH,
4287,JUGAUR,JRR,E,NSG6,LKO,NR,LUCKNOW,UTTAR PRADESH,
4288,KANKAHA,KKAH,E,NSG6,LKO,NR,LUCKNOW,UTTAR PRADESH,
4289,"KANPUR LEFT BANK
BRIDGE",CPB,D,NSG6,LKO,NR,UNNAO,UTTAR PRADESH,
4290,KAPSETHI,KEH,E,NSG6,LKO,NR,VARANASI,UTTAR PRADESH,
4291,KASIMPUR HALT,KCJ,F,NSG6,LKO,NR,AMETHI,UTTAR PRADESH,
4292,KATAHRI,KTHE,E,NSG6,LKO,NR,AMBEDKAR NAGAR,UTTAR PRADESH,
4293,KHAJURHAT,KJA,E,NSG6,LKO,NR,AYODHYA,UTTAR PRADESH,
4294,KHALISPUR,KSF,E,NSG6,LKO,NR,VARANASI,UTTAR PRADESH,
4295,KHETA SARAI,KS,E,NSG6,LKO,NR,JAUNPUR,UTTAR PRADESH,
4296,KHUNDAUR,KDF,E,NSG6,LKO,NR,PRATAPGARH,UTTAR PRADESH,
4297,KOIRIPUR,KEPR,E,NSG6,LKO,NR,SULTANPUR,UTTAR PRADESH,
4298,KUNDANGANJ,KVG,E,NSG6,LKO,NR,RAE BARELI,UTTAR PRADESH,
4299,KURBHAR,KBE,E,NSG6,LKO,NR,SULTANPUR,UTTAR PRADESH,
4300,KUSUMBHI,KVX,E,NSG6,LKO,NR,UNNAO,UTTAR PRADESH,
4301,LACHHMANPUR,LMN,E,NSG6,LKO,NR,RAE BARELI,UTTAR PRADESH,
4302,LOHTA,LOT,E,NSG6,LKO,NR,VARANASI,UTTAR PRADESH,
4303,MAA BRAHI Devi DHAM,MBDD,E,NSG6,LKO,NR,PRATAPGARH,UTTAR PRADESH,
4304,MAGARWARA,MGW,E,NSG6,LKO,NR,UNNAO,UTTAR PRADESH,
4305,MAHARANI PACHCHIM,MWP,E,NSG6,LKO,NR,SULTANPUR,UTTAR PRADESH,
4306,MAHGAWAN HALT,MGWN,E,NSG6,LKO,NR,JAUNPUR,UTTAR PRADESH,
4307,MALHOUR,ML,E,NSG6,LKO,NR,LUCKNOW,UTTAR PRADESH,
4308,MANAK NAGAR,MKG,D,NSG6,LKO,NR,LUCKNOW,UTTAR PRADESH,
4309,MASODHA,MSOD,E,NSG6,LKO,NR,AYODHYA,UTTAR PRADESH,
4310,MAU AIMMA,MEM,E,NSG6,LKO,NR,PRAYAGRAJ,UTTAR PRADESH,
4311,MIHRAWAN,MIH,E,NSG6,LKO,NR,JAUNPUR,UTTAR PRADESH,
4312,MISHRAULI,MFL,E,NSG6,LKO,NR,AMETHI,UTTAR PRADESH,
4313,MOHANLALGANJ,MLJ,E,NSG6,LKO,NR,LUCKNOW,UTTAR PRADESH,
4314,MONDH,MOF,E,NSG6,LKO,NR,BHADOHI,UTTAR PRADESH,
4315,NIBHAPUR,NBP,E,NSG6,LKO,NR,JAUNPUR,UTTAR PRADESH,
4316,NIGOHAN,NHN,E,NSG6,LKO,NR,LUCKNOW,UTTAR PRADESH,
4317,PAKHRAULI,PKX,E,NSG6,LKO,NR,SULTANPUR,UTTAR PRADESH,
4318,PARIAWAN KALAKANKAR,PQN,E,NSG6,LKO,NR,PRATAPGARH,UTTAR PRADESH,
4319,PARSIPUR,PRF,E,NSG6,LKO,NR,BHADOHI,UTTAR PRADESH,
4320,PATRANGA,PTH,E,NSG6,LKO,NR,AYODHYA,UTTAR PRADESH,
4321,PIPARPUR,PPU,E,NSG6,LKO,NR,AMETHI,UTTAR PRADESH,
4322,PIPARSAND,POF,E,NSG6,LKO,NR,LUCKNOW,UTTAR PRADESH,
4323,PIRTHIGANJ,PHV,E,NSG6,LKO,NR,PRATAPGARH,UTTAR PRADESH,
4324,PRAYAGRAJ SANGAM,PYGS,E,NSG6,LKO,NR,PRAYAGRAJ,UTTAR PRADESH,
4325,RAGHURAJ SINGH,RRS,E,NSG6,LKO,NR,RAE BARELI,UTTAR PRADESH,
4326,RAHMAT NAGAR,RMNR,E,NSG6,LKO,NR,LUCKNOW,UTTAR PRADESH,
4327,RAM CHAURA ROAD,RMC,E,NSG6,LKO,NR,PRAYAGRAJ,UTTAR PRADESH,
4328,RASAULI,RES,E,NSG6,LKO,NR,BARABANKI,UTTAR PRADESH,
4329,RAUZAGAON,RZN,E,NSG6,LKO,NR,AYODHYA,UTTAR PRADESH,
4330,RUPAMAU,RUM,E,NSG6,LKO,NR,RAE BARELI,UTTAR PRADESH,
4331,SAFDARGANJ,SGJ,E,NSG6,LKO,NR,BARABANKI,UTTAR PRADESH,
4332,SAFEDABAD,SFH,E,NSG6,LKO,NR,BARABANKI,UTTAR PRADESH,
4333,SAIDKHANPUR,SYK,E,NSG6,LKO,NR,BARABANKI,UTTAR PRADESH,
4334,SALARPUR,SLRP,E,NSG6,LKO,NR,AYODHYA,UTTAR PRADESH,
4335,SARAI CHANDI,SYC,E,NSG6,LKO,NR,PRAYAGRAJ,UTTAR PRADESH,
4336,SARAI GOPAL,SPGL,E,NSG6,LKO,NR,PRAYAGRAJ,UTTAR PRADESH,
4337,SARAI HARKHU,SVZ,E,NSG6,LKO,NR,JAUNPUR,UTTAR PRADESH,
4338,SARAI KANSRAI,SQN,E,NSG6,LKO,NR,BHADOHI,UTTAR PRADESH,
4339,SARKONI,SIQ,E,NSG6,LKO,NR,JAUNPUR,UTTAR PRADESH,
4340,SEWAPURI,SWPR,E,NSG6,LKO,NR,VARANASI,UTTAR PRADESH,
4341,SHIUPUR,SOP,E,NSG6,LKO,NR,VARANASI,UTTAR PRADESH,
4342,SHIVNAGAR,SHNG,E,NSG6,LKO,NR,SULTANPUR,UTTAR PRADESH,
4343,SHRIRAJNAGAR,SAGR,E,NSG6,LKO,NR,RAE BARELI,UTTAR PRADESH,
4344,SINDURWA,SYW,E,NSG6,LKO,NR,AMETHI,UTTAR PRADESH,
4345,SIWAITH,SWE,E,NSG6,LKO,NR,PRAYAGRAJ,UTTAR PRADESH,
4346,SOHWAL,SLW,E,NSG6,LKO,NR,AYODHYA,UTTAR PRADESH,
4347,SONIK,SIC,E,NSG6,LKO,NR,UNNAO,UTTAR PRADESH,
4348,SUWANSA,SWS,E,NSG6,LKO,NR,PRATAPGARH,UTTAR PRADESH,
4349,TAKIA,TQA,D,NSG6,LKO,NR,UNNAO,UTTAR PRADESH,
4350,TALAKHAJURI,TLKH,E,NSG6,LKO,NR,SULTANPUR,UTTAR PRADESH,
4351,THARWAI,THW,E,NSG6,LKO,NR,PRAYAGRAJ,UTTAR PRADESH,
4352,TRILOCHAN MAHADEO,TLMD,E,NSG6,LKO,NR,JAUNPUR,UTTAR PRADESH,
4353,TRIVEDIGANJ,TEG,E,NSG6,LKO,NR,BARABANKI,UTTAR PRADESH,
4354,TULSI NAGAR HALT,TLGR,E,NSG6,LKO,NR,SULTANPUR,UTTAR PRADESH,
4355,UBARNI,UBN,E,NSG6,LKO,NR,RAE BARELI,UTTAR PRADESH,
4356,UGRASENPUR,URPR,E,NSG6,LKO,NR,PRAYAGRAJ,UTTAR PRADESH,
4357,ULNA BHARI,ULN,E,NSG6,LKO,NR,AYODHYA,UTTAR PRADESH,
4358,UTRAITIA JN.,UTR,E,NSG6,LKO,NR,LUCKNOW,UTTAR PRADESH,
4359,VYASANAGAR,VYN,E,NSG6,LKO,NR,CHANDAULI,UTTAR PRADESH,
4360,ADHYATMIK NAGAR HALT,AKNR,F,HG3,MB,NR,GHAZIABAD,UTTAR PRADESH,
4361,AMHERA HALT,ARH,F,HG3,MB,NR,BIJNOR,UTTAR PRADESH,
4362,ARSENI,ASI,F,HG3,MB,NR,HARDOI,UTTAR PRADESH,
4363,ATWA KURSATH,ATKS,F,HG3,MB,NR,HARDOI,UTTAR PRADESH,
4364,ATWA MUTHIA HALT,ATW,F,HG3,MB,NR,HARDOI,UTTAR PRADESH,
4365,BAGARPUR HALT,BGRR,F,HG3,MB,NR,BIJNOR,UTTAR PRADESH,
4366,BAHADURPUR,BHDH,F,HG3,MB,NR,SHAHJAHANPUR,UTTAR PRADESH,
4367,BAKAINA HALT,BKNA,F,HG3,MB,NR,BIJNOR,UTTAR PRADESH,
4368,BARADEV,BRDV,F,HG3,MB,NR,UNNAO,UTTAR PRADESH,
4369,BHAKRAULI,BHKL,F,HG3,MB,NR,SAMBHAL,UTTAR PRADESH,
4370,BURMI HALT,BRMX,F,HG3,MB,NR,SITAPUR,UTTAR PRADESH,
4371,CHAKKALI LAI HALT,CKLT,F,HG3,MB,NR,AMROHA,UTTAR PRADESH,
4372,CHANDSARA HALT,CXA,F,HG3,MB,NR,MEERUT,UTTAR PRADESH,
4373,CHAPRAWAT HALT,CHWT,F,HG3,MB,NR,BULANDSHAHR,UTTAR PRADESH,
4374,CHUCHELA KALAN HALT,CLKN,F,HG3,MB,NR,AMROHA,UTTAR PRADESH,
4375,DHARAMPUR HALT,DMPR,F,HG3,MB,NR,BULANDSHAHR,UTTAR PRADESH,
4376,FARHANTNAGAR,FRH,F,HG3,MB,NR,HARDOI,UTTAR PRADESH,
4377,FARHEDI HALT,FRD,F,HG3,MB,NR,MORADABAD,UTTAR PRADESH,
4378,FATEHPUR CHAURASI,FTC,F,HG3,MB,NR,UNNAO,UTTAR PRADESH,
4379,GAJU HALT,GAJU,F,HG3,MB,NR,HARDOI,UTTAR PRADESH,
4380,GANJ MURADABAD,GJMB,F,HG3,MB,NR,UNNAO,UTTAR PRADESH,
4381,GAUNTRA,GNTR,F,HG3,MB,NR,HARDOI,UTTAR PRADESH,
4382,GHAUSGANJ,GSGJ,F,HG3,MB,NR,HARDOI,UTTAR PRADESH,
4383,GHORI HALT,GHRI,F,HG3,MB,NR,SITAPUR,UTTAR PRADESH,
4384,GODHA,GDHA,F,HG3,MB,NR,ALIGARH,UTTAR PRADESH,
4385,JHALRA HALT,JHH,F,HG3,MB,NR,BIJNOR,UTTAR PRADESH,
4386,KAILI,KALI,F,HG3,MB,NR,MEERUT,UTTAR PRADESH,
4387,KARNA,KAR,E,HG3,MB,NR,HARDOI,UTTAR PRADESH,
4388,KASTLA-KASMABAD HALT,KKMB,F,HG3,MB,NR,GHAZIABAD,UTTAR PRADESH,
4389,KHARI - JHALU,KJLU,F,HG3,MB,NR,BIJNOR,UTTAR PRADESH,
4390,KUAKHERA HALT,KZS,F,HG3,MB,NR,MORADABAD,UTTAR PRADESH,
4391,MAJHAULA HALT,MJHL,F,HG3,MB,NR,SAMBHAL,UTTAR PRADESH,
4392,METHI TIKUR,METR,F,HG3,MB,NR,UNNAO,UTTAR PRADESH,
4393,NERI,NERI,F,HG3,MB,NR,SITAPUR,UTTAR PRADESH,
4394,NURNAGAR HALT,NRNR,F,HG3,MB,NR,MEERUT,UTTAR PRADESH,
4395,PATHAKPUR,PHX,F,HG3,MB,NR,SAMBHAL,UTTAR PRADESH,
4396,PATIYARA,PTYR,F,HG3,MB,NR,UNNAO,UTTAR PRADESH,
4397,PURWA KHERA,PRKE,E,HG3,MB,NR,BUDAUN,UTTAR PRADESH,
4398,"SHAHJAHANPUR
KUTCHERY",SXK,F,HG3,MB,NR,SHAHJAHANPUR,UTTAR PRADESH,
4399,SHARMA HALT,SHRM,F,HG3,MB,NR,HARDOI,UTTAR PRADESH,
4400,SHERPUR,SEPR,F,HG3,MB,NR,AMROHA,UTTAR PRADESH,
4401,SIRSI MUKHDUMPUR,SRMP,F,HG3,MB,NR,SAMBHAL,UTTAR PRADESH,
4402,SISAUNA,SISN,F,HG3,MB,NR,BIJNOR,UTTAR PRADESH,
4403,Sitapur Kutchery Halt,STRK,F,HG3,MB,NR,SITAPUR,UTTAR PRADESH,
4404,SUAHERI HALT,SXQ,E,HG3,MB,NR,BIJNOR,UTTAR PRADESH,
4405,SUNEHTI KHARKHARI HA,SNKE,F,HG3,MB,NR,MORADABAD,UTTAR PRADESH,
4406,SUNMAI HALT,SUNM,F,HG3,MB,NR,ALIGARH,UTTAR PRADESH,
4407,UGU,UGU,F,HG3,MB,NR,UNNAO,UTTAR PRADESH,
4408,HARIDWAR JN.,HW,A1,NSG2,MB,NR,HARIDWAR,UTTARAKHAND,
4409,BAREILLY JN.,BE,A1,NSG3,MB,NR,BAREILLY,UTTAR PRADESH,
4410,DEHRA DUN,DDN,A1,NSG3,MB,NR,DEHRADUN,UTTARAKHAND,
4411,HARDOI,HRI,A,NSG3,MB,NR,HARDOI,UTTAR PRADESH,
4412,MORADABAD JN.,MB,A,NSG3,MB,NR,MORADABAD,UTTAR PRADESH,
4413,ROORKEE,RK,A,NSG3,MB,NR,HARIDWAR,UTTARAKHAND,
4414,SHAHJAHANPUR JN.,SPN,A,NSG3,MB,NR,SHAHJAHANPUR,UTTAR PRADESH,
4415,AMROHA,AMRO,B,NSG4,MB,NR,AMROHA,UTTAR PRADESH,
4416,CHANDAUSI JN.,CH,A,NSG4,MB,NR,SAMBHAL,UTTAR PRADESH,
4417,HAPUR JN.,HPU,A,NSG4,MB,NR,HAPUR,UTTAR PRADESH,
4418,NAJIBABAD JN.,NBD,E,NSG4,MB,NR,BIJNOR,UTTAR PRADESH,
4419,RAMPUR,RMU,A,NSG4,MB,NR,RAMPUR,UTTAR PRADESH,
4420,ANJI SHAHABAD,AJI,D,NSG5,MB,NR,HARDOI,UTTAR PRADESH,
4421,AONLA,AO,D,NSG5,MB,NR,BAREILLY,UTTAR PRADESH,
4422,BABRALA,BBA,D,NSG5,MB,NR,SAMBHAL,UTTAR PRADESH,
4423,BALAMAU JN.,BLM,D,NSG5,MB,NR,HARDOI,UTTAR PRADESH,
4424,BIJNOR,BJO,D,NSG5,MB,NR,BIJNOR,UTTAR PRADESH,
4425,BISHARATGANJ,BTG,D,NSG5,MB,NR,BAREILLY,UTTAR PRADESH,
4426,BULANDSHAHR,BSC,D,NSG5,MB,NR,BULANDSHAHR,UTTAR PRADESH,
4427,CHANDPUR SIAU HALT,CPS,D,NSG5,MB,NR,BIJNOR,UTTAR PRADESH,
4428,DABTARA,DUB,D,NSG5,MB,NR,BUDAUN,UTTAR PRADESH,
4429,DHAMPUR .,DPR,D,NSG5,MB,NR,BIJNOR,UTTAR PRADESH,
4430,GAJRAULA JN.,GJL,D,NSG5,MB,NR,AMROHA,UTTAR PRADESH,
4431,GARHMUKTESAR,GMS,D,NSG5,MB,NR,HAPUR,UTTAR PRADESH,
4432,HALDAUR,HLDR,D,NSG5,MB,NR,BIJNOR,UTTAR PRADESH,
4433,KOTDWARA,KTW,D,NSG5,MB,NR,PAURI GARHWAL,UTTARAKHAND,
4434,LAKSAR JN.,LRJ,B,NSG5,MB,NR,HARIDWAR,UTTARAKHAND,
4435,NAGINA,NGG,D,NSG5,MB,NR,BIJNOR,UTTAR PRADESH,
4436,PILKHUA,PKW,D,NSG5,MB,NR,HAPUR,UTTAR PRADESH,
4437,PITAMBARPUR,PMR,D,NSG5,MB,NR,BAREILLY,UTTAR PRADESH,
4438,RAIWALA JN.,RWL,B,NSG5,MB,NR,DEHRADUN,UTTARAKHAND,
4439,RISHIKESH,RKSH,B,NSG5,MB,NR,DEHRADUN,UTTARAKHAND,
4440,SANDILA,SAN,D,NSG5,MB,NR,HARDOI,UTTAR PRADESH,
4441,SEOHARA,SEO,D,NSG5,MB,NR,BIJNOR,UTTAR PRADESH,
4442,SITAPUR CITY JN,SPC,D,NSG5,MB,NR,SITAPUR,UTTAR PRADESH,
4443,TILHAR,TLH,D,NSG5,MB,NR,SHAHJAHANPUR,UTTAR PRADESH,
4444,YOG N RISHIKESH,YNRK,NA,NSG5,MB,NR,DEHRADUN,UTTARAKHAND,
4445,AGHWANPUR,AWP,E,NSG6,MB,NR,MORADABAD,UTTAR PRADESH,
4446,AIGAWAN,AIG,E,NSG6,MB,NR,HARDOI,UTTAR PRADESH,
4447,AITHAL,ATMO,E,NSG6,MB,NR,HARIDWAR,UTTARAKHAND,
4448,ASAFPUR,AFR,D,NSG6,MB,NR,BUDAUN,UTTAR PRADESH,
4449,ATRAULI ROAD,AUR,E,NSG6,MB,NR,ALIGARH,UTTAR PRADESH,
4450,BABUGARH,BBO,E,NSG6,MB,NR,HAPUR,UTTAR PRADESH,
4451,BAGHAULI,BGH,E,NSG6,MB,NR,HARDOI,UTTAR PRADESH,
4452,BAHJOI,BJ,E,NSG6,MB,NR,SAMBHAL,UTTAR PRADESH,
4453,BALAWALI,BLW,E,NSG6,MB,NR,BIJNOR,UTTAR PRADESH,
4454,BALIAKHERI,BAE,E,NSG6,MB,NR,SAHARANPUR,UTTAR PRADESH,
4455,BANGARMAU,BGMU,E,NSG6,MB,NR,UNNAO,UTTAR PRADESH,
4456,BANTHRA,BTRA,E,NSG6,MB,NR,SHAHJAHANPUR,UTTAR PRADESH,
4457,BARAL,BARL,E,NSG6,MB,NR,BULANDSHAHR,UTTAR PRADESH,
4458,BAREILLY CANTT. Jn.,BRYC,E,NSG6,MB,NR,BAREILLY,UTTAR PRADESH,
4459,BASI KIRATPUR,BSKR,E,NSG6,MB,NR,BIJNOR,UTTAR PRADESH,
4460,BEHTAGOKAL,BEG,E,NSG6,MB,NR,HARDOI,UTTAR PRADESH,
4461,BENIGANJ,BEJ,E,NSG6,MB,NR,HARDOI,UTTAR PRADESH,
4462,BHITAURA,BTO,E,NSG6,MB,NR,BAREILLY,UTTAR PRADESH,
4463,BILPUR,BLPU,E,NSG6,MB,NR,BAREILLY,UTTAR PRADESH,
4464,BUNDKI,BEK,E,NSG6,MB,NR,BIJNOR,UTTAR PRADESH,
4465,CHAKRAJ MAL,CAJ,E,NSG6,MB,NR,BIJNOR,UTTAR PRADESH,
4466,CHANDOK,CNK,E,NSG6,MB,NR,BIJNOR,UTTAR PRADESH,
4467,CHODIALA,CDL,E,NSG6,MB,NR,HARIDWAR,UTTARAKHAND,
4468,CLUTTERBUCKGANJ,CBJ,E,NSG6,MB,NR,BAREILLY,UTTAR PRADESH,
4469,DALELNAGAR,DLQ,E,NSG6,MB,NR,HARDOI,UTTAR PRADESH,
4470,DALPATPUR,DLP,E,NSG6,MB,NR,MORADABAD,UTTAR PRADESH,
4471,DANDHERA,DNRA,E,NSG6,MB,NR,HARIDWAR,UTTARAKHAND,
4472,DASNA,DS,E,NSG6,MB,NR,GHAZIABAD,UTTAR PRADESH,
4473,DAUSNI,DSNI,E,NSG6,MB,NR,HARIDWAR,UTTARAKHAND,
4474,DHAMORA,DAM,E,NSG6,MB,NR,RAMPUR,UTTAR PRADESH,
4475,DHANARI,DN,E,NSG6,MB,NR,SAMBHAL,UTTAR PRADESH,
4476,DHANETA,DAN,E,NSG6,MB,NR,BAREILLY,UTTAR PRADESH,
4477,DIBAI,DIB,E,NSG6,MB,NR,BULANDSHAHR,UTTAR PRADESH,
4478,DILAWARNAGAR,DIL,E,NSG6,MB,NR,LUCKNOW,UTTAR PRADESH,
4479,DOIWALA,DWO,E,NSG6,MB,NR,DEHRADUN,UTTARAKHAND,
4480,DUGANPUR,DUN,E,NSG6,MB,NR,RAMPUR,UTTAR PRADESH,
4481,FAZALPUR,FZL,E,NSG6,MB,NR,BIJNOR,UTTAR PRADESH,
4482,GARHMUKTESAR BRIDGE,GGB,E,NSG6,MB,NR,HAPUR,UTTAR PRADESH,
4483,GULAOTHI,GLH,E,NSG6,MB,NR,BULANDSHAHR,UTTAR PRADESH,
4484,GUMTHAL,GTF,E,NSG6,MB,NR,SAMBHAL,UTTAR PRADESH,
4485,HABIBWALA,HBW,E,NSG6,MB,NR,BIJNOR,UTTAR PRADESH,
4486,HAFIZPUR,HZR,E,NSG6,MB,NR,HAPUR,UTTAR PRADESH,
4487,HAKIMPUR,HKP,E,NSG6,MB,NR,MORADABAD,UTTAR PRADESH,
4488,HARRAWALA,HRW,E,NSG6,MB,NR,DEHRADUN,UTTARAKHAND,
4489,HARTHALA,HRH,E,NSG6,MB,NR,MORADABAD,UTTAR PRADESH,
4490,HEMPUR,HMP,E,NSG6,MB,NR,SITAPUR,UTTAR PRADESH,
4491,IKKAR HALT,IKK,E,NSG6,MB,NR,HARIDWAR,UTTARAKHAND,
4492,IQBALPUR,IQB,E,NSG6,MB,NR,HARIDWAR,UTTARAKHAND,
4493,JAHANIKHERA HALT,JKH,E,NSG6,MB,NR,HARDOI,UTTAR PRADESH,
4494,JARGAON,JRJ,E,NSG6,MB,NR,MORADABAD,UTTAR PRADESH,
4495,JUNG BAHADURGANJ,JBG,E,NSG6,MB,NR,KHERI,UTTAR PRADESH,
4496,JWALAPUR,JWP,D,NSG6,MB,NR,HARIDWAR,UTTARAKHAND,
4497,KAFURPUR,KFPR,E,NSG6,MB,NR,AMROHA,UTTAR PRADESH,
4498,KAHILIA,KH,E,NSG6,MB,NR,SHAHJAHANPUR,UTTAR PRADESH,
4499,KAILSA,KIV,E,NSG6,MB,NR,AMROHA,UTTAR PRADESH,
4500,KAKORI,KKJ,E,NSG6,MB,NR,LUCKNOW,UTTAR PRADESH,
4501,KANKATHER,KHE,E,NSG6,MB,NR,AMROHA,UTTAR PRADESH,
4502,KANSRAO,QSR,NA,NSG6,MB,NR,DEHRADUN,UTTARAKHAND,
4503,KANTH,KNT,D,NSG6,MB,NR,MORADABAD,UTTAR PRADESH,
4504,KARENGI,KEG,E,NSG6,MB,NR,BUDAUN,UTTAR PRADESH,
4505,KATGHAR,KGF,E,NSG6,MB,NR,MORADABAD,UTTAR PRADESH,
4506,KAURAH,KUF,E,NSG6,MB,NR,HARDOI,UTTAR PRADESH,
4507,KHARKHAUDA,KXK,E,NSG6,MB,NR,MEERUT,UTTAR PRADESH,
4508,KHURJA CITY,KJY,E,NSG6,MB,NR,BULANDSHAHR,UTTAR PRADESH,
4509,KUCHESAR ROAD,QXR,E,NSG6,MB,NR,HAPUR,UTTAR PRADESH,
4510,KUNDARKHI,KD,E,NSG6,MB,NR,MORADABAD,UTTAR PRADESH,
4511,LANDAURA,LDR,E,NSG6,MB,NR,HARIDWAR,UTTARAKHAND,
4512,LODIPUR BISHENPUR HA,LDP,E,NSG6,MB,NR,MORADABAD,UTTAR PRADESH,
4513,MACHARIYA,MCV,E,NSG6,MB,NR,MORADABAD,UTTAR PRADESH,
4514,MADHOGANJ,MAH,E,NSG6,MB,NR,HARDOI,UTTAR PRADESH,
4515,MAHESRA HALT,MHHR,E,NSG6,MB,NR,AMROHA,UTTAR PRADESH,
4516,MAHOLI,MAHO,E,NSG6,MB,NR,SITAPUR,UTTAR PRADESH,
4517,MAHRAULI,MFH,E,NSG6,MB,NR,GHAZIABAD,UTTAR PRADESH,
4518,MAIKALGANJ,MINJ,E,NSG6,MB,NR,KHERI,UTTAR PRADESH,
4519,MAKHI,MKHI,E,NSG6,MB,NR,UNNAO,UTTAR PRADESH,
4520,MALIHABAD,MLD,E,NSG6,MB,NR,LUCKNOW,UTTAR PRADESH,
4521,MALLANWAN,MLW,E,NSG6,MB,NR,HARDOI,UTTAR PRADESH,
4522,MANDI DHANAURA,MNDR,E,NSG6,MB,NR,AMROHA,UTTAR PRADESH,
4523,MASIT,MST,E,NSG6,MB,NR,HARDOI,UTTAR PRADESH,
4524,MATLABPUR,MTB,E,NSG6,MB,NR,MORADABAD,UTTAR PRADESH,
4525,MEWA NAWADA,MWE,E,NSG6,MB,NR,BIJNOR,UTTAR PRADESH,
4526,MILAK,MIL,E,NSG6,MB,NR,RAMPUR,UTTAR PRADESH,
4527,MIRANPUR KATRA,MK,E,NSG6,MB,NR,SHAHJAHANPUR,UTTAR PRADESH,
4528,MISRIKH TIRATH,MSTH,E,NSG6,MB,NR,SITAPUR,UTTAR PRADESH,
4529,MOTICHUR,MOTC,D,NSG6,MB,NR,HARIDWAR,UTTARAKHAND,
4530,MUAZZAMPUR NARAIN JN,MZM,E,NSG6,MB,NR,BIJNOR,UTTAR PRADESH,
4531,MUNDHA PANDEY,MPH,E,NSG6,MB,NR,MORADABAD,UTTAR PRADESH,
4532,MURSHADPUR,MSDR,E,NSG6,MB,NR,BIJNOR,UTTAR PRADESH,
4533,NAGARIA SADAT,NRS,E,NSG6,MB,NR,BAREILLY,UTTAR PRADESH,
4534,NAIMISHARANYA,NM,E,NSG6,MB,NR,SITAPUR,UTTAR PRADESH,
4535,NISOI,NSU,E,NSG6,MB,NR,BAREILLY,UTTAR PRADESH,
4536,PARSA KHERA,PKRA,E,NSG6,MB,NR,BAREILLY,UTTAR PRADESH,
4537,PATHRI,PRI,E,NSG6,MB,NR,HARIDWAR,UTTARAKHAND,
4538,PURAINI,PNI,E,NSG6,MB,NR,BIJNOR,UTTAR PRADESH,
4539,RAHIMABAD,RBD,E,NSG6,MB,NR,LUCKNOW,UTTAR PRADESH,
4540,RAISI,RSI,E,NSG6,MB,NR,HARIDWAR,UTTARAKHAND,
4541,RAJA-KA-SAHASPUR JN.,RJK,B,NSG6,MB,NR,MORADABAD,UTTAR PRADESH,
4542,RAJGHAT NARORA,RG,D,NSG6,MB,NR,BULANDSHAHR,UTTAR PRADESH,
4543,RAMGANGA,RGB,E,NSG6,MB,NR,BAREILLY,UTTAR PRADESH,
4544,RAMKOT,RAK,E,NSG6,MB,NR,SITAPUR,UTTAR PRADESH,
4545,RASUIYA,RYS,E,NSG6,MB,NR,BAREILLY,UTTAR PRADESH,
4546,REOTI BAHORA KHERA,RBK,E,NSG6,MB,NR,BAREILLY,UTTAR PRADESH,
4547,ROZA JN.,RAC,D,NSG6,MB,NR,SHAHJAHANPUR,UTTAR PRADESH,
4548,SAFIPUR,SFPR,E,NSG6,MB,NR,UNNAO,UTTAR PRADESH,
4549,SAMBAHAL HATIM SARAI,SHTS,E,NSG6,MB,NR,SAMBHAL,UTTAR PRADESH,
4550,SANEH ROAD,SNX,E,NSG6,MB,NR,BIJNOR,UTTAR PRADESH,
4551,SHAHJAD NAGAR,SAR,E,NSG6,MB,NR,RAMPUR,UTTAR PRADESH,
4552,SIMBHAULI,SMBL,E,NSG6,MB,NR,HAPUR,UTTAR PRADESH,
4553,SISARKA,SSKA,E,NSG6,MB,NR,BUDAUN,UTTAR PRADESH,
4554,TISUA,TSA,E,NSG6,MB,NR,BAREILLY,UTTAR PRADESH,
4555,TODARPUR,TDP,E,NSG6,MB,NR,HARDOI,UTTAR PRADESH,
4556,UMAR TALI,UTA,E,NSG6,MB,NR,HARDOI,UTTAR PRADESH,
4557,UNCHAULIA,UCH,E,NSG6,MB,NR,KHERI,UTTAR PRADESH,
4558,VIRBHADRA HALT,VRH,F,NSG6,MB,NR,DEHRADUN,UTTARAKHAND,
4559,SAMRALA,SMRL,E,HG2,UMB,NR,LUDHIANA,PUNJAB,
4560,TANDWAL,TDW,F,HG2,UMB,NR,AMBALA,HARYANA,
4561,BAHAWAL BASI,BFE,F,HG3,UMB,NR,FAZILKA,PUNJAB,
4562,BAHMAN DIWANA,BWX,F,HG3,UMB,NR,BATHINDA,PUNJAB,
4563,BAKAYANWALA,BKWA,F,HG3,UMB,NR,FAZILKA,PUNJAB,
4564,BHANUPLI HALT,BNLY,F,HG3,UMB,NR,RUPNAGAR,PUNJAB,
4565,BHARUR HALT,BZ,F,HG3,UMB,NR,SANGRUR,PUNJAB,
4566,DAULATPUR HARYANA,DULP,F,HG3,UMB,NR,HISAR,HARYANA,
4567,GAJUWALA HALT,GJW,F,HG3,UMB,NR,FATEHABAD,HARYANA,
4568,GHUNAS HALT,GUNS,E,HG3,UMB,NR,BARNALA,PUNJAB,
4569,KAKRALA HALT,KKRL,F,HG3,UMB,NR,PATIALA,PUNJAB,
4570,KHAMANON,KMNN,E,HG3,UMB,NR,FATEHGARH SAHIB,PUNJAB,
4571,KILANWALI PUNJAB,KLWL,E,HG3,UMB,NR,FAZILKA,PUNJAB,
4572,KOTHA PAKKI HALT,KTPK,F,HG3,UMB,NR,GANGANAGAR,RAJASTHAN,
4573,KUDNI,KUDN,F,HG3,UMB,NR,FATEHABAD,HARYANA,
4574,LAL KALAN,LLKN,E,HG3,UMB,NR,LUDHIANA,PUNJAB,
4575,MOHANPURA HALT,MOPR,F,HG3,UMB,NR,GANGANAGAR,RAJASTHAN,
4576,ORKI HALT,ORKI,F,HG3,UMB,NR,GANGANAGAR,RAJASTHAN,
4577,PANOH,PH,F,HG3,UMB,NR,UNA,HIMACHAL PRADESH,
4578,PATIALA CANT.,PTE,F,HG3,UMB,NR,PATIALA,PUNJAB,
4579,PIRTHALA LALAUDA,PLT,F,HG3,UMB,NR,FATEHABAD,HARYANA,
4580,ROHIRA GHALLUGHARA H,RHW,E,HG3,UMB,NR,SANGRUR,PUNJAB,
4581,AMBALA CANTT. JN.,UMB,A1,NSG2,UMB,NR,AMBALA,HARYANA,
4582,CHANDIGARH,CDG,A1,NSG2,UMB,NR,CHANDIGARH,CHANDIGARH,
4583,BATHINDA JN.,BTI,A,NSG3,UMB,NR,BATHINDA,PUNJAB,
4584,KALKA,KLK,A,NSG3,UMB,NR,PANCHKULA,HARYANA,
4585,SAHARANPUR JN.,SRE,A,NSG3,UMB,NR,SAHARANPUR,UTTAR PRADESH,
4586,ABOHAR,ABS,B,NSG4,UMB,NR,FAZILKA,PUNJAB,
4587,PATIALA,PTA,A,NSG4,UMB,NR,PATIALA,PUNJAB,
4588,RAJPURA JN.,RPJ,A,NSG4,UMB,NR,PATIALA,PUNJAB,
4589,SIRHIND JN.,SIR,A,NSG4,UMB,NR,FATEHGARH SAHIB,PUNJAB,
4590,AMB ANDAURA,AADR,E,NSG5,UMB,NR,UNA,HIMACHAL PRADESH,
4591,AMBALA CITY,UBC,D,NSG5,UMB,NR,AMBALA,HARYANA,
4592,ANANDPUR SAHIB,ANSB,D,NSG5,UMB,NR,RUPNAGAR,PUNJAB,
4593,BARARA,RAA,D,NSG5,UMB,NR,AMBALA,HARYANA,
4594,BARNALA,BNN,D,NSG5,UMB,NR,BARNALA,PUNJAB,
4595,DHURI JN.,DUI,D,NSG5,UMB,NR,SANGRUR,PUNJAB,
4596,GIDDARBAHA,GDB,D,NSG5,UMB,NR,SRI MUKTSAR SAHIB,PUNJAB,
4597,JAGADHRI WORKSHOP,JUDW,D,NSG5,UMB,NR,YAMUNANAGAR,HARYANA,
4598,KHANNA,KNN,D,NSG5,UMB,NR,LUDHIANA,PUNJAB,
4599,MALERKOTLA,MET,D,NSG5,UMB,NR,SANGRUR,PUNJAB,
4600,MALOUT,MOT,D,NSG5,UMB,NR,SRI MUKTSAR SAHIB,PUNJAB,
4601,MANDI GOBIND GARH,GVG,D,NSG5,UMB,NR,FATEHGARH SAHIB,PUNJAB,
4602,NABHA,NBA,D,NSG5,UMB,NR,PATIALA,PUNJAB,
4603,NANGAL DAM,NLDM,D,NSG5,UMB,NR,RUPNAGAR,PUNJAB,
4604,RAMPURA PHUL,PUL,D,NSG5,UMB,NR,BATHINDA,PUNJAB,
4605,ROOP NAGAR,RPAR,D,NSG5,UMB,NR,RUPNAGAR,PUNJAB,
4606,SAHIBZADA AJITSINGH,SASN,E,NSG5,UMB,NR,RUPNAGAR,PUNJAB,
4607,SANGRUR,SAG,D,NSG5,UMB,NR,SANGRUR,PUNJAB,
4608,SHIMLA,SML,D,NSG5,UMB,NR,SHIMLA,HIMACHAL PRADESH,
4609,SUNAM UDHAM S W,SFMU,D,NSG5,UMB,NR,SANGRUR,PUNJAB,
4610,UNA HIMACHAL,UHL,B,NSG5,UMB,NR,UNA,HIMACHAL PRADESH,
4611,YAMUNANAGAR JUD,YJUD,A,NSG5,UMB,NR,YAMUNANAGAR,HARYANA,
4612,AHMED GARH,AHH,E,NSG6,UMB,NR,SANGRUR,PUNJAB,
4613,ALAL,ALAL,E,NSG6,UMB,NR,SANGRUR,PUNJAB,
4614,BAHADUR SINGH WALA,BSS,E,NSG6,UMB,NR,SANGRUR,PUNJAB,
4615,BAROG,BOF,E,NSG6,UMB,NR,SOLAN,HIMACHAL PRADESH,
4616,BARWALA,BXC,E,NSG6,UMB,NR,HISAR,HARYANA,
4617,BASSI PATHANAN,BSPN,E,NSG6,UMB,NR,FATEHGARH SAHIB,PUNJAB,
4618,BATHINDA CANTT.,BTIC,E,NSG6,UMB,NR,BATHINDA,PUNJAB,
4619,BHARATGARH,BARJ,E,NSG6,UMB,NR,RUPNAGAR,PUNJAB,
4620,BHUCHCHU,BCU,E,NSG6,UMB,NR,BATHINDA,PUNJAB,
4621,BULLUANA,BHX,E,NSG6,UMB,NR,BATHINDA,PUNJAB,
4622,CHAJLI,CJL,E,NSG6,UMB,NR,SANGRUR,PUNJAB,
4623,CHANDI MANDIR,CNDM,D,NSG6,UMB,NR,PANCHKULA,HARYANA,
4624,CHAWAPAIL,CHA,E,NSG6,UMB,NR,LUDHIANA,PUNJAB,
4625,CHHINTANWALA,CTW,E,NSG6,UMB,NR,PATIALA,PUNJAB,
4626,CHINTPURNI MARG,CHMG,NEW,NSG6,UMB,NR,UNA,HIMACHAL PRADESH,
4627,CHURARU TAKARLA,CHTL,E,NSG6,UMB,NR,UNA,HIMACHAL PRADESH,
4628,DAPPER,DHPR,E,NSG6,UMB,NR,S.A.S NAGAR,PUNJAB,
4629,DARAZPUR,DZP,E,NSG6,UMB,NR,YAMUNANAGAR,HARYANA,
4630,DAULATPUR CHAUK,DLPC,E,NSG6,UMB,NR,UNA,HIMACHAL PRADESH,
4631,DAUN KALAN,DOC,E,NSG6,UMB,NR,PATIALA,PUNJAB,
4632,DHABLAN,DBN,E,NSG6,UMB,NR,PATIALA,PUNJAB,
4633,DHANSU,DNX,E,NSG6,UMB,NR,HISAR,HARYANA,
4634,DHARAMPUR HIMACHAL,DMP,E,NSG6,UMB,NR,SOLAN,HIMACHAL PRADESH,
4635,DHULKOT,DKT,E,NSG6,UMB,NR,AMBALA,HARYANA,
4636,DORAHA,DOA,E,NSG6,UMB,NR,LUDHIANA,PUNJAB,
4637,DUKHERI,DOKY,E,NSG6,UMB,NR,AMBALA,HARYANA,
4638,FAQARSAR,FSR,E,NSG6,UMB,NR,SRI MUKTSAR SAHIB,PUNJAB,
4639,FATEHGARH SAHIB,FGSB,E,NSG6,UMB,NR,FATEHGARH SAHIB,PUNJAB,
4640,FATUHI,FTH,E,NSG6,UMB,NR,GANGANAGAR,RAJASTHAN,
4641,GHAGGHAR,GHG,E,NSG6,UMB,NR,S.A.S NAGAR,PUNJAB,
4642,GHANAULI,GANL,E,NSG6,UMB,NR,RUPNAGAR,PUNJAB,
4643,GILL,GILL,E,NSG6,UMB,NR,LUDHIANA,PUNJAB,
4644,GOVINDGARH KHOKHAR,GGKR,E,NSG6,UMB,NR,SANGRUR,PUNJAB,
4645,GUMMAN,GMM,E,NSG6,UMB,NR,SOLAN,HIMACHAL PRADESH,
4646,GURNAY,GRN,E,NSG6,UMB,NR,SANGRUR,PUNJAB,
4647,HADIAYA,HYA,E,NSG6,UMB,NR,BARNALA,PUNJAB,
4648,HIMMATANA,HMI,E,NSG6,UMB,NR,SANGRUR,PUNJAB,
4649,HINDUMALKOTE,HMK,E,NSG6,UMB,NR,GANGANAGAR,RAJASTHAN,
4650,JAMALPUR SHAIKHAN,JPS,E,NSG6,UMB,NR,FARIDABAD,HARYANA,
4651,JETHUKE,JHK,E,NSG6,UMB,NR,BATHINDA,PUNJAB,
4652,JUTOGH,JTO,E,NSG6,UMB,NR,SHIMLA,HIMACHAL PRADESH,
4653,KALANOUR,KNZ,E,NSG6,UMB,NR,YAMUNANAGAR,HARYANA,
4654,KANDAGHAT,KDZ,E,NSG6,UMB,NR,SOLAN,HIMACHAL PRADESH,
4655,KANOH,KANO,E,NSG6,UMB,NR,SOLAN,HIMACHAL PRADESH,
4656,KATHLEEGHAT,KEJ,E,NSG6,UMB,NR,SOLAN,HIMACHAL PRADESH,
4657,KAULI,KLI,E,NSG6,UMB,NR,PATIALA,PUNJAB,
4658,KAULSERI,KLSX,E,NSG6,UMB,NR,SANGRUR,PUNJAB,
4659,KESRI,KES,E,NSG6,UMB,NR,AMBALA,HARYANA,
4660,KHARAR,KARR,E,NSG6,UMB,NR,S.A.S NAGAR,PUNJAB,
4661,KILA RAIPUR,QRP,E,NSG6,UMB,NR,LUDHIANA,PUNJAB,
4662,KIRATPUR SAHIB,KART,D,NSG6,UMB,NR,RUPNAGAR,PUNJAB,
4663,KOTI,KOTI,E,NSG6,UMB,NR,SOLAN,HIMACHAL PRADESH,
4664,KUMARHATTI DAGSHAI,KMTI,E,NSG6,UMB,NR,SOLAN,HIMACHAL PRADESH,
4665,KUP,KUP,E,NSG6,UMB,NR,SANGRUR,PUNJAB,
4666,KURALI,KRLI,D,NSG6,UMB,NR,S.A.S NAGAR,PUNJAB,
4667,LALRU,LLU,E,NSG6,UMB,NR,S.A.S NAGAR,PUNJAB,
4668,LEHRA GAGA,LHA,E,NSG6,UMB,NR,SANGRUR,PUNJAB,
4669,LEHRA MUHABBAT,LHM,E,NSG6,UMB,NR,BATHINDA,PUNJAB,
4670,MIANPUR,MNPR,E,NSG6,UMB,NR,RUPNAGAR,PUNJAB,
4671,MORINDA,MRND,E,NSG6,UMB,NR,RUPNAGAR,PUNJAB,
4672,MUSTAFABAD,MFB,E,NSG6,UMB,NR,YAMUNANAGAR,HARYANA,
4673,NEW MORINDA,NMDA,E,NSG6,UMB,NR,RUPNAGAR,PUNJAB,
4674,NOGANWAN,NGWN,E,NSG6,UMB,NR,FATEHGARH SAHIB,PUNJAB,
4675,PAKKI,PKK,E,NSG6,UMB,NR,SRI MUKTSAR SAHIB,PUNJAB,
4676,PANJ-KOSI,PJK,E,NSG6,UMB,NR,FAZILKA,PUNJAB,
4677,PILKHANI,PKY,E,NSG6,UMB,NR,SAHARANPUR,UTTAR PRADESH,
4678,RAI MAIHATPUR,MTPR,E,NSG6,UMB,NR,UNA,HIMACHAL PRADESH,
4679,RAIPUR HARYANA,RPHR,E,NSG6,UMB,NR,HISAR,HARYANA,
4680,SADHOO GARH,SDY,E,NSG6,UMB,NR,FATEHGARH SAHIB,PUNJAB,
4681,SALOGRA,SLR,E,NSG6,UMB,NR,SOLAN,HIMACHAL PRADESH,
4682,SAMBHU,SMU,E,NSG6,UMB,NR,PATIALA,PUNJAB,
4683,SARAI BANJARA,SBJ,E,NSG6,UMB,NR,PATIALA,PUNJAB,
4684,SARSAWA,SSW,E,NSG6,UMB,NR,SAHARANPUR,UTTAR PRADESH,
4685,SEKHA,SEQ,E,NSG6,UMB,NR,BARNALA,PUNJAB,
4686,SHOGHI,SGS,E,NSG6,UMB,NR,SHIMLA,HIMACHAL PRADESH,
4687,SOLAN,SOL,E,NSG6,UMB,NR,SOLAN,HIMACHAL PRADESH,
4688,SONWARA,SWO,E,NSG6,UMB,NR,SOLAN,HIMACHAL PRADESH,
4689,SUMMER HILL,SHZ,E,NSG6,UMB,NR,SHIMLA,HIMACHAL PRADESH,
4690,TAKSAL,TSL,E,NSG6,UMB,NR,SOLAN,HIMACHAL PRADESH,
4691,TAPA,TAPA,D,NSG6,UMB,NR,BARNALA,PUNJAB,
4692,TARADEVI,TVI,E,NSG6,UMB,NR,SHIMLA,HIMACHAL PRADESH,
4693,UKLANA,UKN,E,NSG6,UMB,NR,HISAR,HARYANA,
4694,DEVGARH MADARIYA,DOHM,F,HG2,AII,NWR,RAJSAMAND,RAJASTHAN,
4695,KANKROLI,KDL,F,HG2,AII,NWR,RAJSAMAND,RAJASTHAN,
4696,BANGURGRAM,BNGM,E,HG3,AII,NWR,AJMER,RAJASTHAN,
4697,BANSI BOHERA,BYE,F,HG3,AII,NWR,CHITTORGARH,RAJASTHAN,
4698,BEJNAL,BJN,F,HG3,AII,NWR,RAJSAMAND,RAJASTHAN,
4699,BHINDAR,BNNR,F,HG3,AII,NWR,UDAIPUR,RAJASTHAN,
4700,BHOJRAS,BHAS,F,HG3,AII,NWR,BHILWARA,RAJASTHAN,
4701,BUDHA PUSHKAR HALT,BPKH,F,HG3,AII,NWR,AJMER,RAJASTHAN,
4702,DET,DET,E,HG3,AII,NWR,CHITTORGARH,RAJASTHAN,
4703,DHUWALA,DWL,E,HG3,AII,NWR,BHILWARA,RAJASTHAN,
4704,DOLAJIKA KHERA,DJKR,F,HG3,AII,NWR,RAJSAMAND,RAJASTHAN,
4705,GORAM GHAT,GGO,F,HG3,AII,NWR,RAJSAMAND,RAJASTHAN,
4706,JAGABOR,JO,F,HG3,AII,NWR,DUNGARPUR,RAJASTHAN,
4707,KANOR,KFN,F,HG3,AII,NWR,UDAIPUR,RAJASTHAN,
4708,KHARA KAMERI,KRKM,F,HG3,AII,NWR,RAJSAMAND,RAJASTHAN,
4709,KHERODA,KHW,F,HG3,AII,NWR,UDAIPUR,RAJASTHAN,
4710,KOTANA,KTOA,F,HG3,AII,NWR,DUNGARPUR,RAJASTHAN,
4711,KUANRIYA,KXA,E,HG3,AII,NWR,RAJSAMAND,RAJASTHAN,
4712,KUNDALGARH,KDLG,F,HG3,AII,NWR,UDAIPUR,RAJASTHAN,
4713,KUWANTHAL,KUTL,F,HG3,AII,NWR,AJMER,RAJASTHAN,
4714,LAWA-SARDARGARH,LSG,F,HG3,AII,NWR,RAJSAMAND,RAJASTHAN,
4715,MAKARWADI HALT,MKWI,F,HG3,AII,NWR,AJMER,RAJASTHAN,
4716,MARWAR RANAWAS,MRWS,F,HG3,AII,NWR,PALI,RAJASTHAN,
4717,NETAWAL,NTWL,F,HG3,AII,NWR,CHITTORGARH,RAJASTHAN,
4718,PADLA,PDQ,F,HG3,AII,NWR,UDAIPUR,RAJASTHAN,
4719,SEMARI,SES,E,HG3,AII,NWR,UDAIPUR,RAJASTHAN,
4720,SHALASHAH THANA,SHLT,A,HG3,AII,NWR,BANAS KANTHA,GUJARAT,
4721,SHAMLAJI ROAD,SJS,F,HG3,AII,NWR,SABAR KANTHA,GUJARAT,
4722,SHRI BHAVNATH,SBHN,A,HG3,AII,NWR,DUNGARPUR,RAJASTHAN,
4723,SONIANA,SNYN,E,HG3,AII,NWR,BHILWARA,RAJASTHAN,
4724,SUNAK,SUC,A,HG3,AII,NWR,SABAR KANTHA,GUJARAT,
4725,SUR KHND KHERA,SZK,F,HG3,AII,NWR,UDAIPUR,RAJASTHAN,
4726,THAMLA MOGANA,TMGN,F,HG3,AII,NWR,UDAIPUR,RAJASTHAN,
4727,VALLABHNAGAR,VBN,F,HG3,AII,NWR,UDAIPUR,RAJASTHAN,
4728,VIRAVADA HALT,VRV,F,HG3,AII,NWR,SABAR KANTHA,GUJARAT,
4729,AJMER JN.,AII,A1,NSG2,AII,NWR,AJMER,RAJASTHAN,
4730,ABU ROAD,ABR,A,NSG3,AII,NWR,SIROHI,RAJASTHAN,
4731,BHILWARA,BHL,A,NSG3,AII,NWR,BHILWARA,RAJASTHAN,
4732,UDAIPUR CITY,UDZ,A,NSG-3,AII,NWR,UDAIPUR,RAJASTHAN,
4733,BEAWAR,BER,B,NSG4,AII,NWR,AJMER,RAJASTHAN,
4734,FALNA,FA,A,NSG4,AII,NWR,PALI,RAJASTHAN,
4735,MARWAR JN.,MJ,A,NSG-4,AII,NWR,PALI,RAJASTHAN,
4736,BIJAINAGAR,BJNR,D,NSG5,AII,NWR,AJMER,RAJASTHAN,
4737,FATEHNAGAR,FAN,E,NSG5,AII,NWR,RAJSAMAND,RAJASTHAN,
4738,JAWAI BANDH,JWB,B,NSG5,AII,NWR,PALI,RAJASTHAN,
4739,KAPASAN,KIN,D,NSG5,AII,NWR,UDAIPUR,RAJASTHAN,
4740,MAVLI JN.,MVJ,B,NSG-5,AII,NWR,UDAIPUR,RAJASTHAN,
4741,NASIRABAD,NSD,D,NSG-5,AII,NWR,AJMER,RAJASTHAN,
4742,PINDWARA,PDWA,D,NSG-5,AII,NWR,SIROHI,RAJASTHAN,
4743,RANAPRATAPNAGAR,RPZ,D,NSG-5,AII,NWR,UDAIPUR,RAJASTHAN,
4744,RANI,RANI,A,NSG-5,AII,NWR,PALI,RAJASTHAN,
4745,SOJAT ROAD,SOD,D,NSG-5,AII,NWR,PALI,RAJASTHAN,
4746,SOMESAR,SOS,D,NSG-5,AII,NWR,PALI,RAJASTHAN,
4747,ADARSHNAGAR,AHO,E,NSG6,AII,NWR,AJMER,RAJASTHAN,
4748,AMARPURA,APA,E,NSG6,AII,NWR,PALI,RAJASTHAN,
4749,AUWA,AUWA,E,NSG6,AII,NWR,PALI,RAJASTHAN,
4750,BAGRI NAGAR,BQN,E,NSG6,AII,NWR,PALI,RAJASTHAN,
4751,BANAS,BNS,E,NSG6,AII,NWR,SIROHI,RAJASTHAN,
4752,BANDANWARA,BDW,E,NSG6,AII,NWR,AJMER,RAJASTHAN,
4753,BANTA RAGHUNATHGARH,BGG,E,NSG6,AII,NWR,PALI,RAJASTHAN,
4754,BAR,BAR,E,NSG6,AII,NWR,PALI,RAJASTHAN,
4755,BARI SADRI,BI,E,NSG6,AII,NWR,CHITTORGARH,RAJASTHAN,
4756,BECHHIWARA,BHWA,E,NSG6,AII,NWR,DUNGARPUR,RAJASTHAN,
4757,BHIMAL,BIML,E,NSG6,AII,NWR,UDAIPUR,RAJASTHAN,
4758,BHIMANA,BMN,E,NSG6,AII,NWR,SIROHI,RAJASTHAN,
4759,BHINWALIYA,BWA,E,NSG6,AII,NWR,PALI,RAJASTHAN,
4760,BHUPALSAGAR (KARERA),BSJ,E,NSG6,AII,NWR,CHITTORGARH,RAJASTHAN,
4761,BIROLIYA,BRLY,E,NSG6,AII,NWR,PALI,RAJASTHAN,
4762,CHANDAWAL,CNL,E,NSG6,AII,NWR,PALI,RAJASTHAN,
4763,CHARBHUJA ROAD,CBG,E,NSG6,AII,NWR,RAJSAMAND,RAJASTHAN,
4764,CHITRASANI,CTT,E,NSG6,AII,NWR,BANAS KANTHA,GUJARAT,
4765,DAURAI,DOZ,E,NSG6,AII,NWR,AJMER,RAJASTHAN,
4766,DEBARI,DRB,E,NSG6,AII,NWR,UDAIPUR,RAJASTHAN,
4767,DHARESHWAR,DRS,E,NSG6,AII,NWR,PALI,RAJASTHAN,
4768,DUNGARPUR,DNRP,E,NSG6,AII,NWR,DUNGARPUR,RAJASTHAN,
4769,GANGARAR,GGR,E,NSG6,AII,NWR,CHITTORGARH,RAJASTHAN,
4770,GHOSUNDA,GSD,E,NSG6,AII,NWR,CHITTORGARH,RAJASTHAN,
4771,GULABPURA,GBP,F,NSG6,AII,NWR,BHILWARA,RAJASTHAN,
4772,GURIYA,GRI,E,NSG6,AII,NWR,PALI,RAJASTHAN,
4773,HAMIRGARH,HMG,E,NSG6,AII,NWR,BHILWARA,RAJASTHAN,
4774,HARIPUR,HP,E,NSG6,AII,NWR,PALI,RAJASTHAN,
4775,HATUNDI,HTD,E,NSG6,AII,NWR,AJMER,RAJASTHAN,
4776,JAI SAMAND ROAD,JYM,E,NSG6,AII,NWR,UDAIPUR,RAJASTHAN,
4777,JAWALI,JAL,E,NSG6,AII,NWR,PALI,RAJASTHAN,
4778,JETHI,JTY,E,NSG6,AII,NWR,BANAS KANTHA,GUJARAT,
4779,JHARWASA,JWS,E,NSG6,AII,NWR,AJMER,RAJASTHAN,
4780,KARJODA,KRJD,E,NSG6,AII,NWR,BANAS KANTHA,GUJARAT,
4781,KESHAVGANJ,KVJ,E,NSG6,AII,NWR,SIROHI,RAJASTHAN,
4782,KHAMBLI GHAT,KBK,E,NSG6,AII,NWR,RAJSAMAND,RAJASTHAN,
4783,KHARWA,KRW,E,NSG6,AII,NWR,AJMER,RAJASTHAN,
4784,KHARWA CHANDA,KRCD,E,NSG6,AII,NWR,UDAIPUR,RAJASTHAN,
4785,KHEMLI,KLH,E,NSG6,AII,NWR,UDAIPUR,RAJASTHAN,
4786,KHIMEL,KZQ,E,NSG6,AII,NWR,PALI,RAJASTHAN,
4787,KIVARLI,KWI,E,NSG6,AII,NWR,SIROHI,RAJASTHAN,
4788,KOTHAR.,KTR,E,NSG6,AII,NWR,PALI,RAJASTHAN,
4789,LAMBIYA,LMA,E,NSG6,AII,NWR,BHILWARA,RAJASTHAN,
4790,LQBAL GADH,IQG,E,NSG6,AII,NWR,BANAS KANTHA,GUJARAT,
4791,LUSADIYA,LSD,E,NSG6,AII,NWR,SABAR KANTHA,GUJARAT,
4792,MADAR JN,MDJN,D,NSG6,AII,NWR,AJMER,RAJASTHAN,
4793,MAKRERA,MKRA,E,NSG6,AII,NWR,AJMER,RAJASTHAN,
4794,MANDAL,MDL,E,NSG6,AII,NWR,BHILWARA,RAJASTHAN,
4795,MANDPIYA,MDPA,E,NSG6,AII,NWR,BHILWARA,RAJASTHAN,
4796,MANGALIYAWAS,MLI,F,NSG6,AII,NWR,AJMER,RAJASTHAN,
4797,MAVAL,MAA,E,NSG6,AII,NWR,SIROHI,RAJASTHAN,
4798,MOKHAMPURA,MAKH,E,NSG6,AII,NWR,AJMER,RAJASTHAN,
4799,MORI BERA,MOI,E,NSG6,AII,NWR,PALI,RAJASTHAN,
4800,MORTHALA,MXO,E,NSG6,AII,NWR,SIROHI,RAJASTHAN,
4801,NANA,NANA,E,NSG6,AII,NWR,PALI,RAJASTHAN,
4802,NATHDWARA,NDT,E,NSG6,AII,NWR,RAJSAMAND,RAJASTHAN,
4803,PANDOLI,PMO,E,NSG6,AII,NWR,CHITTORGARH,RAJASTHAN,
4804,PHULAD,FLD,E,NSG6,AII,NWR,PALI,RAJASTHAN,
4805,PIPERAN,PIRN,F,NSG6,AII,NWR,UDAIPUR,RAJASTHAN,
4806,PIPLAJ,PPF,E,NSG6,AII,NWR,AJMER,RAJASTHAN,
4807,PUSHKAR TERMINUS,PUHT,F,NSG6,AII,NWR,AJMER,RAJASTHAN,
4808,RAIGADH ROAD,RGQ,E,NSG6,AII,NWR,SABAR KANTHA,GUJARAT,
4809,RAILA ROAD,RLR,E,NSG6,AII,NWR,BHILWARA,RAJASTHAN,
4810,RAJOSI,ROS,E,NSG6,AII,NWR,AJMER,RAJASTHAN,
4811,RIKHABDEV ROAD,RDD,E,NSG6,AII,NWR,UDAIPUR,RAJASTHAN,
4812,RUPAHELI,RPI,E,NSG6,AII,NWR,BHILWARA,RAJASTHAN,
4813,SARADHANA,SDH,E,NSG6,AII,NWR,AJMER,RAJASTHAN,
4814,SARERI,SSR,F,NSG6,AII,NWR,BHILWARA,RAJASTHAN,
4815,SAROTRA ROAD,SZA,E,NSG6,AII,NWR,BANAS KANTHA,GUJARAT,
4816,SENDRA,SEU,E,NSG6,AII,NWR,PALI,RAJASTHAN,
4817,SHRI AMIRGADH,SIM,E,NSG6,AII,NWR,BANAS KANTHA,GUJARAT,
4818,SINGWAL,SGW,E,NSG6,AII,NWR,AJMER,RAJASTHAN,
4819,SWARUPGANJ,SRPJ,E,NSG6,AII,NWR,SIROHI,RAJASTHAN,
4820,UMRA,UMRA,E,NSG6,AII,NWR,UDAIPUR,RAJASTHAN,
4821,ZAWAR,ZW,E,NSG6,AII,NWR,UDAIPUR,RAJASTHAN,
4822,AMARPURA RATHAN,AMPR,F,HG3,BKN,NWR,HANUMANGARH,RAJASTHAN,
4823,AURANG NAGAR,AUN,F,HG3,BKN,NWR,BHIWANI,HARYANA,
4824,BAJEKHAN HALT,BJKN,F,HG3,BKN,NWR,SIRSA,HARYANA,
4825,BAMANWALI,BMNL,F,HG3,BKN,NWR,BIKANER,RAJASTHAN,
4826,BANGI NIHAL SINGH,BNLS,F,HG3,BKN,NWR,BATHINDA,PUNJAB,
4827,BELASAR HALT,BLSR,F,HG3,BKN,NWR,BIKANER,RAJASTHAN,
4828,BERORE HALT,BROR,F,HG3,BKN,NWR,GANGANAGAR,RAJASTHAN,
4829,BEWAR BHOJAN,BWBN,F,HG3,BKN,NWR,CHURU,RAJASTHAN,
4830,BHUKARKA,BKKA,F,HG3,BKN,NWR,HANUMANGARH,RAJASTHAN,
4831,BIGGABAS RAMSARA,BGRM,F,HG3,BKN,NWR,BIKANER,RAJASTHAN,
4832,BOJAWAS HALT,BJWS,F,HG3,BKN,NWR,MAHENDRAGARH,HARYANA,
4833,BUDHSINGHWALA,BDSW,F,HG3,BKN,NWR,GANGANAGAR,RAJASTHAN,
4834,BUGIA,BUGY,F,HG3,BKN,NWR,GANGANAGAR,RAJASTHAN,
4835,BUGLANWALI,BUGL,F,HG3,BKN,NWR,HANUMANGARH,RAJASTHAN,
4836,DALPAT SINGHPUR,DPT,F,HG3,BKN,NWR,GANGANAGAR,RAJASTHAN,
4837,DHANA LADANPUR,DZL,F,HG3,BKN,NWR,BHIWANI,HARYANA,
4838,FATEH SINGHWALA,FSW,F,HG3,BKN,NWR,GANGANAGAR,RAJASTHAN,
4839,FATEHGARH HARYANA HA,FGH,F,HG3,BKN,NWR,BHIWANI,HARYANA,
4840,GAHRI BHAGI,GHB,F,HG3,BKN,NWR,BATHINDA,PUNJAB,
4841,GOLSAR,GOZ,F,HG3,BKN,NWR,CHURU,RAJASTHAN,
4842,GUGALWA KIRTAN HALT,GLKN,F,HG3,BKN,NWR,CHURU,RAJASTHAN,
4843,GURHA KEMLA HALT,GRKA,F,HG3,BKN,NWR,MAHENDRAGARH,HARYANA,
4844,HANSIAWAS,HSWS,F,HG3,BKN,NWR,CHURU,RAJASTHAN,
4845,HIRNAWALI,HLW,F,HG3,BKN,NWR,HANUMANGARH,RAJASTHAN,
4846,JODHKA,JOK,F,HG3,BKN,NWR,SIRSA,HARYANA,
4847,JORKIAN,JRKN,F,HG3,BKN,NWR,HANUMANGARH,RAJASTHAN,
4848,KALANA,KALN,F,HG3,BKN,NWR,HANUMANGARH,RAJASTHAN,
4849,KANDHARAN HALT,KDHN,F,HG3,BKN,NWR,CHURU,RAJASTHAN,
4850,KESHAV NAGAR HA,KSVR,A,HG3,BKN,NWR,GANGANAGAR,RAJASTHAN,
4851,KHABRA KALAN,KBKN,F,HG3,BKN,NWR,FATEHABAD,HARYANA,
4852,KHARAK,KHRK,F,HG3,BKN,NWR,BHIWANI,HARYANA,
4853,KHILERIYAN,KLYN,F,HG3,BKN,NWR,CHURU,RAJASTHAN,
4854,KUSHALPURA HALT,KLSP,F,HG3,BKN,NWR,BHIWANI,HARYANA,
4855,LASERI HALT,LSE,F,HG3,BKN,NWR,CHURU,RAJASTHAN,
4856,MAHUWALA HALT,MHUL,F,HG3,BKN,NWR,FATEHABAD,HARYANA,
4857,MANWALA KOT BAKHTU,MKBH,F,HG3,BKN,NWR,BATHINDA,PUNJAB,
4858,MASANIWALA,MSWA,F,HG3,BKN,NWR,GANGANAGAR,RAJASTHAN,
4859,MAYAR,MAYR,F,HG3,BKN,NWR,HISAR,HARYANA,
4860,MELUSAR,MELH,F,HG3,BKN,NWR,CHURU,RAJASTHAN,
4861,NALOI BARWA,BVZ,F,HG3,BKN,NWR,BHIWANI,HARYANA,
4862,NANGAL DEGROTA,NDRT,F,HG3,BKN,NWR,MAHENDRAGARH,HARYANA,
4863,NANGAL PATHANI,NLQ,F,HG3,BKN,NWR,REWARI,HARYANA,
4864,NANWAN HALT,NWN,F,HG3,BKN,NWR,MAHENDRAGARH,HARYANA,
4865,NAWAN,NAWN,F,HG3,BKN,NWR,HANUMANGARH,RAJASTHAN,
4866,NOSARIA HALT,NOA,F,HG3,BKN,NWR,CHURU,RAJASTHAN,
4867,NYOLIKALAN,NKN,F,HG3,BKN,NWR,HISAR,HARYANA,
4868,PAHARSAR,PRSR,F,HG3,BKN,NWR,CHURU,RAJASTHAN,
4869,PATHRALA,PTRL,F,HG3,BKN,NWR,BATHINDA,PUNJAB,
4870,PATUWAS MEHRANA,PUW,F,HG3,BKN,NWR,BHIWANI,HARYANA,
4871,PAYLI,PYI,F,HG3,BKN,NWR,CHURU,RAJASTHAN,
4872,RAGHUNATHGARH,RGNH,F,HG3,BKN,NWR,GANGANAGAR,RAJASTHAN,
4873,SAHUWALA,SHWL,F,HG3,BKN,NWR,GANGANAGAR,RAJASTHAN,
4874,SALEMGARH MASANI HAL,SJSM,F,HG3,BKN,NWR,HANUMANGARH,RAJASTHAN,
4875,SARDARGARH,SRZ,F,HG3,BKN,NWR,GANGANAGAR,RAJASTHAN,
4876,SHRI MAKRI NATH NAGA,SMNN,F,HG3,BKN,NWR,CHURU,RAJASTHAN,
4877,SHRI RAMGARH,SHRG,F,HG3,BKN,NWR,HANUMANGARH,RAJASTHAN,
4878,SIRSALA HALT,SRSL,F,HG3,BKN,NWR,CHURU,RAJASTHAN,
4879,SITALNAGAR,STNR,F,HG3,BKN,NWR,CHURU,RAJASTHAN,
4880,SUI,SUI,F,HG3,BKN,NWR,BHIWANI,HARYANA,
4881,SUKHCHAIN,SCV,F,HG3,BKN,NWR,SIRSA,HARYANA,
4882,SURERA,SURR,F,HG3,BKN,NWR,SIRSA,HARYANA,
4883,UDASAR,UDS,F,HG3,BKN,NWR,CHURU,RAJASTHAN,
4884,ZORAWARPURA,ZPR,F,HG3,BKN,NWR,GANGANAGAR,RAJASTHAN,
4885,BIKANER JN.,BKN,A,NSG3,BKN,NWR,BIKANER,RAJASTHAN,
4886,HISAR JN.,HSR,A,NSG3,BKN,NWR,HISAR,HARYANA,
4887,SHRI GANGANAGAR,SGNR,A,NSG-3,BKN,NWR,GANGANAGAR,RAJASTHAN,
4888,BHIWANI JN.,BNW,A,NSG4,BKN,NWR,BHIWANI,HARYANA,
4889,HANUMANGARH JN.,HMH,A,NSG4,BKN,NWR,HANUMANGARH,RAJASTHAN,
4890,LALGARH JN.,LGH,A,NSG-4,BKN,NWR,BIKANER,RAJASTHAN,
4891,SIRSA,SSA,B,NSG-4,BKN,NWR,SIRSA,HARYANA,
4892,SURATGARH JN.,SOG,A,NSG-4,BKN,NWR,GANGANAGAR,RAJASTHAN,
4893,ANUPGARH,APH,D,NSG5,BKN,NWR,GANGANAGAR,RAJASTHAN,
4894,BHATTU,BHT,D,NSG5,BKN,NWR,FATEHABAD,HARYANA,
4895,CHARKHI DADRI,CKD,D,NSG5,BKN,NWR,BHIWANI,HARYANA,
4896,CHURU,CUR,D,NSG5,BKN,NWR,CHURU,RAJASTHAN,
4897,GOGAMERI,GAMI,E,NSG5,BKN,NWR,HANUMANGARH,RAJASTHAN,
4898,HANSI,HNS,D,NSG5,BKN,NWR,HISAR,HARYANA,
4899,KALANWALI,KNL,D,NSG5,BKN,NWR,SIRSA,HARYANA,
4900,KOSLI,KSI,D,NSG5,BKN,NWR,REWARI,HARYANA,
4901,LOHARU JN.,LHU,D,NSG-5,BKN,NWR,BHIWANI,HARYANA,
4902,LUNKARANSAR,LKS,D,NSG-5,BKN,NWR,BIKANER,RAJASTHAN,
4903,MAHENDRAGARH,MHRG,D,NSG-5,BKN,NWR,MAHENDRAGARH,HARYANA,
4904,MANDI ADAMPUR,ADR,D,NSG-5,BKN,NWR,HISAR,HARYANA,
4905,MANDI DABWALI,MBY,D,NSG-5,BKN,NWR,SIRSA,HARYANA,
4906,PILI BANGAN,PGK,D,NSG-5,BKN,NWR,HANUMANGARH,RAJASTHAN,
4907,RAI SINGH NAGAR,RSNR,D,NSG-5,BKN,NWR,GANGANAGAR,RAJASTHAN,
4908,RAJALDESAR,RJR,E,NSG-5,BKN,NWR,CHURU,RAJASTHAN,
4909,RATANAGARH JN.,RTGH,D,NSG-5,BKN,NWR,CHURU,RAJASTHAN,
4910,SADULPUR JN.,SDLP,D,NSG-5,BKN,NWR,CHURU,RAJASTHAN,
4911,SADULSHAHAR,SDS,E,NSG-5,BKN,NWR,GANGANAGAR,RAJASTHAN,
4912,SANGARIYA,SGRA,D,NSG-5,BKN,NWR,HANUMANGARH,RAJASTHAN,
4913,SHRI KARANPUR,SRW,E,NSG-5,BKN,NWR,GANGANAGAR,RAJASTHAN,
4914,SRI DUNGARGARAH,SDGH,E,NSG-5,BKN,NWR,BIKANER,RAJASTHAN,
4915,SRI VIJAINAGAR,SBNR,E,NSG-5,BKN,NWR,GANGANAGAR,RAJASTHAN,
4916,ANUP SHAHR,AUS,E,NSG6,BKN,NWR,HANUMANGARH,RAJASTHAN,
4917,ARJANSAR,AS,E,NSG6,BKN,NWR,BIKANER,RAJASTHAN,
4918,ASLU,ASLU,E,NSG6,BKN,NWR,CHURU,RAJASTHAN,
4919,BAGWALI,BWB,E,NSG6,BKN,NWR,BATHINDA,PUNJAB,
4920,BAMLA,BMLL,F,NSG6,BKN,NWR,ROHTAK,HARYANA,
4921,BANWALI,BWC,E,NSG6,BKN,NWR,GANGANAGAR,RAJASTHAN,
4922,BAP,BAF,E,NSG6,BKN,NWR,JODHPUR,RAJASTHAN,
4923,BARA GUDHA,BGD,E,NSG6,BKN,NWR,AMBALA,HARYANA,
4924,BAWANI KHERA,BWK,E,NSG6,BKN,NWR,BHIWANI,HARYANA,
4925,BENISAR,BS,E,NSG6,BKN,NWR,BIKANER,RAJASTHAN,
4926,BHAGWANSAR,BNSR,E,NSG6,BKN,NWR,BIKANER,RAJASTHAN,
4927,BHIWANI CITY,BNWC,E,NSG6,BKN,NWR,BHIWANI,HARYANA,
4928,BIGGA,BIGA,E,NSG6,BKN,NWR,BIKANER,RAJASTHAN,
4929,BIRADHWAL,BDWL,E,NSG6,BKN,NWR,GANGANAGAR,RAJASTHAN,
4930,BIRANG KHERA,BMK,E,NSG6,BKN,NWR,SRI MUKTSAR SAHIB,PUNJAB,
4931,CHARAUD,CRW,E,NSG6,BKN,NWR,HISAR,HARYANA,
4932,DABLI RATHAN,DBI,E,NSG6,BKN,NWR,HANUMANGARH,RAJASTHAN,
4933,DAHINA-ZAINABAD,DZB,E,NSG6,BKN,NWR,REWARI,HARYANA,
4934,DEPALSAR,DEP,E,NSG6,BKN,NWR,CHURU,RAJASTHAN,
4935,DHABAN,DABN,E,NSG6,BKN,NWR,HANUMANGARH,RAJASTHAN,
4936,DHIRERA,DHRR,E,NSG6,BKN,NWR,BIKANER,RAJASTHAN,
4937,DHOLIPAL,DPK,E,NSG6,BKN,NWR,HANUMANGARH,RAJASTHAN,
4938,DING,DING,E,NSG6,BKN,NWR,SIRSA,HARYANA,
4939,DIPLANA,DPLN,E,NSG6,BKN,NWR,HANUMANGARH,RAJASTHAN,
4940,DIYATRA ROAD,DTRD,E,NSG6,BKN,NWR,BIKANER,RAJASTHAN,
4941,DOKWA,DKWA,E,NSG6,BKN,NWR,CHURU,RAJASTHAN,
4942,DUDHWAKHARA,DKX,E,NSG6,BKN,NWR,CHURU,RAJASTHAN,
4943,DULMERA,DLC,E,NSG6,BKN,NWR,BIKANER,RAJASTHAN,
4944,DULRASAR,DUS,E,NSG6,BKN,NWR,CHURU,RAJASTHAN,
4945,ELLENABAD,ENB,D,NSG6,BKN,NWR,SIRSA,HARYANA,
4946,GADHWALA,GDW,E,NSG6,BKN,NWR,BIKANER,RAJASTHAN,
4947,GAJNER,GJN,E,NSG6,BKN,NWR,BIKANER,RAJASTHAN,
4948,GAJSINGHPUR,GJS,E,NSG6,BKN,NWR,GANGANAGAR,RAJASTHAN,
4949,GURUSAR SEHNEWALA,GSW,E,NSG6,BKN,NWR,BATHINDA,PUNJAB,
4950,HADYAL,HYL,E,NSG6,BKN,NWR,CHURU,RAJASTHAN,
4951,HANUMANGARH TOWN,HMO,D,NSG6,BKN,NWR,HANUMANGARH,RAJASTHAN,
4952,HARPALU,HR,E,NSG6,BKN,NWR,CHURU,RAJASTHAN,
4953,JAGDEVWALA,JDL,E,NSG6,BKN,NWR,BIKANER,RAJASTHAN,
4954,JAITSAR,JES,E,NSG6,BKN,NWR,GANGANAGAR,RAJASTHAN,
4955,JAKHOD KHERA,JKHI,E,NSG6,BKN,NWR,HISAR,HARYANA,
4956,JAMSAR,JMS,E,NSG6,BKN,NWR,BIKANER,RAJASTHAN,
4957,JATUSANA,JTS,E,NSG6,BKN,NWR,REWARI,HARYANA,
4958,JHARLI,JRL,E,NSG6,BKN,NWR,JHAJJAR,HARYANA,
4959,JHUNPA,JUP,E,NSG6,BKN,NWR,CHURU,RAJASTHAN,
4960,JITA KHERI,JKZ,E,NSG6,BKN,NWR,BHIWANI,HARYANA,
4961,JUHARPURA,JOH,E,NSG6,BKN,NWR,CHURU,RAJASTHAN,
4962,KALANAUR KALAN,KLNK,D,NSG6,BKN,NWR,ROHTAK,HARYANA,
4963,KALYANKOT HALT,KYNT,E,NSG6,BKN,NWR,GANGANAGAR,RAJASTHAN,
4964,KANASAR,KNSR,E,NSG6,BKN,NWR,BIKANER,RAJASTHAN,
4965,KANINA KHAS,KNNK,E,NSG6,BKN,NWR,MAHENDRAGARH,HARYANA,
4966,KESRI SINGHPUR,KESR,E,NSG6,BKN,NWR,GANGANAGAR,RAJASTHAN,
4967,KHINANIYAN,KNNA,E,NSG6,BKN,NWR,HANUMANGARH,RAJASTHAN,
4968,KISHANGARH BALAWAS,KGBS,E,NSG6,BKN,NWR,REWARI,HARYANA,
4969,KOLAYAT,KLYT,E,NSG6,BKN,NWR,BIKANER,RAJASTHAN,
4970,LAHLI,LHLL,E,NSG6,BKN,NWR,ROHTAK,HARYANA,
4971,MAHAJAN,MHJ,E,NSG6,BKN,NWR,BIKANER,RAJASTHAN,
4972,MALAR,MAAR,E,NSG6,BKN,NWR,JODHPUR,RAJASTHAN,
4973,MALKISAR,MLC,E,NSG6,BKN,NWR,BIKANER,RAJASTHAN,
4974,MANAKSAR,MNSR,E,NSG6,BKN,NWR,HANUMANGARH,RAJASTHAN,
4975,MANHERU,MHU,E,NSG6,BKN,NWR,BHIWANI,HARYANA,
4976,MOHAN NAGAR,MNGR,E,NSG6,BKN,NWR,GANGANAGAR,RAJASTHAN,
4977,MOLISAR,MIO,E,NSG6,BKN,NWR,CHURU,RAJASTHAN,
4978,NAL HALT,NAL,E,NSG6,BKN,NWR,BIKANER,RAJASTHAN,
4979,NANGAL MUNDI,NNU,E,NSG6,BKN,NWR,REWARI,HARYANA,
4980,NAPASAR,NPS,E,NSG6,BKN,NWR,BIKANER,RAJASTHAN,
4981,NARWASI,NRWI,E,NSG6,BKN,NWR,CHURU,RAJASTHAN,
4982,NATHWANA,NTZ,E,NSG6,BKN,NWR,BIKANER,RAJASTHAN,
4983,NOHAR,NHR,D,NSG6,BKN,NWR,HANUMANGARH,RAJASTHAN,
4984,NOKHRA,NKRA,E,NSG6,BKN,NWR,BIKANER,RAJASTHAN,
4985,PARSNEU,PSV,E,NSG6,BKN,NWR,CHURU,RAJASTHAN,
4986,PARVEZPUR,PVZ,E,NSG6,BKN,NWR,BHIWANI,HARYANA,
4987,PRITHWIRAJPUR,PRUR,E,NSG6,BKN,NWR,GANGANAGAR,RAJASTHAN,
4988,RAJIYASAR,RJS,E,NSG6,BKN,NWR,GANGANAGAR,RAJASTHAN,
4989,RAMAN,RMN,D,NSG6,BKN,NWR,BATHINDA,PUNJAB,
4990,RAMPURA BERI,RMB,E,NSG6,BKN,NWR,CHURU,RAJASTHAN,
4991,RAMSINGHPUR,RMSR,E,NSG6,BKN,NWR,GANGANAGAR,RAJASTHAN,
4992,RANGMAHAL,RMH,E,NSG6,BKN,NWR,HANUMANGARH,RAJASTHAN,
4993,RATANGARH KANAKWAL,RKK,E,NSG6,BKN,NWR,CHURU,RAJASTHAN,
4994,SANGAT,SGF,E,NSG6,BKN,NWR,BATHINDA,PUNJAB,
4995,SARDARSAHAR,SRDR,E,NSG6,BKN,NWR,CHURU,RAJASTHAN,
4996,SARUPSAR JN.,SRPR,E,NSG6,BKN,NWR,GANGANAGAR,RAJASTHAN,
4997,SATNALI,STNL,E,NSG6,BKN,NWR,MAHENDRAGARH,HARYANA,
4998,SATROD,STD,E,NSG6,BKN,NWR,HISAR,HARYANA,
4999,SHEREKAN,SRKN,E,NSG6,BKN,NWR,HANUMANGARH,RAJASTHAN,
5000,SHERGARH,SGA,E,NSG6,BKN,NWR,BATHINDA,PUNJAB,
5001,SIDMUKH,SDMK,E,NSG6,BKN,NWR,CHURU,RAJASTHAN,
5002,SIRD,SIRD,E,NSG6,BKN,NWR,JODHPUR,RAJASTHAN,
5003,SIWANI,SWNI,E,NSG6,BKN,NWR,BHIWANI,HARYANA,
5004,SOHANSRA,SAWN,E,NSG6,BKN,NWR,MAHENDRAGARH,HARYANA,
5005,SUCHAN KOTLI,SHN,E,NSG6,BKN,NWR,SIRSA,HARYANA,
5006,SUDHRANA,SDRA,E,NSG6,BKN,NWR,REWARI,HARYANA,
5007,SUDSAR,SDF,E,NSG6,BKN,NWR,BIKANER,RAJASTHAN,
5008,SURATPURA JN.,SURP,E,NSG6,BKN,NWR,CHURU,RAJASTHAN,
5009,TAHSIL BHADRA,TSD,D,NSG6,BKN,NWR,HANUMANGARH,RAJASTHAN,
5010,TALWARA JHIL,TLI,E,NSG6,BKN,NWR,HANUMANGARH,RAJASTHAN,
5011,TIBI,TIBI,E,NSG6,BKN,NWR,HANUMANGARH,RAJASTHAN,
5012,ZERPUR PALI,ZP,E,NSG6,BKN,NWR,MAHENDRAGARH,HARYANA,
5013,KHANPUR AHIR,KNAR,F,HG2,JP,NWR,ALWAR,RAJASTHAN,
5014,KOLVAGRAM,KVGM,F,HG2,JP,NWR,DAUSA,RAJASTHAN,
5015,SURELI,SURL,F,HG2,JP,NWR,TONK,RAJASTHAN,
5016,BALWANTPURA CHELASI,BWPL,F,HG3,JP,NWR,JHUNJHUNU,RAJASTHAN,
5017,BANSKHO,BSKO,F,HG3,JP,NWR,JAIPUR,RAJASTHAN,
5018,BHATON-KI-GALI,BHG,E,HG3,JP,NWR,JAIPUR,RAJASTHAN,
5019,BHAVDHARI,BOTR,E,HG3,JP,NWR,JHUNJHUNU,RAJASTHAN,
5020,BINDAYAKA,BDYK,E,HG3,JP,NWR,JAIPUR,RAJASTHAN,
5021,CHHOTA GUDHA,COD,F,HG3,JP,NWR,JAIPUR,RAJASTHAN,
5022,DANTRA,DTRA,F,HG3,JP,NWR,JAIPUR,RAJASTHAN,
5023,DHINDA,DHND,F,HG3,JP,NWR,JAIPUR,RAJASTHAN,
5024,GHATALA,GAL,F,HG3,JP,NWR,ALWAR,RAJASTHAN,
5025,GOLANA HALT,GLNA,F,HG3,JP,NWR,DAUSA,RAJASTHAN,
5026,JERTHI DADHIA,JDD,F,HG3,JP,NWR,SIKAR,RAJASTHAN,
5027,KAYAMSAR,QMRS,E,HG3,JP,NWR,SIKAR,RAJASTHAN,
5028,LOHARWARA,LHW,F,HG3,JP,NWR,JAIPUR,RAJASTHAN,
5029,MAHANSAR,MWR,F,HG3,JP,NWR,JHUNJHUNU,RAJASTHAN,
5030,MAJRI NANGAL,MJNL,F,HG3,JP,NWR,REWARI,HARYANA,
5031,MINDHA,MNHA,F,HG3,JP,NWR,JAIPUR,RAJASTHAN,
5032,NARI-KHETRI,NRKE,F,HG3,JP,NWR,JHUNJHUNU,RAJASTHAN,
5033,RANOLISHISHU,RNIS,F,HG3,JP,NWR,SIKAR,RAJASTHAN,
5034,RASHIDPURA-KHORI,RDK,F,HG3,JP,NWR,SIKAR,RAJASTHAN,
5035,SAHELI,SALI,F,HG3,JP,NWR,JAIPUR,RAJASTHAN,
5036,SANODIYA,SFE,F,HG3,JP,NWR,JAIPUR,RAJASTHAN,
5037,SHEOSINGHPURA,SHNX,F,HG3,JP,NWR,JAIPUR,RAJASTHAN,
5038,SONTHALIYA,SNTH,F,HG3,JP,NWR,SIKAR,RAJASTHAN,
5039,SURER,SRRG,F,HG3,JP,NWR,ALWAR,RAJASTHAN,
5040,TILONIYA,TL,F,HG3,JP,NWR,AJMER,RAJASTHAN,
5041,JAIPUR JN.,JP,A1,NSG2,JP,NWR,JAIPUR,RAJASTHAN,
5042,ALWAR JN.,AWR,A,NSG3,JP,NWR,ALWAR,RAJASTHAN,
5043,BANDIKUI JN.,BKI,A,NSG3,JP,NWR,DAUSA,RAJASTHAN,
5044,GANDHINAGAR JAIPUR,GADJ,A,NSG3,JP,NWR,JAIPUR,RAJASTHAN,
5045,KISHANGARH,KSG,B,NSG3,JP,NWR,AJMER,RAJASTHAN,
5046,PHULERA JN.,FL,A,NSG-3,JP,NWR,JAIPUR,RAJASTHAN,
5047,REWARI JN.,RE,A,NSG-3,JP,NWR,REWARI,HARYANA,
5048,DAUSA,DO,B,NSG4,JP,NWR,DAUSA,RAJASTHAN,
5049,DURGAPURA,DPA,D,NSG4,JP,NWR,JAIPUR,RAJASTHAN,
5050,SIKAR JN.,SIKR,B,NSG-4,JP,NWR,SIKAR,RAJASTHAN,
5051,ASAIPUR JOBNER,JOB,D,NSG5,JP,NWR,JAIPUR,RAJASTHAN,
5052,BANASTHALI NIWAI,BNLW,E,NSG5,JP,NWR,TONK,RAJASTHAN,
5053,CHOUTH-KA-BARWARA,CKB,D,NSG5,JP,NWR,SAWAI MADHOPUR,RAJASTHAN,
5054,KHAIRTHAL,KRH,D,NSG5,JP,NWR,ALWAR,RAJASTHAN,
5055,GETOR JAGATPURA,GTJT,E,NSG-5,JP,NWR,JAIPUR,RAJASTHAN,
5056,NARNAUL,NNL,D,NSG-5,JP,NWR,MAHENDRAGARH,HARYANA,
5057,NIM-KA-THANA,NMK,D,NSG-5,JP,NWR,JAIPUR,RAJASTHAN,
5058,RAJGARH,RHG,D,NSG-5,JP,NWR,ALWAR,RAJASTHAN,
5059,RINGUS JN.,RGS,D,NSG-5,JP,NWR,SIKAR,RAJASTHAN,
5060,SANGANER.,SNGN,D,NSG-5,JP,NWR,JAIPUR,RAJASTHAN,
5061,SHRI MADHOPUR,SMPR,D,NSG-5,JP,NWR,SIKAR,RAJASTHAN,
5062,AJARKA,AIA,E,NSG6,JP,NWR,ALWAR,RAJASTHAN,
5063,AMARPUR-JORASI,APJ,E,NSG6,JP,NWR,MAHENDRAGARH,HARYANA,
5064,ARNIYA,ARNA,E,NSG6,JP,NWR,DAUSA,RAJASTHAN,
5065,ATELI,AEL,A,NSG6,JP,NWR,MAHENDRAGARH,HARYANA,
5066,BADHAL,BDHL,E,NSG6,JP,NWR,JAIPUR,RAJASTHAN,
5067,BAORI THIKRIA,BOTI,E,NSG6,JP,NWR,SIKAR,RAJASTHAN,
5068,BASSI,BAI,E,NSG6,JP,NWR,JAIPUR,RAJASTHAN,
5069,BASWA,BU,E,NSG6,JP,NWR,DAUSA,RAJASTHAN,
5070,BAWAL,BWL,E,NSG6,JP,NWR,REWARI,HARYANA,
5071,BHAGEGA,BAGA,E,NSG6,JP,NWR,SIKAR,RAJASTHAN,
5072,BHAN KARI,BAK,E,NSG6,JP,NWR,DAUSA,RAJASTHAN,
5073,BHESLANA,BILA,E,NSG6,JP,NWR,JAIPUR,RAJASTHAN,
5074,BISSAU,BUB,E,NSG6,JP,NWR,JHUNJHUNU,RAJASTHAN,
5075,BOBAS,BOBS,E,NSG6,JP,NWR,JAIPUR,RAJASTHAN,
5076,CHAKSU,CKS,E,NSG6,JP,NWR,JAIPUR,RAJASTHAN,
5077,CHANNANI,CHNN,E,NSG6,JP,NWR,TONK,RAJASTHAN,
5078,CHIRAWA,CRWA,D,NSG6,JP,NWR,JHUNJHUNU,RAJASTHAN,
5079,CHOMUN SAMOD,COM,E,NSG6,JP,NWR,JAIPUR,RAJASTHAN,
5080,DABLA,DBLA,E,NSG6,JP,NWR,SIKAR,RAJASTHAN,
5081,DAHAR-KA-BALAJI,DKBJ,D,NSG6,JP,NWR,JAIPUR,RAJASTHAN,
5082,DEVPURA,DPZ,E,NSG6,JP,NWR,SAWAI MADHOPUR,RAJASTHAN,
5083,DHANAKYA,DNK,E,NSG6,JP,NWR,JAIPUR,RAJASTHAN,
5084,DHIGAWARA,DGW,E,NSG6,JP,NWR,ALWAR,RAJASTHAN,
5085,DUNDLOD MUKANDGARH,DOB,E,NSG6,JP,NWR,JHUNJHUNU,RAJASTHAN,
5086,FATEHPUR-SHEKHAWATI,FPS,E,NSG6,JP,NWR,SIKAR,RAJASTHAN,
5087,GAHLOTA,GLTA,E,NSG6,JP,NWR,AJMER,RAJASTHAN,
5088,GEGAL AKHRI,GEK,E,NSG6,JP,NWR,AJMER,RAJASTHAN,
5089,GORIYAN,GIO,E,NSG6,JP,NWR,SIKAR,RAJASTHAN,
5090,GOVINDGARH MALIKPUR,GND,E,NSG6,JP,NWR,JAIPUR,RAJASTHAN,
5091,HARSAULI,HSI,E,NSG6,JP,NWR,ALWAR,RAJASTHAN,
5092,HIRNODA,HDA,E,NSG6,JP,NWR,JAIPUR,RAJASTHAN,
5093,ISARDA,ISA,E,NSG6,JP,NWR,SAWAI MADHOPUR,RAJASTHAN,
5094,JATWARA,JW,E,NSG6,JP,NWR,JAIPUR,RAJASTHAN,
5095,JHILO,JLLO,E,NSG6,JP,NWR,SIKAR,RAJASTHAN,
5096,JHIR,JHIR,E,NSG6,JP,NWR,JAIPUR,RAJASTHAN,
5097,JHUNJUNU,JJN,E,NSG6,JP,NWR,JHUNJHUNU,RAJASTHAN,
5098,KACHERA,KHRA,E,NSG6,JP,NWR,SIKAR,RAJASTHAN,
5099,KANAKPURA,KKU,A,NSG6,JP,NWR,JAIPUR,RAJASTHAN,
5100,KANAUTA,KUT,E,NSG6,JP,NWR,JAIPUR,RAJASTHAN,
5101,KANWAT,KAWT,E,NSG6,JP,NWR,SIKAR,RAJASTHAN,
5102,KATHUWAS,KTWS,E,NSG6,JP,NWR,ALWAR,RAJASTHAN,
5103,KHANDEL,KNDL,E,NSG6,JP,NWR,JAIPUR,RAJASTHAN,
5104,KHATIPURA,KWP,E,NSG6,JP,NWR,JAIPUR,RAJASTHAN,
5105,KHORI,KORI,E,NSG6,JP,NWR,REWARI,HARYANA,
5106,KISHAN-MANPURA,KMNP,E,NSG6,JP,NWR,JAIPUR,RAJASTHAN,
5107,KUND,KUND,E,NSG6,JP,NWR,REWARI,HARYANA,
5108,LACHHMANGARH-SIKAR,LNH,E,NSG6,JP,NWR,SIKAR,RAJASTHAN,
5109,LADPURA,LR,E,NSG6,JP,NWR,AJMER,RAJASTHAN,
5110,MAHWA,MWW,E,NSG6,JP,NWR,ALWAR,RAJASTHAN,
5111,MALAKHERA,MKH,E,NSG6,JP,NWR,ALWAR,RAJASTHAN,
5112,MAONDA,MADA,E,NSG6,JP,NWR,SIKAR,RAJASTHAN,
5113,MIRZAPUR BACHHAU,MBV,E,NSG6,JP,NWR,MAHENDRAGARH,HARYANA,
5114,NARAINA,NRI,E,NSG6,JP,NWR,JAIPUR,RAJASTHAN,
5115,NAWALGARH,NWH,E,NSG6,JP,NWR,JHUNJHUNU,RAJASTHAN,
5116,NINDHAR BENAR,NDH,E,NSG6,JP,NWR,JAIPUR,RAJASTHAN,
5117,NIZAMPUR,NIP,E,NSG6,JP,NWR,MAHENDRAGARH,HARYANA,
5118,NUA,NUA,E,NSG6,JP,NWR,JHUNJHUNU,RAJASTHAN,
5119,PACHAR MALIKPURA,PCMK,E,NSG6,JP,NWR,JAIPUR,RAJASTHAN,
5120,PALSANA,PLSN,E,NSG6,JP,NWR,SIKAR,RAJASTHAN,
5121,PARISAL,PSL,E,NSG6,JP,NWR,ALWAR,RAJASTHAN,
5122,PEEPLEE-KA-BAS,PKBS,E,NSG6,JP,NWR,JAIPUR,RAJASTHAN,
5123,RAMGARH SHEKHAWATI,RSWT,E,NSG6,JP,NWR,SIKAR,RAJASTHAN,
5124,RATAN SAHAR,RSH,E,NSG6,JP,NWR,JHUNJHUNU,RAJASTHAN,
5125,RENWAL,RNW,E,NSG6,JP,NWR,JAIPUR,RAJASTHAN,
5126,SAKHUN,SK,E,NSG6,JP,NWR,JAIPUR,RAJASTHAN,
5127,"SHEODASPURA-
PADAMPUR",SAS,E,NSG6,JP,NWR,JAIPUR,RAJASTHAN,
5128,SIRAS,SRAS,E,NSG6,JP,NWR,TONK,RAJASTHAN,
5129,SURAJGARH,SRGH,E,NSG6,JP,NWR,JHUNJHUNU,RAJASTHAN,
5130,GAGARIYA,GGY,F,HG2,JU,NWR,BARMER,RAJASTHAN,
5131,PIPAR CITY,PCY,F,HG2,JU,NWR,JODHPUR,RAJASTHAN,
5132,RAMSAR,RMX,F,HG2,JU,NWR,BARMER,RAJASTHAN,
5133,BHAWI,BCW,F,HG3,JU,NWR,JODHPUR,RAJASTHAN,
5134,BIDIYAD,BIDD,F,HG3,JU,NWR,NAGAUR,RAJASTHAN,
5135,BILARA,BARA,E,HG3,JU,NWR,JODHPUR,RAJASTHAN,
5136,DESWAL HALT,DSL,F,HG3,JU,NWR,NAGAUR,RAJASTHAN,
5137,DUGDOL HALT,DGQ,F,HG3,JU,NWR,BANAS KANTHA,GUJARAT,
5138,JAISINDER HALT,JSD,F,HG3,JU,NWR,BARMER,RAJASTHAN,
5139,JALSU NANAK HALT,JACN,F,HG3,JU,NWR,NAGAUR,RAJASTHAN,
5140,JASWANTGARH,JSH,F,HG3,JU,NWR,NAGAUR,RAJASTHAN,
5141,KHED TEMPLE HALT,KHTX,E,HG3,JU,NWR,BARMER,RAJASTHAN,
5142,LILMA,LIL,F,HG3,JU,NWR,BARMER,RAJASTHAN,
5143,LOHA HALT,LOHA,F,HG3,JU,NWR,CHURU,RAJASTHAN,
5144,MARWAR- BALIA,MBSK,F,HG3,JU,NWR,NAGAUR,RAJASTHAN,
5145,MIYON KA BARA HALT,MNKB,F,HG3,JU,NWR,BARMER,RAJASTHAN,
5146,PIRWA,PW,E,HG3,JU,NWR,NAGAUR,RAJASTHAN,
5147,SANVRAD,SVO,F,HG3,JU,NWR,NAGAUR,RAJASTHAN,
5148,SILARI,SILR,F,HG3,JU,NWR,JODHPUR,RAJASTHAN,
5149,THATHANA MITHRI HALT,THMR,F,HG3,JU,NWR,NAGAUR,RAJASTHAN,
5150,JODHPUR JN.,JU,A1,NSG2,JU,NWR,JODHPUR,RAJASTHAN,
5151,BHAGAT-KI-KOTHI,BGKT,D,NSG3,JU,NWR,JODHPUR,RAJASTHAN,
5152,JAISALMER,JSM,A,NSG3,JU,NWR,JAISALMER,RAJASTHAN,
5153,PALI MARWAR,PMY,A,NSG-3,JU,NWR,PALI,RAJASTHAN,
5154,BARMER,BME,A,NSG4,JU,NWR,BARMER,RAJASTHAN,
5155,MERTA ROAD JN.,MTD,B,NSG-4,JU,NWR,NAGAUR,RAJASTHAN,
5156,NAGAUR,NGO,A,NSG-4,JU,NWR,NAGAUR,RAJASTHAN,
5157,NOKHA,NOK,B,NSG-4,JU,NWR,BIKANER,RAJASTHAN,
5158,BALOTRA JN.,BLT,B,NSG5,JU,NWR,BARMER,RAJASTHAN,
5159,BASNI,BANE,D,NSG5,JU,NWR,JODHPUR,RAJASTHAN,
5160,BAYTU,BUT,D,NSG5,JU,NWR,BARMER,RAJASTHAN,
5161,DEGANA JN.,DNA,D,NSG5,JU,NWR,NAGAUR,RAJASTHAN,
5162,DESHNOKE,DSO,D,NSG5,JU,NWR,BIKANER,RAJASTHAN,
5163,DIDWANA,DIA,E,NSG5,JU,NWR,NAGAUR,RAJASTHAN,
5164,GOTAN,GOTN,D,NSG5,JU,NWR,NAGAUR,RAJASTHAN,
5165,JALOR,JOR,D,NSG5,JU,NWR,JALORE,RAJASTHAN,
5166,KUCHAMAN CITY,KMNC,D,NSG5,JU,NWR,NAGAUR,RAJASTHAN,
5167,LADNUN,LAU,E,NSG-5,JU,NWR,NAGAUR,RAJASTHAN,
5168,LUNI JN.,LUNI,D,NSG-5,JU,NWR,JODHPUR,RAJASTHAN,
5169,MAKRANA JN.,MKN,B,NSG-5,JU,NWR,NAGAUR,RAJASTHAN,
5170,MARWAR BHINMAL,MBNL,D,NSG-5,JU,NWR,JALORE,RAJASTHAN,
5171,NAWA CITY,NAC,E,NSG-5,JU,NWR,NAGAUR,RAJASTHAN,
5172,PHALODI JN.,PLCJ,D,NSG-5,JU,NWR,JODHPUR,RAJASTHAN,
5173,POKARAN,POK,D,NSG-5,JU,NWR,JAISALMER,RAJASTHAN,
5174,RAI KA BAGH PALACE,RKB,D,NSG-5,JU,NWR,JODHPUR,RAJASTHAN,
5175,RAMDEVRA,RDRA,D,NSG-5,JU,NWR,JAISALMER,RAJASTHAN,
5176,REN,REN,E,NSG-5,JU,NWR,NAGAUR,RAJASTHAN,
5177,SAMDARI,SMR,D,NSG-5,JU,NWR,BARMER,RAJASTHAN,
5178,SHRIBHADRIYA LATHI,SBLT,E,NSG-5,JU,NWR,JAISALMER,RAJASTHAN,
5179,SUJANGARH,SUJH,D,NSG-5,JU,NWR,CHURU,RAJASTHAN,
5180,AJIT,AJIT,E,NSG6,JU,NWR,BARMER,RAJASTHAN,
5181,ALAI,ALAI,E,NSG6,JU,NWR,NAGAUR,RAJASTHAN,
5182,ASARANADA,AAS,E,NSG6,JU,NWR,JODHPUR,RAJASTHAN,
5183,ASHAPURA GOMAT,AQG,E,NSG6,JU,NWR,JAISALMER,RAJASTHAN,
5184,BADWASI,BWS,E,NSG6,JU,NWR,NAGAUR,RAJASTHAN,
5185,BAKRA ROAD,BK,E,NSG6,JU,NWR,JALORE,RAJASTHAN,
5186,BALSAMAND,BLSD,E,NSG6,JU,NWR,NAGAUR,RAJASTHAN,
5187,BALWARA,BAWA,E,NSG6,JU,NWR,JALORE,RAJASTHAN,
5188,BAMSIN,BMSN,E,NSG6,JU,NWR,BARMER,RAJASTHAN,
5189,BANAR,BNO,E,NSG6,JU,NWR,JODHPUR,RAJASTHAN,
5190,BANIYA SANDA DHORA,BSDA,E,NSG6,JU,NWR,BARMER,RAJASTHAN,
5191,BESROLI,BSRL,E,NSG6,JU,NWR,NAGAUR,RAJASTHAN,
5192,BHACHHBAR,BBC,E,NSG6,JU,NWR,BARMER,RAJASTHAN,
5193,BHEEMPURA,BIPR,E,NSG6,JU,NWR,JALORE,RAJASTHAN,
5194,BHIKAMKOR,BKC,E,NSG6,JU,NWR,JODHPUR,RAJASTHAN,
5195,BHIMARLAI,BMQ,E,NSG6,JU,NWR,BARMER,RAJASTHAN,
5196,BISHENGARH,BISH,E,NSG6,JU,NWR,JALORE,RAJASTHAN,
5197,BOMADRA,BOM,E,NSG6,JU,NWR,PALI,RAJASTHAN,
5198,BORAWAR,BOW,E,NSG6,JU,NWR,NAGAUR,RAJASTHAN,
5199,CHHOTI KHATU,CTKT,E,NSG6,JU,NWR,NAGAUR,RAJASTHAN,
5200,CHILO,CLO,E,NSG6,JU,NWR,NAGAUR,RAJASTHAN,
5201,DHANERA,DQN,E,NSG6,JU,NWR,BANAS KANTHA,GUJARAT,
5202,DUDIA,DUK,E,NSG6,JU,NWR,JODHPUR,RAJASTHAN,
5203,DUNDARA,DOR,E,NSG6,JU,NWR,JODHPUR,RAJASTHAN,
5204,GACHHIPURA,GCH,E,NSG6,JU,NWR,NAGAUR,RAJASTHAN,
5205,GADRA ROAD,GDD,E,NSG6,JU,NWR,BARMER,RAJASTHAN,
5206,GOLE,GOLE,E,NSG6,JU,NWR,BARMER,RAJASTHAN,
5207,GOVINDI MARWAR,GVMR,E,NSG6,JU,NWR,NAGAUR,RAJASTHAN,
5208,GUDHA,GA,E,NSG6,JU,NWR,NAGAUR,RAJASTHAN,
5209,HANWANT,HWT,E,NSG6,JU,NWR,JODHPUR,RAJASTHAN,
5210,HARLAYA,HRLI,E,NSG6,JU,NWR,JODHPUR,RAJASTHAN,
5211,JAGANNATH JI,JNX,E,NSG6,JU,NWR,JALORE,RAJASTHAN,
5212,JAJIWAL,JWL,E,NSG6,JU,NWR,JODHPUR,RAJASTHAN,
5213,JALSU,JAC,E,NSG6,JU,NWR,NAGAUR,RAJASTHAN,
5214,JANIYANA,JNE,E,NSG6,JU,NWR,BARMER,RAJASTHAN,
5215,JARI,JARI,E,NSG6,JU,NWR,BANAS KANTHA,GUJARAT,
5216,JASAI,JSA,E,NSG6,JU,NWR,BARMER,RAJASTHAN,
5217,JENAL,JNZ,E,NSG6,JU,NWR,BANAS KANTHA,GUJARAT,
5218,JETHA CHANDAN,JCH,E,NSG6,JU,NWR,JAISALMER,RAJASTHAN,
5219,JODHPUR CANTT,JUCT,E,NSG6,JU,NWR,JODHPUR,RAJASTHAN,
5220,JOGI MAGRA,JOM,E,NSG6,JU,NWR,NAGAUR,RAJASTHAN,
5221,KAIRLA,KAI,E,NSG6,JU,NWR,PALI,RAJASTHAN,
5222,KAVAS,KVA,E,NSG6,JU,NWR,BARMER,RAJASTHAN,
5223,KHAJWANA,KJW,E,NSG6,JU,NWR,NAGAUR,RAJASTHAN,
5224,KHARIA KHANGAR,KXG,E,NSG6,JU,NWR,JODHPUR,RAJASTHAN,
5225,KHATU,KHTU,E,NSG6,JU,NWR,NAGAUR,RAJASTHAN,
5226,KHEDULI,KQW,E,NSG6,JU,NWR,NAGAUR,RAJASTHAN,
5227,KHERI SALWA,KSW,E,NSG6,JU,NWR,JODHPUR,RAJASTHAN,
5228,KHUNKHUNA,KKNA,E,NSG6,JU,NWR,NAGAUR,RAJASTHAN,
5229,KIRODA,KRC,E,NSG6,JU,NWR,NAGAUR,RAJASTHAN,
5230,LADERMER HALT,LDM,F,NSG6,JU,NWR,JALORE,RAJASTHAN,
5231,MAHAMANDIR,MMC,E,NSG6,JU,NWR,JODHPUR,RAJASTHAN,
5232,MALWARA,MBW,E,NSG6,JU,NWR,JALORE,RAJASTHAN,
5233,MANDOR,MDB,E,NSG6,JU,NWR,JODHPUR,RAJASTHAN,
5234,MARWAR BAGRA,MBGA,E,NSG6,JU,NWR,JALORE,RAJASTHAN,
5235,MARWAR BITHRI,MBT,E,NSG6,JU,NWR,JODHPUR,RAJASTHAN,
5236,MARWAR CHHAPARI,MCPE,E,NSG6,JU,NWR,NAGAUR,RAJASTHAN,
5237,MARWAR KHARA,MKHR,E,NSG6,JU,NWR,JODHPUR,RAJASTHAN,
5238,MARWAR KORI,KOF,E,NSG6,JU,NWR,JALORE,RAJASTHAN,
5239,MARWAR LOHAWAT,MWT,E,NSG6,JU,NWR,JODHPUR,RAJASTHAN,
5240,MARWAR MATHANIYA,MMY,D,NSG6,JU,NWR,JODHPUR,RAJASTHAN,
5241,MARWAR MUNDWA,MDW,E,NSG6,JU,NWR,NAGAUR,RAJASTHAN,
5242,MARWAR RATANPUR,MSQ,E,NSG6,JU,NWR,JALORE,RAJASTHAN,
5243,MERTA CITY,MEC,D,NSG6,JU,NWR,NAGAUR,RAJASTHAN,
5244,MODRAN,MON,E,NSG6,JU,NWR,JALORE,RAJASTHAN,
5245,MOKALSAR,MKSR,E,NSG6,JU,NWR,BARMER,RAJASTHAN,
5246,MUNABAO,MBF,E,NSG6,JU,NWR,BARMER,RAJASTHAN,
5247,NAYA KHARADIA,NYK,E,NSG6,JU,NWR,NAGAUR,RAJASTHAN,
5248,ODHANIYA CHACHA,OCH,E,NSG6,JU,NWR,JAISALMER,RAJASTHAN,
5249,OSIYAN,OSN,E,NSG6,JU,NWR,JODHPUR,RAJASTHAN,
5250,PALANA,PAE,E,NSG6,JU,NWR,BIKANER,RAJASTHAN,
5251,PARHIHARA,PIH,E,NSG6,JU,NWR,CHURU,RAJASTHAN,
5252,PARLU,PRU,E,NSG6,JU,NWR,BARMER,RAJASTHAN,
5253,PARVATSAR CITY,PBC,E,NSG6,JU,NWR,NAGAUR,RAJASTHAN,
5254,PIPAR ROAD JN.,PPR,E,NSG6,JU,NWR,JODHPUR,RAJASTHAN,
5255,RAJKIAWAS,RKZ,E,NSG6,JU,NWR,PALI,RAJASTHAN,
5256,RAKHI HALT,RHI,F,NSG6,JU,NWR,BARMER,RAJASTHAN,
5257,RAMSAN,RXN,E,NSG6,JU,NWR,BANAS KANTHA,GUJARAT,
5258,RANIWARA,RNV,E,NSG6,JU,NWR,JALORE,RAJASTHAN,
5259,ROHAT,RT,E,NSG6,JU,NWR,PALI,RAJASTHAN,
5260,SALAWAS,SZ,E,NSG6,JU,NWR,JODHPUR,RAJASTHAN,
5261,SAMBHAR LAKE,SBR,E,NSG6,JU,NWR,JAIPUR,RAJASTHAN,
5262,SATHIN ROAD,SWF,E,NSG6,JU,NWR,JODHPUR,RAJASTHAN,
5263,SATLANA,SUT,E,NSG6,JU,NWR,JODHPUR,RAJASTHAN,
5264,SHAITANSINGHANAGAR,STSN,E,NSG6,JU,NWR,JODHPUR,RAJASTHAN,
5265,SHRI BALAJI,SBLJ,E,NSG6,JU,NWR,NAGAUR,RAJASTHAN,
5266,SURPURA,SPO,E,NSG6,JU,NWR,BIKANER,RAJASTHAN,
5267,TALCHHAPAR,TLC,E,NSG6,JU,NWR,CHURU,RAJASTHAN,
5268,THAIYAT HAMIRA,THM,E,NSG6,JU,NWR,JAISALMER,RAJASTHAN,
5269,TILWARA,TWL,E,NSG6,JU,NWR,BARMER,RAJASTHAN,
5270,TIVARI,TIW,E,NSG6,JU,NWR,JODHPUR,RAJASTHAN,
5271,UDRAMSAR,UMS,E,NSG6,JU,NWR,BIKANER,RAJASTHAN,
5272,UMED,UMED,E,NSG6,JU,NWR,JODHPUR,RAJASTHAN,
5273,UTARLAI,UTL,D,NSG6,JU,NWR,BARMER,RAJASTHAN,
5274,NELLORE-SOUTH HALT,NLS,F,HG1,BZA,SCR,SPSR NELLORE,ANDHRA PRADESH,
5275,CHILUVUR,CLVR,F,HG2,BZA,SCR,GUNTUR,ANDHRA PRADESH,
5276,DOSAPADU,DPD,F,HG2,BZA,SCR,KRISHNA,ANDHRA PRADESH,
5277,DURGADA GATE HALT,DGDG,F,HG2,BZA,SCR,KAKINADA,ANDHRA PRADESH,
5278,IPURUPALEM HALT,IPPM,F,HG2,BZA,SCR,PRAKASAM,ANDHRA PRADESH,
5279,JANDRAPETA HALT,JAQ,F,HG2,BZA,SCR,PRAKASAM,ANDHRA PRADESH,
5280,KADAVAKUDURU,KVDU,F,HG2,BZA,SCR,BAPATLA,ANDHRA PRADESH,
5281,KASIMKOTA,KSK,F,HG2,BZA,SCR,VISAKHAPATANAM,ANDHRA PRADESH,
5282,KOLAKALUR HALT,KLX,F,HG2,BZA,SCR,GUNTUR,ANDHRA PRADESH,
5283,KOTTA PANDILLAPALLI,KPLL,F,HG2,BZA,SCR,BAPATLA,ANDHRA PRADESH,
5284,MACHAVARAM HALT,MCVM,F,HG2,BZA,SCR,GUNTUR,ANDHRA PRADESH,
5285,MANCHILI,MCLE,F,HG2,BZA,SCR,WEST GODAVARI,ANDHRA PRADESH,
5286,MODUKURU HALT,MDKU,F,HG2,BZA,SCR,BAPATLA,ANDHRA PRADESH,
5287,PASIVEDALA,PSDA,F,HG2,BZA,SCR,WEST GODAVARI,ANDHRA PRADESH,
5288,PUTLACHERUVU,PCU,F,HG2,BZA,SCR,KRISHNA,ANDHRA PRADESH,
5289,RAPARLA HALT,RPRL,F,HG2,BZA,SCR,PRAKASAM,ANDHRA PRADESH,
5290,RELANGI,RLG,F,HG2,BZA,SCR,WEST GODAVARI,ANDHRA PRADESH,
5291,SRUNGAVRUKSHAM,SGKM,F,HG2,BZA,SCR,WEST GODAVARI,ANDHRA PRADESH,
5292,TARIGOPPULA,TGU,F,HG2,BZA,SCR,KRISHNA,ANDHRA PRADESH,
5293,VADLAMANNADU HALT,VMD,F,HG2,BZA,SCR,KRISHNA,ANDHRA PRADESH,
5294,VENDRA HALT,VND,F,HG2,BZA,SCR,WEST GODAVARI,ANDHRA PRADESH,
5295,ARTALAKATTA,AKAH,E,HG3,BZA,SCR,KAKINADA,ANDHRA PRADESH,
5296,"BALABHADRAPURAM
HALT",BBPM,F,HG3,BZA,SCR,EAST GODAVARI,ANDHRA PRADESH,
5297,BRAHMANAGUDEM HALT,BMGM,F,HG3,BZA,SCR,WEST GODAVARI,ANDHRA PRADESH,
5298,CHERUKUVADA,CKV,F,HG3,BZA,SCR,WEST GODAVARI,ANDHRA PRADESH,
5299,CHINTAPARRU HALT,CTPR,F,HG3,BZA,SCR,WEST GODAVARI,ANDHRA PRADESH,
5300,DRAKSHARAMA,DKSA,E,HG3,BZA,SCR,"Dr. B.R.AMBEDKAR
KONASEEMA",ANDHRA PRADESH,
5301,GANGAVARAM,GVMH,E,HG3,BZA,SCR,EAST GODAVARI,ANDHRA PRADESH,
5302,GUNTAKODURU,GUK,F,HG3,BZA,SCR,KRISHNA,ANDHRA PRADESH,
5303,KOLANUKONDA HALT,KAQ,F,HG3,BZA,SCR,GUNTUR,ANDHRA PRADESH,
5304,KOVVADA,KOVH,E,HG3,BZA,SCR,KAKINADA,ANDHRA PRADESH,
5305,KUNDURU,KDUH,E,HG3,BZA,SCR,"Dr. B.R.AMBEDKAR
KONASEEMA",ANDHRA PRADESH,
5306,"LAKSHMINARAYANAPURA
M",LKSH,F,HG3,BZA,SCR,WEST GODAVARI,ANDHRA PRADESH,
5307,LANKALAKODERU HALT,LKDU,F,HG3,BZA,SCR,WEST GODAVARI,ANDHRA PRADESH,
5308,MOKHASA KALAVAPUDI,MVP,F,HG3,BZA,SCR,KRISHNA,ANDHRA PRADESH,
5309,NARASAPURAPUPETA,NSPH,E,HG3,BZA,SCR,"Dr. B.R.AMBEDKAR
KONASEEMA",ANDHRA PRADESH,
5310,NUJELLA,NUJ,F,HG3,BZA,SCR,KRISHNA,ANDHRA PRADESH,
5311,PALLEVADA,PLVA,E,HG3,BZA,SCR,KRISHNA,ANDHRA PRADESH,
5312,PASALAPUDI,PSLP,F,HG3,BZA,SCR,KRISHNA,ANDHRA PRADESH,
5313,SATYAVADA,STVA,F,HG3,BZA,SCR,EAST GODAVARI,ANDHRA PRADESH,
5314,TENNERU,TNRU,F,HG3,BZA,SCR,KRISHNA,ANDHRA PRADESH,
5315,TIMMAPURAM HALT,TMPM,F,HG3,BZA,SCR,KAKINADA,ANDHRA PRADESH,
5316,UNGUTURU,VGT,F,HG3,BZA,SCR,ELURU,ANDHRA PRADESH,
5317,VAKADA,VH,E,HG3,BZA,SCR,KAKINADA,ANDHRA PRADESH,
5318,VELANGI,VGH,E,HG3,BZA,SCR,KAKINADA,ANDHRA PRADESH,
5319,VELPURU,VPU,F,HG3,BZA,SCR,WEST GODAVARI,ANDHRA PRADESH,
5320,VENTRAPRAGADA,VPG,F,HG3,BZA,SCR,KRISHNA,ANDHRA PRADESH,
5321,VIRAVALLI HALT,VRVL,F,HG3,BZA,SCR,KRISHNA,ANDHRA PRADESH,
5322,VIJAYAWADA JN.,BZA,A1,NSG2,BZA,SCR,NTR,ANDHRA PRADESH,
5323,BHIMAVARAM TOWN,BVRT,A,NSG3,BZA,SCR,WEST GODAVARI,ANDHRA PRADESH,
5324,ELURU,EE,A,NSG3,BZA,SCR,ELURU,ANDHRA PRADESH,
5325,GUDUR JN.,GDR,A,NSG3,BZA,SCR,TIRUPATI,ANDHRA PRADESH,
5326,KAKINADA TOWN,CCT,A,NSG3,BZA,SCR,KAKINADA,ANDHRA PRADESH,
5327,NELLORE,NLR,A,NSG3,BZA,SCR,SPSR NELLORE,ANDHRA PRADESH,
5328,ONGOLE,OGL,A,NSG3,BZA,SCR,PRAKASAM,ANDHRA PRADESH,
5329,RAJAHMUNDRY,RJY,A,NSG3,BZA,SCR,EAST GODAVARI,ANDHRA PRADESH,
5330,SAMALKOT JN.,SLO,A,NSG3,BZA,SCR,KAKINADA,ANDHRA PRADESH,
5331,TENALI JN.,TEL,A,NSG3,BZA,SCR,GUNTUR,ANDHRA PRADESH,
5332,ANAKAPALLE,AKP,A,NSG4,BZA,SCR,ANAKAPALLE,ANDHRA PRADESH,
5333,ANNAVARAM,ANV,B,NSG4,BZA,SCR,KAKINADA,ANDHRA PRADESH,
5334,BHIMAVARAM JN.,BVRM,B,NSG4,BZA,SCR,WEST GODAVARI,ANDHRA PRADESH,
5335,CHIRALA,CLX,A,NSG4,BZA,SCR,PRAKASAM,ANDHRA PRADESH,
5336,GUDIVADA JN.,GDV,B,NSG4,BZA,SCR,KRISHNA,ANDHRA PRADESH,
5337,KAKINADA PORT,COA,B,NSG4,BZA,SCR,KAKINADA,ANDHRA PRADESH,
5338,NARASAPUR,NS,B,NSG4,BZA,SCR,WEST GODAVARI,ANDHRA PRADESH,
5339,NIDADAVOLU JN.,NDD,B,NSG4,BZA,SCR,WEST GODAVARI,ANDHRA PRADESH,
5340,TADEPALLIGUDEM,TDD,A,NSG4,BZA,SCR,WEST GODAVARI,ANDHRA PRADESH,
5341,TUNI,TUNI,A,NSG4,BZA,SCR,KAKINADA,ANDHRA PRADESH,
5342,AKIVIDU,AKVD,D,NSG5,BZA,SCR,WEST GODAVARI,ANDHRA PRADESH,
5343,ANAPARTI,APT,B,NSG5,BZA,SCR,EAST GODAVARI,ANDHRA PRADESH,
5344,BAPATLA,BPP,B,NSG5,BZA,SCR,BAPATLA,ANDHRA PRADESH,
5345,BITRAGUNTA,BTTR,E,NSG5,BZA,SCR,SPSR NELLORE,ANDHRA PRADESH,
5346,DWARAPUDI,DWP,D,NSG5,BZA,SCR,EAST GODAVARI,ANDHRA PRADESH,
5347,ELLAMANCHILI,YLM,D,NSG5,BZA,SCR,ANAKAPALLE,ANDHRA PRADESH,
5348,GODAVARI,GVN,D,NSG5,BZA,SCR,EAST GODAVARI,ANDHRA PRADESH,
5349,KAIKALUR,KKLR,D,NSG5,BZA,SCR,ELURU,ANDHRA PRADESH,
5350,KAVALI,KVZ,B,NSG5,BZA,SCR,SPSR NELLORE,ANDHRA PRADESH,
5351,KOVVURU,KVR,D,NSG5,BZA,SCR,WEST GODAVARI,ANDHRA PRADESH,
5352,MACHILIPATNAM,MTM,B,NSG5,BZA,SCR,KRISHNA,ANDHRA PRADESH,
5353,NARSIPATNAM ROAD,NRP,D,NSG5,BZA,SCR,ANAKAPALLE,ANDHRA PRADESH,
5354,NIDUBROLU,NDO,D,NSG5,BZA,SCR,GUNTUR,ANDHRA PRADESH,
5355,NUZVID,NZD,E,NSG5,BZA,SCR,KRISHNA,ANDHRA PRADESH,
5356,PALAKOLLU,PKO,B,NSG5,BZA,SCR,WEST GODAVARI,ANDHRA PRADESH,
5357,PEDANA,PAV,D,NSG5,BZA,SCR,KRISHNA,ANDHRA PRADESH,
5358,PITHAPURAM,PAP,D,NSG5,BZA,SCR,KAKINADA,ANDHRA PRADESH,
5359,POWERPET,PRH,D,NSG5,BZA,SCR,ELURU,ANDHRA PRADESH,
5360,SINGARAYAKONDA,SKM,B,NSG5,BZA,SCR,PRAKASAM,ANDHRA PRADESH,
5361,TANUKU,TNKU,B,NSG5,BZA,SCR,WEST GODAVARI,ANDHRA PRADESH,
5362,VEDAYAPALEM,VDE,D,NSG5,BZA,SCR,SPSR NELLORE,ANDHRA PRADESH,
5363,VIRAVASARAM,VVM,D,NSG5,BZA,SCR,WEST GODAVARI,ANDHRA PRADESH,
5364,ALLURU ROAD,AXR,E,NSG6,BZA,SCR,SPSR NELLORE,ANDHRA PRADESH,
5365,AMMANABROLU,ANB,E,NSG6,BZA,SCR,PRAKASAM,ANDHRA PRADESH,
5366,APPIKATLA,APL,E,NSG6,BZA,SCR,BAPATLA,ANDHRA PRADESH,
5367,ARAVALLI,AVLI,E,NSG6,BZA,SCR,WEST GODAVARI,ANDHRA PRADESH,
5368,ATTILI,AL,E,NSG6,BZA,SCR,WEST GODAVARI,ANDHRA PRADESH,
5369,BADAMPUDI,BPY,E,NSG6,BZA,SCR,ELURU,ANDHRA PRADESH,
5370,BAYYAVARAM,BVM,E,NSG6,BZA,SCR,ANAKAPALLE,ANDHRA PRADESH,
5371,BHIMADOLU,BMD,E,NSG6,BZA,SCR,ELURU,ANDHRA PRADESH,
5372,BIKKAVOLU,BVL,E,NSG6,BZA,SCR,KAKINADA,ANDHRA PRADESH,
5373,CHAGALLU,CU,E,NSG6,BZA,SCR,WEST GODAVARI,ANDHRA PRADESH,
5374,CHEBROL,CEL,E,NSG6,BZA,SCR,ELURU,ANDHRA PRADESH,
5375,CHILAKALAPUDI,CLU,E,NSG6,BZA,SCR,KRISHNA,ANDHRA PRADESH,
5376,CHINNA GANJAM,CJM,E,NSG6,BZA,SCR,BAPATLA,ANDHRA PRADESH,
5377,DENDULURU,DEL,E,NSG6,BZA,SCR,ELURU,ANDHRA PRADESH,
5378,DUGGIRALA,DIG,E,NSG6,BZA,SCR,GUNTUR,ANDHRA PRADESH,
5379,GANNAVARAM,GWM,E,NSG6,BZA,SCR,KRISHNA,ANDHRA PRADESH,
5380,GOLLAPROLU,GLP,E,NSG6,BZA,SCR,KAKINADA,ANDHRA PRADESH,
5381,GUDLAVALLERU,GVL,E,NSG6,BZA,SCR,KRISHNA,ANDHRA PRADESH,
5382,GULLIPADU,GLU,E,NSG6,BZA,SCR,ANAKAPALLE,ANDHRA PRADESH,
5383,GUNADALA,GALA,E,NSG6,BZA,SCR,NTR,ANDHRA PRADESH,
5384,HAMSAVARAM,HVM,E,NSG6,BZA,SCR,KAKINADA,ANDHRA PRADESH,
5385,INDUPALLI,IDP,E,NSG6,BZA,SCR,KRISHNA,ANDHRA PRADESH,
5386,KADIYAM,KYM,E,NSG6,BZA,SCR,EAST GODAVARI,ANDHRA PRADESH,
5387,KALDHARI,KLDI,E,NSG6,BZA,SCR,EAST GODAVARI,ANDHRA PRADESH,
5388,KARAPA,KRAP,E,NSG6,BZA,SCR,KAKINADA,ANDHRA PRADESH,
5389,KARAVADI,KRV,E,NSG6,BZA,SCR,PRAKASAM,ANDHRA PRADESH,
5390,KAUTARAM,KVM,E,NSG6,BZA,SCR,KRISHNA,ANDHRA PRADESH,
5391,KODAVALURU,KJJ,E,NSG6,BZA,SCR,SPSR NELLORE,ANDHRA PRADESH,
5392,KONDAPALLI,KI,E,NSG6,BZA,SCR,NTR,ANDHRA PRADESH,
5393,KOTIPALLI,KPLH,E,NSG6,BZA,SCR,"Dr. B.R.AMBEDKAR
KONASEEMA",ANDHRA PRADESH,
5394,KRISHNA CANAL JN,KCC,E,NSG6,BZA,SCR,GUNTUR,ANDHRA PRADESH,
5395,MADHURANAGAR,MDUN,E,NSG6,BZA,SCR,NTR,ANDHRA PRADESH,
5396,MANDAVALLI,MDVL,E,NSG6,BZA,SCR,KRISHNA,ANDHRA PRADESH,
5397,MANUBOLU,MBL,E,NSG6,BZA,SCR,SPSR NELLORE,ANDHRA PRADESH,
5398,MEDAPADU,MPU,E,NSG6,BZA,SCR,KAKINADA,ANDHRA PRADESH,
5399,MOTURU,OTR,E,NSG6,BZA,SCR,KRISHNA,ANDHRA PRADESH,
5400,MUSTABADA,MBD,E,NSG6,BZA,SCR,KRISHNA,ANDHRA PRADESH,
5401,NARASINGAPALLI,NASP,E,NSG6,BZA,SCR,VISAKHAPATANAM,ANDHRA PRADESH,
5402,NAVABPALEM,NBM,E,NSG6,BZA,SCR,WEST GODAVARI,ANDHRA PRADESH,
5403,NIDAMANURU,NDM,E,NSG6,BZA,SCR,KRISHNA,ANDHRA PRADESH,
5404,PADUGUPADU,PGU,E,NSG6,BZA,SCR,SPSR NELLORE,ANDHRA PRADESH,
5405,PEDDA AVATAPALLE,PAVP,E,NSG6,BZA,SCR,KRISHNA,ANDHRA PRADESH,
5406,PEDDAVADLAPUDI,PVD,E,NSG6,BZA,SCR,GUNTUR,ANDHRA PRADESH,
5407,PENNADA AGRAHARAM,PAGM,E,NSG6,BZA,SCR,WEST GODAVARI,ANDHRA PRADESH,
5408,PULLA,PUA,F,NSG6,BZA,SCR,ELURU,ANDHRA PRADESH,
5409,RAMACHANDRAPURAM,RBCS,E,NSG6,BZA,SCR,"Dr. B.R.AMBEDKAR
KONASEEMA",ANDHRA PRADESH,
5410,RAMAVARAPPADU,RMV,E,NSG6,BZA,SCR,KRISHNA,ANDHRA PRADESH,
5411,RAVIKAMPADU,RVD,E,NSG6,BZA,SCR,KAKINADA,ANDHRA PRADESH,
5412,RAYANAPADU,RYP,E,NSG6,BZA,SCR,NTR,ANDHRA PRADESH,
5413,REGUPALEM,REG,E,NSG6,BZA,SCR,ANAKAPALLE,ANDHRA PRADESH,
5414,SRI VENKATESWARAPALE,SVPM,E,NSG6,BZA,SCR,SPSR NELLORE,ANDHRA PRADESH,
5415,STUARTPURAM,SPF,E,NSG6,BZA,SCR,GUNTUR,ANDHRA PRADESH,
5416,SURAREDDIPALEM,SDM,E,NSG6,BZA,SCR,PRAKASAM,ANDHRA PRADESH,
5417,TALAMANCHI,TMC,E,NSG6,BZA,SCR,SPSR NELLORE,ANDHRA PRADESH,
5418,TANGUTURU,TNR,E,NSG6,BZA,SCR,PRAKASAM,ANDHRA PRADESH,
5419,TELAPROLU,TOU,E,NSG6,BZA,SCR,KRISHNA,ANDHRA PRADESH,
5420,TETTU,TTU,E,NSG6,BZA,SCR,PRAKASAM,ANDHRA PRADESH,
5421,THADI,THY,E,NSG6,BZA,SCR,VISAKHAPATANAM,ANDHRA PRADESH,
5422,TSUNDURU,TSR,E,NSG6,BZA,SCR,BAPATLA,ANDHRA PRADESH,
5423,ULAVAPADU,UPD,E,NSG6,BZA,SCR,PRAKASAM,ANDHRA PRADESH,
5424,UNDI,UNDI,E,NSG6,BZA,SCR,WEST GODAVARI,ANDHRA PRADESH,
5425,UPPALUR,UPL,E,NSG6,BZA,SCR,KRISHNA,ANDHRA PRADESH,
5426,UPPUGUNDURU,UGD,E,NSG6,BZA,SCR,PRAKASAM,ANDHRA PRADESH,
5427,VATLUR,VAT,E,NSG6,BZA,SCR,ELURU,ANDHRA PRADESH,
5428,VENKATACHALAM,VKT,E,NSG6,BZA,SCR,SPSR NELLORE,ANDHRA PRADESH,
5429,VETAPALEM,VTM,E,NSG6,BZA,SCR,PRAKASAM,ANDHRA PRADESH,
5430,ANGALAKUDURU H,AKU,F,HG2,GNT,SCR,GUNTUR,ANDHRA PRADESH,
5431,GURUJALA,GZA,F,HG2,GNT,SCR,PALNADU,ANDHRA PRADESH,
5432,KISTAMSETTIPALLI,KSTE,F,HG2,GNT,SCR,PRAKASAM,ANDHRA PRADESH,
5433,PENUMARRU HALT,PUMU,F,HG2,GNT,SCR,BAPATLA,ANDHRA PRADESH,
5434,RENTACHINTALA HALT,RCA,F,HG2,GNT,SCR,PALNADU,ANDHRA PRADESH,
5435,VELLACHERUVU HALT,VLE,F,HG2,GNT,SCR,PRAKASAM,ANDHRA PRADESH,
5436,BHATTIPROLU,BQU,E,HG3,GNT,SCR,BAPATLA,ANDHRA PRADESH,
5437,PALLIKONA,POA,E,HG3,GNT,SCR,BAPATLA,ANDHRA PRADESH,
5438,ZAMPANI HALT,ZPI,F,HG3,GNT,SCR,GUNTUR,ANDHRA PRADESH,
5439,GUNTUR JN.,GNT,A,NSG3,GNT,SCR,GUNTUR,ANDHRA PRADESH,
5440,MANGALAGIRI,MAG,D,NSG4,GNT,SCR,GUNTUR,ANDHRA PRADESH,
5441,NANDYAL,NDL,B,NSG4,GNT,SCR,NANDYAL,ANDHRA PRADESH,
5442,REPALLE,RAL,D,NSG4,GNT,SCR,BAPATLA,ANDHRA PRADESH,
5443,CUMBUM,CBM,D,NSG5,GNT,SCR,PRAKASAM,ANDHRA PRADESH,
5444,DONAKONDA,DKD,D,NSG5,GNT,SCR,PRAKASAM,ANDHRA PRADESH,
5445,GIDDALUR,GID,D,NSG5,GNT,SCR,PRAKASAM,ANDHRA PRADESH,
5446,MACHERLA,MCLA,D,NSG5,GNT,SCR,PALNADU,ANDHRA PRADESH,
5447,MARKAPUR ROAD,MRK,D,NSG5,GNT,SCR,PRAKASAM,ANDHRA PRADESH,
5448,MIRYALAGUDA,MRGA,D,NSG5,GNT,SCR,NALGONDA,TELANGANA,
5449,NADIKUDE JN.,NDKD,D,NSG5,GNT,SCR,PALNADU,ANDHRA PRADESH,
5450,NALGONDA,NLDA,B,NSG5,GNT,SCR,NALGONDA,TELANGANA,
5451,NARASARAOPET,NRT,D,NSG5,GNT,SCR,PALNADU,ANDHRA PRADESH,
5452,NEW GUNTUR STATION,NGNT,E,NSG5,GNT,SCR,GUNTUR,ANDHRA PRADESH,
5453,PIDUGURALLA,PGRL,D,NSG5,GNT,SCR,PALNADU,ANDHRA PRADESH,
5454,SATTENAPALLE,SAP,D,NSG5,GNT,SCR,PALNADU,ANDHRA PRADESH,
5455,VINUKONDA,VKN,D,NSG5,GNT,SCR,PALNADU,ANDHRA PRADESH,
5456,BANDARUPALLI,BDPL,E,NSG6,GNT,SCR,GUNTUR,ANDHRA PRADESH,
5457,BELLAMKONDA,BMKD,E,NSG6,GNT,SCR,PALNADU,ANDHRA PRADESH,
5458,CHALAMA,CMZ,E,NSG6,GNT,SCR,NANDYAL,ANDHRA PRADESH,
5459,CHEEKATEGALAPALEM,CEM,E,NSG6,GNT,SCR,PALNADU,ANDHRA PRADESH,
5460,CHINNARAVURU,CIV,E,NSG6,GNT,SCR,GUNTUR,ANDHRA PRADESH,
5461,CHITYALA,CTYL,E,NSG6,GNT,SCR,NALGONDA,TELANGANA,
5462,DIGUVAMETTA,DMT,E,NSG6,GNT,SCR,PRAKASAM,ANDHRA PRADESH,
5463,GAJJELAKONDA,GJJ,E,NSG6,GNT,SCR,PRAKASAM,ANDHRA PRADESH,
5464,GAZULAPALLI,GZL,E,NSG6,GNT,SCR,NANDYAL,ANDHRA PRADESH,
5465,GUNDLAKAMMA,GKM,E,NSG6,GNT,SCR,PALNADU,ANDHRA PRADESH,
5466,JAGGAMBHOTLA KRISHNA,JBK,E,NSG6,GNT,SCR,PRAKASAM,ANDHRA PRADESH,
5467,KURICHEDU,KCD,E,NSG6,GNT,SCR,PRAKASAM,ANDHRA PRADESH,
5468,MUNUMAKA,MUK,E,NSG6,GNT,SCR,PALNADU,ANDHRA PRADESH,
5469,NAGIREDDIPALLI,NRDP,E,NSG6,GNT,SCR,"YADADRI
BHUVANAGIRI",TELANGANA,
5470,NALLAPADU,NLPD,E,NSG6,GNT,SCR,GUNTUR,ANDHRA PRADESH,
5471,NAMBURU,NBR,E,NSG6,GNT,SCR,GUNTUR,ANDHRA PRADESH,
5472,NUDURUPADU,NDPU,E,NSG6,GNT,SCR,GUNTUR,ANDHRA PRADESH,
5473,PEDAKAKANI HALT,PDKN,F,NSG6,GNT,SCR,GUNTUR,ANDHRA PRADESH,
5474,PEDDAKURAPADU,PKPU,E,NSG6,GNT,SCR,PALNADU,ANDHRA PRADESH,
5475,PERECHERLA,PRCA,E,NSG6,GNT,SCR,GUNTUR,ANDHRA PRADESH,
5476,PHIRANGIPURAM,PPM,E,NSG6,GNT,SCR,GUNTUR,ANDHRA PRADESH,
5477,PONDUGULA,PDGL,E,NSG6,GNT,SCR,PALNADU,ANDHRA PRADESH,
5478,POTLAPADU,POO,E,NSG6,GNT,SCR,PRAKASAM,ANDHRA PRADESH,
5479,RAMANNAPETA,RMNP,E,NSG6,GNT,SCR,"YADADRI
BHUVANAGIRI",TELANGANA,
5480,REDDIGUDEM,REM,E,NSG6,GNT,SCR,PALNADU,ANDHRA PRADESH,
5481,SANGAMJAGARLAMUDI,SJL,E,NSG6,GNT,SCR,GUNTUR,ANDHRA PRADESH,
5482,SANTAMAGULUR,SAB,E,NSG6,GNT,SCR,PALNADU,ANDHRA PRADESH,
5483,SATULUR,STUR,E,NSG6,GNT,SCR,PALNADU,ANDHRA PRADESH,
5484,SAVALYAPURAM,SYM,E,NSG6,GNT,SCR,PALNADU,ANDHRA PRADESH,
5485,SHRI RAMPURAM,SRMR,E,NSG6,GNT,SCR,NALGONDA,TELANGANA,
5486,SIRIPURAM,SRPM,E,NSG6,GNT,SCR,GUNTUR,ANDHRA PRADESH,
5487,SOMIDEVIPALLE,SDV,E,NSG6,GNT,SCR,PRAKASAM,ANDHRA PRADESH,
5488,TARLUPADU,TLU,E,NSG6,GNT,SCR,PRAKASAM,ANDHRA PRADESH,
5489,THIPPARTHI,TPPI,E,NSG6,GNT,SCR,NALGONDA,TELANGANA,
5490,TUMMALACHERUVU,TMLU,E,NSG6,GNT,SCR,PALNADU,ANDHRA PRADESH,
5491,VALIGONDA,VLG,E,NSG6,GNT,SCR,"YADADRI
BHUVANAGIRI",TELANGANA,
5492,VEJANDLA,VJA,E,NSG6,GNT,SCR,GUNTUR,ANDHRA PRADESH,
5493,VEMURU,VMU,E,NSG6,GNT,SCR,BAPATLA,ANDHRA PRADESH,
5494,VISHNUPURAM,VNUP,E,NSG6,GNT,SCR,NALGONDA,TELANGANA,
5495,YADAVALLI,YADA,E,NSG6,GNT,SCR,PRAKASAM,ANDHRA PRADESH,
5496,HANUMAN STATION,HNMN,F,HG2,GTL,SCR,ANANTAPUR,ANDHRA PRADESH,
5497,TIRUPATI WEST HALT,TPW,F,HG2,GTL,SCR,SRI BALAJI,ANDHRA PRADESH,
5498,HANUMAPURA HALT,HPH,F,HG3,GTL,SCR,RAICHUR,KARNATAKA,
5499,IMAMPURAM,IMAM,F,HG3,GTL,SCR,ANANTAPUR,ANDHRA PRADESH,
5500,KOTALA HALT,KEN,F,HG3,GTL,SCR,SRI BALAJI,ANDHRA PRADESH,
5501,LINGANENIDODDI,LMD,E,HG3,GTL,SCR,KURNOOL,ANDHRA PRADESH,
5502,MALAKAVEMALA,MVA,F,HG3,GTL,SCR,SRI SATYA SAI,ANDHRA PRADESH,
5503,MANGALAMPETA,MPT,F,HG3,GTL,SCR,CHITTOOR,ANDHRA PRADESH,
5504,NALLACHERUVU EAST,NCE,F,HG3,GTL,SCR,SRI SATYA SAI,ANDHRA PRADESH,
5505,PEYANAPALLI HALT,PYX,F,HG3,GTL,SCR,CHITTOOR,ANDHRA PRADESH,
5506,"SANKARA GUMMANUR
HAL",SNKG,F,HG3,GTL,SCR,KURNOOL,ANDHRA PRADESH,
5507,SHAMPURHALLI HALT,SPHL,F,HG3,GTL,SCR,KALABURAGI,KARNATAKA,
5508,TSAKIBANDA,TKBN,F,HG3,GTL,SCR,BALLARI,KARNATAKA,
5509,TIRUPATI,TPTY,A1,NSG2,GTL,SCR,SRI BALAJI,ANDHRA PRADESH,
5510,ANANTAPUR,ATP,A,NSG3,GTL,SCR,ANANTAPUR,ANDHRA PRADESH,
5511,CUDDAPAH,HX,A,NSG3,GTL,SCR,Y.S.R. KADAPA,ANDHRA PRADESH,
5512,GUNTAKAL JN.,GTL,A,NSG3,GTL,SCR,ANANTAPUR,ANDHRA PRADESH,
5513,RAICHUR,RC,A,NSG3,GTL,SCR,RAICHUR,KARNATAKA,
5514,RENIGUNTA JN.,RU,A,NSG3,GTL,SCR,SRI BALAJI,ANDHRA PRADESH,
5515,YADGIR,YG,A,NSG3,GTL,SCR,YADGIR,KARNATAKA,
5516,ADONI,AD,B,NSG4,GTL,SCR,KURNOOL,ANDHRA PRADESH,
5517,CHITTOOR,CTO,B,NSG4,GTL,SCR,CHITTOOR,ANDHRA PRADESH,
5518,DHARMAVARAM JN.,DMM,B,NSG4,GTL,SCR,SRI SATYA SAI,ANDHRA PRADESH,
5519,DHONE JN,DHNE,B,NSG4,GTL,SCR,NANDYAL,ANDHRA PRADESH,
5520,GOOTY JN.,GY,B,NSG4,GTL,SCR,ANANTAPUR,ANDHRA PRADESH,
5521,MANTHRALAYAM ROAD,MALM,B,NSG4,GTL,SCR,KURNOOL,ANDHRA PRADESH,
5522,SRI KALAHASTI,KHT,B,NSG4,GTL,SCR,SRI BALAJI,ANDHRA PRADESH,
5523,KADIRI,KRY,D,NSG5,GTL,SCR,SRI SATYA SAI,ANDHRA PRADESH,
5524,KODURU,KOU,D,NSG5,GTL,SCR,ANNAMAYYA,ANDHRA PRADESH,
5525,KRISHNA,KSN,D,NSG5,GTL,SCR,MAHABUBNAGAR,TELANGANA,
5526,MADANAPALLE ROAD,MPL,E,NSG5,GTL,SCR,ANNAMAYYA,ANDHRA PRADESH,
5527,MUDDANURU,MOO,E,NSG5,GTL,SCR,Y.S.R. KADAPA,ANDHRA PRADESH,
5528,NALWAR,NW,D,NSG5,GTL,SCR,KALABURAGI,KARNATAKA,
5529,PAKALA JN.,PAK,D,NSG5,GTL,SCR,SRI BALAJI,ANDHRA PRADESH,
5530,RAZAMPETA,RJP,D,NSG5,GTL,SCR,ANNAMAYYA,ANDHRA PRADESH,
5531,SAIDAPUR,SADP,D,NSG5,GTL,SCR,YADGIR,KARNATAKA,
5532,TADIPATRI,TU,D,NSG5,GTL,SCR,ANANTAPUR,ANDHRA PRADESH,
5533,VENKATAGIRI,VKI,D,NSG5,GTL,SCR,SRI BALAJI,ANDHRA PRADESH,
5534,YERRAGUNTLA,YA,B,NSG5,GTL,SCR,Y.S.R. KADAPA,ANDHRA PRADESH,
5535,ANANTARAJUPET,ANE,E,NSG6,GTL,SCR,ANNAMAYYA,ANDHRA PRADESH,
5536,ASPARI,ASP,E,NSG6,GTL,SCR,KURNOOL,ANDHRA PRADESH,
5537,BALAPALLE,BLPE,NA,NSG6,GTL,SCR,ANNAMAYYA,ANDHRA PRADESH,
5538,BANAGANAPALLE,BGNP,E,NSG6,GTL,SCR,NANDYAL,ANDHRA PRADESH,
5539,BANTANAHAL,BLL,E,NSG6,GTL,SCR,KURNOOL,ANDHRA PRADESH,
5540,BETAMCHERLA,BMH,E,NSG6,GTL,SCR,NANDYAL,ANDHRA PRADESH,
5541,BEVINAHALU,BNL,E,NSG6,GTL,SCR,KURNOOL,ANDHRA PRADESH,
5542,BHAKARAPETA,BKPT,E,NSG6,GTL,SCR,Y.S.R. KADAPA,ANDHRA PRADESH,
5543,BOMMASAMUDRAM,BUM,E,NSG6,GTL,SCR,CHITTOOR,ANDHRA PRADESH,
5544,BUGGANAPALLE CEMENT,BEY,E,NSG6,GTL,SCR,NANDYAL,ANDHRA PRADESH,
5545,CHALLAVARIPALLE,CLPE,E,NSG6,GTL,SCR,ANANTAPUR,ANDHRA PRADESH,
5546,CHANDRAGIRI,CGI,E,NSG6,GTL,SCR,SRI BALAJI,ANDHRA PRADESH,
5547,CHEGUNTA,CGTA,E,NSG6,GTL,SCR,MAHABUBNAGAR,TELANGANA,
5548,CHIGICHERLA,CCA,E,NSG6,GTL,SCR,SRI SATYA SAI,ANDHRA PRADESH,
5549,CHIKSUGUR,CK,E,NSG6,GTL,SCR,RAICHUR,KARNATAKA,
5550,CHINNEKUNTAPALLI,CCI,E,NSG6,GTL,SCR,SRI SATYA SAI,ANDHRA PRADESH,
5551,DAMALCHERUVU,DCU,E,NSG6,GTL,SCR,SRI BALAJI,ANDHRA PRADESH,
5552,EDDULADODDI,EDD,E,NSG6,GTL,SCR,KURNOOL,ANDHRA PRADESH,
5553,GANGAYAPALLE,GPY,E,NSG6,GTL,SCR,Y.S.R. KADAPA,ANDHRA PRADESH,
5554,GARLADINNE,GDE,E,NSG6,GTL,SCR,ANANTAPUR,ANDHRA PRADESH,
5555,GULAPALYAMU,GPU,E,NSG6,GTL,SCR,ANANTAPUR,ANDHRA PRADESH,
5556,HADDINAGUNDU,HDD,NA,NSG6,GTL,SCR,BALLARI,KARNATAKA,
5557,HAGARI,HGI,E,NSG6,GTL,SCR,BALLARI,KARNATAKA,
5558,HASTAVARAMU,HAQ,E,NSG6,GTL,SCR,ANNAMAYYA,ANDHRA PRADESH,
5559,IRANAGALLU,EGU,E,NSG6,GTL,SCR,KURNOOL,ANDHRA PRADESH,
5560,ISIVI,ESV,E,NSG6,GTL,SCR,KURNOOL,ANDHRA PRADESH,
5561,JAKKALACHERUVU,JKO,E,NSG6,GTL,SCR,ANANTAPUR,ANDHRA PRADESH,
5562,JAMMALAMADUGU,JMDG,E,NSG6,GTL,SCR,Y.S.R. KADAPA,ANDHRA PRADESH,
5563,JUTURU,JUR,E,NSG6,GTL,SCR,ANANTAPUR,ANDHRA PRADESH,
5564,KALAMALLA,KMH,E,NSG6,GTL,SCR,Y.S.R. KADAPA,ANDHRA PRADESH,
5565,KALASAMUDRAM,KCM,E,NSG6,GTL,SCR,SRI SATYA SAI,ANDHRA PRADESH,
5566,KALIKIRI,KCI,E,NSG6,GTL,SCR,ANNAMAYYA,ANDHRA PRADESH,
5567,KALLURU,KLU,E,NSG6,GTL,SCR,ANANTAPUR,ANDHRA PRADESH,
5568,KAMALAPURAM,KKM,E,NSG6,GTL,SCR,Y.S.R. KADAPA,ANDHRA PRADESH,
5569,KANAMALOPALLE,KNLP,NA,NSG6,GTL,SCR,Y.S.R. KADAPA,ANDHRA PRADESH,
5570,KHADARPET,KDT,E,NSG6,GTL,SCR,ANANTAPUR,ANDHRA PRADESH,
5571,KOILAKUNTLA,KLKA,E,NSG6,GTL,SCR,NANDYAL,ANDHRA PRADESH,
5572,KOMALI,KMQA,NA,NSG6,GTL,SCR,ANANTAPUR,ANDHRA PRADESH,
5573,KONDAGUNTA,KQA,E,NSG6,GTL,SCR,SRI BALAJI,ANDHRA PRADESH,
5574,KONDAPURAM,KDP,E,NSG6,GTL,SCR,Y.S.R. KADAPA,ANDHRA PRADESH,
5575,KOSGI,KO,E,NSG6,GTL,SCR,KURNOOL,ANDHRA PRADESH,
5576,KRISHNAMMAKONA,KEF,E,NSG6,GTL,SCR,NANDYAL,ANDHRA PRADESH,
5577,KRISHNAPURAM,KPU,E,NSG6,GTL,SCR,Y.S.R. KADAPA,ANDHRA PRADESH,
5578,KUPGAL,KGL,E,NSG6,GTL,SCR,KURNOOL,ANDHRA PRADESH,
5579,KURABALAKOTA,KBA,E,NSG6,GTL,SCR,ANNAMAYYA,ANDHRA PRADESH,
5580,LINGIRI,LGRE,E,NSG6,GTL,SCR,RAICHUR,KARNATAKA,
5581,MADDIKERA,MKR,E,NSG6,GTL,SCR,KURNOOL,ANDHRA PRADESH,
5582,MADDURU,MADU,F,NSG6,GTL,SCR,NANDYAL,ANDHRA PRADESH,
5583,MALKAPURAM,MLK,E,NSG6,GTL,SCR,KURNOOL,ANDHRA PRADESH,
5584,MALLIYALA,MYL,E,NSG6,GTL,SCR,KURNOOL,ANDHRA PRADESH,
5585,MAMANDURU,MRM,E,NSG6,GTL,SCR,SRI BALAJI,ANDHRA PRADESH,
5586,MANGAPATNAM,MUM,E,NSG6,GTL,SCR,Y.S.R. KADAPA,ANDHRA PRADESH,
5587,MANTAPAMPALLE,MMPL,E,NSG6,GTL,SCR,Y.S.R. KADAPA,ANDHRA PRADESH,
5588,MARICHETHAL,MRC,E,NSG6,GTL,SCR,RAICHUR,KARNATAKA,
5589,MATMARI,MTU,E,NSG6,GTL,SCR,RAICHUR,KARNATAKA,
5590,MOLAGAVALLI,MGV,E,NSG6,GTL,SCR,KURNOOL,ANDHRA PRADESH,
5591,MUDIGUBBA,MGB,E,NSG6,GTL,SCR,SRI SATYA SAI,ANDHRA PRADESH,
5592,MULACALACHERUVU,MCU,E,NSG6,GTL,SCR,ANNAMAYYA,ANDHRA PRADESH,
5593,MUNGILIPATTU,MNPT,E,NSG6,GTL,SCR,CHITTOOR,ANDHRA PRADESH,
5594,NAGARUR,NRR,E,NSG6,GTL,SCR,KURNOOL,ANDHRA PRADESH,
5595,NAKKANADODDI,NKDO,E,NSG6,GTL,SCR,ANANTAPUR,ANDHRA PRADESH,
5596,NALLACHERUVU,NCU,E,NSG6,GTL,SCR,SRI SATYA SAI,ANDHRA PRADESH,
5597,NANCHERLA,NLA,E,NSG6,GTL,SCR,KURNOOL,ANDHRA PRADESH,
5598,NANDALUR,NRE,E,NSG6,GTL,SCR,ANNAMAYYA,ANDHRA PRADESH,
5599,NEMAKALLU,NMLU,NA,NSG6,GTL,SCR,KURNOOL,ANDHRA PRADESH,
5600,NIDIGALLU,NDZ,E,NSG6,GTL,SCR,SRI BALAJI,ANDHRA PRADESH,
5601,NOSSAM,NOSM,E,NSG6,GTL,SCR,NANDYAL,ANDHRA PRADESH,
5602,OBULAVARIPALLI,OBVP,E,NSG6,GTL,SCR,ANNAMAYYA,ANDHRA PRADESH,
5603,ONTIMITTA,VNM,E,NSG6,GTL,SCR,Y.S.R. KADAPA,ANDHRA PRADESH,
5604,PAGIDIRAI,PGDI,E,NSG6,GTL,SCR,KURNOOL,ANDHRA PRADESH,
5605,PAMIDI,PMD,E,NSG6,GTL,SCR,ANANTAPUR,ANDHRA PRADESH,
5606,PANAPAKAM,PAM,E,NSG6,GTL,SCR,SRI BALAJI,ANDHRA PRADESH,
5607,PANYAM,PNM,E,NSG6,GTL,SCR,NANDYAL,ANDHRA PRADESH,
5608,PATAKOTTACHERUVU,PLU,E,NSG6,GTL,SCR,ANANTAPUR,ANDHRA PRADESH,
5609,PENDEKALLU,PDL,E,NSG6,GTL,SCR,KURNOOL,ANDHRA PRADESH,
5610,PILER,PIL,E,NSG6,GTL,SCR,ANNAMAYYA,ANDHRA PRADESH,
5611,PRASANNAYANAPALLI,PSPY,E,NSG6,GTL,SCR,ANANTAPUR,ANDHRA PRADESH,
5612,PRODDATUR,PRDT,E,NSG6,GTL,SCR,Y.S.R. KADAPA,ANDHRA PRADESH,
5613,PULICHERLA,PCL,E,NSG6,GTL,SCR,CHITTOOR,ANDHRA PRADESH,
5614,PULLAMPET,PMT,E,NSG6,GTL,SCR,ANNAMAYYA,ANDHRA PRADESH,
5615,PUTALAPATTU,PTT,E,NSG6,GTL,SCR,CHITTOOR,ANDHRA PRADESH,
5616,RACHAGUNNERI,RCG,E,NSG6,GTL,SCR,SRI BALAJI,ANDHRA PRADESH,
5617,RAMAPURAM,RAM,E,NSG6,GTL,SCR,CHITTOOR,ANDHRA PRADESH,
5618,RANGAPURAM,RGM,E,NSG6,GTL,SCR,NANDYAL,ANDHRA PRADESH,
5619,RAYALCHERUVU,RLO,E,NSG6,GTL,SCR,ANANTAPUR,ANDHRA PRADESH,
5620,REGADIPALLI,RLL,E,NSG6,GTL,SCR,Y.S.R. KADAPA,ANDHRA PRADESH,
5621,S.UPPALAPADU,SUPP,E,NSG6,GTL,SCR,Y.S.R. KADAPA,ANDHRA PRADESH,
5622,SANJAMALA,SJMA,E,NSG6,GTL,SCR,NANDYAL,ANDHRA PRADESH,
5623,SETTIGUNTA,SF,E,NSG6,GTL,SCR,ANNAMAYYA,ANDHRA PRADESH,
5624,SIDDAMPALLI,SIE,E,NSG6,GTL,SCR,CHITTOOR,ANDHRA PRADESH,
5625,TANAKALLU,TKU,E,NSG6,GTL,SCR,ANANTAPUR,ANDHRA PRADESH,
5626,TATICHERLA,TAC,NA,NSG6,GTL,SCR,ANANTAPUR,ANDHRA PRADESH,
5627,THANGUNDI,TGDE,E,NSG6,GTL,SCR,YADGIR,KARNATAKA,
5628,TIMMANACHERLA,TIM,E,NSG6,GTL,SCR,ANANTAPUR,ANDHRA PRADESH,
5629,TIRUCHANUR,TCNR,NA,NSG6,GTL,SCR,SRI BALAJI,ANDHRA PRADESH,
5630,TUGGALI,TGL,E,NSG6,GTL,SCR,KURNOOL,ANDHRA PRADESH,
5631,TUMMANAMGUTTA,TAT,E,NSG6,GTL,SCR,ANNAMAYYA,ANDHRA PRADESH,
5632,TURKAPALLI,TKPY,E,NSG6,GTL,SCR,ANANTAPUR,ANDHRA PRADESH,
5633,VANGANUR,VRN,E,NSG6,GTL,SCR,ANANTAPUR,ANDHRA PRADESH,
5634,VAYALPAD,VLD,E,NSG6,GTL,SCR,ANNAMAYYA,ANDHRA PRADESH,
5635,VEMULAPADU,VML,NA,NSG6,GTL,SCR,ANANTAPUR,ANDHRA PRADESH,
5636,VENDODU,VDD,E,NSG6,GTL,SCR,SRI BALAJI,ANDHRA PRADESH,
5637,VENKATAMPALLE,VPL,E,NSG6,GTL,SCR,ANANTAPUR,ANDHRA PRADESH,
5638,VIRAPUR,VP,E,NSG6,GTL,SCR,BALLARI,KARNATAKA,
5639,YADLAPUR,YDLP,NA,NSG6,GTL,SCR,RAICHUR,KARNATAKA,
5640,YELLAKARU,YLK,E,NSG6,GTL,SCR,SRI BALAJI,ANDHRA PRADESH,
5641,YERMARAS,YS,E,NSG6,GTL,SCR,RAICHUR,KARNATAKA,
5642,YERPEDU,YPD,E,NSG6,GTL,SCR,SRI BALAJI,ANDHRA PRADESH,
5643,YERRAGUDIPAD,YGD,E,NSG6,GTL,SCR,Y.S.R. KADAPA,ANDHRA PRADESH,
5644,ZANGALAPALLE,ZPL,E,NSG6,GTL,SCR,ANANTAPUR,ANDHRA PRADESH,
5645,ALWAL,ALW,F,HG2,HYB,SCR,"MEDCHAL-
MALKAJGIRI",TELANGANA,
5646,BOLARAM BAZAR,BOZ,F,HG2,HYB,SCR,"MEDCHAL-
MALKAJGIRI",TELANGANA,
5647,DAYANAND NAGAR,DYE,F,HG2,HYB,SCR,"MEDCHAL-
MALKAJGIRI",TELANGANA,
5648,GANDHI PARK BODHAN,GPBN,F,HG2,HYB,SCR,BODHAN,TELANGANA,
5649,KOTLA,KOLA,F,HG2,HYB,SCR,KURNOOL,ANDHRA PRADESH,
5650,LALLAGUDA GATE,LGDH,F,HG2,HYB,SCR,"MEDCHAL-
MALKAJGIRI",TELANGANA,
5651,RAMAKISTA PURAM,RKO,F,HG2,HYB,SCR,"MEDCHAL-
MALKAJGIRI",TELANGANA,
5652,SAFILGUDA,SFX,F,HG2,HYB,SCR,"MEDCHAL-
MALKAJGIRI",TELANGANA,
5653,SRINIVASNAGAR,SHAN,F,HG2,HYB,SCR,MEDAK,TELANGANA,
5654,AJJAKOLLU,AJK,F,HG3,HYB,SCR,WANAPARTHI,TELANGANA,
5655,AMMUGUDA,AMQ,F,HG3,HYB,SCR,"MEDCHAL-
MALKAJGIRI",TELANGANA,
5656,AREPALLI,ARPL,F,HG3,HYB,SCR,WANAPARTHI,TELANGANA,
5657,BRAHMAN PALLI,BMPL,F,HG3,HYB,SCR,MEDAK,TELANGANA,
5658,BURUGULA,BRGL,F,HG3,HYB,SCR,RANGAREDDY,TELANGANA,
5659,DABILPUR,DBV,F,HG3,HYB,SCR,"MEDCHAL-
MALKAJGIRI",TELANGANA,
5660,FAKRABAD,FKB,F,HG3,HYB,SCR,NIZAMABAD,TELANGANA,
5661,GOWDAVALLI,GWV,F,HG3,HYB,SCR,"MEDCHAL-
MALKAJGIRI",TELANGANA,
5662,HBL NAGAR,HBLN,F,HG3,HYB,SCR,RANGAREDDY,TELANGANA,
5663,IRANAGARAM,IAGM,-,HG3,HYB,SCR,SIDDIPET,TELANGANA,
5664,KONNUR,KONN,F,HG3,HYB,SCR,WANAPARTHI,TELANGANA,
5665,KOTAKADRA,KTKA,F,HG3,HYB,SCR,MAHBUBNAGAR,TELANGANA,
5666,KOTTUR,KTTR,F,HG3,HYB,SCR,MAHBUBNAGAR,TELANGANA,
5667,KUNSI,KUSI,-,HG3,HYB,SCR,NARAYANPET,TELANGANA,
5668,KURUMURTHI,KXI,F,HG3,HYB,SCR,MAHBUBNAGAR,TELANGANA,
5669,LAXMPUR,LSMP,-,HG3,HYB,SCR,MEDAK,TELANGANA,
5670,MAGANOOR,MNDK,-,HG3,HYB,SCR,MAHBUBNAGAR,TELANGANA,
5671,MAHABUBNAGAR TOWN,MHBT,F,HG3,HYB,SCR,MAHBUBNAGAR,TELANGANA,
5672,NACHARAM,NCRM,-,HG3,HYB,SCR,SIDDIPET,TELANGANA,
5673,PEDDADINNE,PDNA,F,HG3,HYB,SCR,"JOGULAMBA
GADWAL",TELANGANA,
5674,RAJAPUR,RJAP,F,HG3,HYB,SCR,MAHBUBNAGAR,TELANGANA,
5675,RANGAREDDYGUDA,RRGA,F,HG3,HYB,SCR,MAHBUBNAGAR,TELANGANA,
5676,SAMRALA,SQE,F,HG3,HYB,SCR,NANDED,MAHARASHTRA,
5677,SHAMNAPUR,SMAP,-,HG3,HYB,SCR,MEDAK,TELANGANA,
5678,SHELGAON,SLGH,F,HG3,HYB,SCR,NANDED,MAHARASHTRA,
5679,SHIVARAMPALLY,NSVP,F,HG3,HYB,SCR,RANGAREDDY,TELANGANA,
5680,TIPPAPUR,THPR,F,HG3,HYB,SCR,KAMAREDDI,TELANGANA,
5681,YENUGONDA,YNG,F,HG3,HYB,SCR,MAHBUBNAGAR,TELANGANA,
5682,KACHEGUDA,KCG,A1,NSG2,HYB,SCR,HYDERABAD,TELANGANA,
5683,NIZAMABAD,NZB,A,NSG3,HYB,SCR,NIZAMABAD,TELANGANA,
5684,BASAR,BSX,B,NSG4,HYB,SCR,NIRMAL,TELANGANA,
5685,KURNOOL TOWN,KRNT,A,NSG4,HYB,SCR,KURNOOL,ANDHRA PRADESH,
5686,BOLARAM,BMO,D,NSG5,HYB,SCR,"MEDCHAL-
MALKAJGIRI",TELANGANA,
5687,DHARMABAD,DAB,D,NSG5,HYB,SCR,NANDED,MAHARASHTRA,
5688,Gadwal,GWD,D,NSG5,HYB,SCR,"JOGULAMBA
GADWAL",TELANGANA,
5689,JADCHERLA,JCL,D,NSG5,HYB,SCR,MAHBUBNAGAR,TELANGANA,
5690,KAMAREDDI,KMC,B,NSG5,HYB,SCR,KAMAREDDI,TELANGANA,
5691,MAHABOOBNAGAR,MBNR,B,NSG5,HYB,SCR,MAHBUBNAGAR,TELANGANA,
5692,MALKAJGIRI,MJF,D,NSG5,HYB,SCR,"MEDCHAL-
MALKAJGIRI",TELANGANA,
5693,MEDCHAL,MED,E,NSG5,HYB,SCR,"MEDCHAL-
MALKAJGIRI",TELANGANA,
5694,SHADNAGAR,SHNR,D,NSG5,HYB,SCR,RANGAREDDY,TELANGANA,
5695,UMDANAGAR,UR,D,NSG5,HYB,SCR,HYDERABAD,TELANGANA,
5696,UMRI,UMRI,D,NSG5,HYB,SCR,NANDED,MAHARASHTRA,
5697,WANPARTHI ROAD,WPR,D,NSG5,HYB,SCR,WANAPARTHI,TELANGANA,
5698,AKANAPET,AKE,E,NSG6,HYB,SCR,MEDAK,TELANGANA,
5699,ALAMPUR ROAD,ALPR,E,NSG6,HYB,SCR,"JOGULAMBA
GADWAL",ANDHRA PRADESH,
5700,ALLUGUNDU,ALGU,-,NSG6,HYB,SCR,"JOGULAMBA
GADWAL",TELANGANA,
5701,BALANAGAR,BABR,E,NSG6,HYB,SCR,MAHBUBNAGAR,TELANGANA,
5702,BHIKNUR,BKU,E,NSG6,HYB,SCR,KAMAREDDI,TELANGANA,
5703,BODHAN,BDHN,E,NSG6,HYB,SCR,BODHAN,TELANGANA,
5704,BOGOLU,BVO,E,NSG6,HYB,SCR,KURNOOL,TELANGANA,
5705,BOLSA,BLSA,E,NSG6,HYB,SCR,NANDED,MAHARASHTRA,
5706,BUDVEL,BDVL,E,NSG6,HYB,SCR,HYDERABAD,TELANGANA,
5707,CAVALARY BARRACKS,CVB,E,NSG6,HYB,SCR,HYDERABAD,TELANGANA,
5708,DEVARKADRA,DKC,E,NSG6,HYB,SCR,MAHBUBNAGAR,TELANGANA,
5709,DICHAPALLI,DHP,E,NSG6,HYB,SCR,NIZAMABAD,TELANGANA,
5710,DIVTIPALLI,DTP,F,NSG6,HYB,SCR,MAHBUBNAGAR,TELANGANA,
5711,DUPADU,DUU,E,NSG6,HYB,SCR,KURNOOL,ANDHRA PRADESH,
5712,GAJWEL,GJWL,-,NSG6,HYB,SCR,SIDDIPET,TELANGANA,
5713,GOLLAPALLI,GLY,E,NSG6,HYB,SCR,MAHBUBNAGAR,TELANGANA,
5714,GUNDLA POCHAMPALLI,GDPL,E,NSG6,HYB,SCR,HYDERABAD,TELANGANA,
5715,INDALVAI,IDL,E,NSG6,HYB,SCR,NIZAMABAD,TELANGANA,
5716,ITIKYALA,IKI,E,NSG6,HYB,SCR,"JOGULAMBA
GADWAL",TELANGANA,
5717,JAKLAIR,JKAR,E,NSG6,HYB,SCR,NARAYANPET,TELANGANA,
5718,JANKAMPET JN.,JKM,E,NSG6,HYB,SCR,NIZAMABAD,TELANGANA,
5719,JUKAL,JKTP,-,NSG6,HYB,SCR,RANGAREDDY,TELANGANA,
5720,KARKHELI,KEK,E,NSG6,HYB,SCR,NANDED,MAHARASHTRA,
5721,KAUKUNTLA,KQQ,E,NSG6,HYB,SCR,MAHBUBNAGAR,TELANGANA,
5722,MAKTHAL,MKTL,-,NSG6,HYB,SCR,NARAYANPET,TELANGANA,
5723,MANOHARABAD,MOB,E,NSG6,HYB,SCR,MEDAK,TELANGANA,
5724,MANOPAD,MOA,E,NSG6,HYB,SCR,"JOGULAMBA
GADWAL",TELANGANA,
5725,MANYAMKONDA,MQN,E,NSG6,HYB,SCR,MAHBUBNAGAR,TELANGANA,
5726,MARIKAL,MRKL,E,NSG6,HYB,SCR,NARAYANPET,TELANGANA,
5727,MASAIPET,ME,E,NSG6,HYB,SCR,MEDAK,TELANGANA,
5728,MEDAK,MDAK,-,NSG6,HYB,SCR,MEDAK,TELANGANA,
5729,MIRZAPALLI,MZL,E,NSG6,HYB,SCR,MEDAK,TELANGANA,
5730,NAVIPET,NVT,E,NSG6,HYB,SCR,NIZAMABAD,TELANGANA,
5731,"PANDURANGASWAMY
ROAD",PASR,E,NSG6,HYB,SCR,"JOGULAMBA
GADWAL",TELANGANA,
5732,PERUR,PERR,-,NSG6,HYB,SCR,MAHBUBNAGAR,TELANGANA,
5733,POODOOR,PDO,E,NSG6,HYB,SCR,"JOGULAMBA
GADWAL",TELANGANA,
5734,POTHULAPADU,PUPU,-,NSG6,HYB,SCR,"JOGULAMBA
GADWAL",TELANGANA,
5735,S.B.B. JOGULAMBA,SBBJ,E,NSG6,HYB,SCR,"JOGULAMBA
GADWAL",TELANGANA,
5736,SIRNAPALLI,SCP,E,NSG6,HYB,SCR,KAMAREDDI,TELANGANA,
5737,SIVUNGAON,SVN,E,NSG6,HYB,SCR,NANDED,MAHARASHTRA,
5738,SRI RAMANAGAR,SRNR,E,NSG6,HYB,SCR,"JOGULAMBA
GADWAL",TELANGANA,
5739,TALMADLA,TMD,E,NSG6,HYB,SCR,KAMAREDDI,TELANGANA,
5740,TIMMAPUR,TMX,E,NSG6,HYB,SCR,RANGAREDDY,TELANGANA,
5741,ULINDAKONDA,UKD,E,NSG6,HYB,SCR,KURNOOL,TELANGANA,
5742,UPPLAVAI,UPW,E,NSG6,HYB,SCR,KAMAREDDI,TELANGANA,
5743,VELDURTHI,VDI,E,NSG6,HYB,SCR,KURNOOL,ANDHRA PRADESH,
5744,VEMULA,VEML,-,NSG6,HYB,SCR,"JOGULAMBA
GADWAL",TELANGANA,
5745,WADIARAM,WDR,E,NSG6,HYB,SCR,MEDAK,TELANGANA,
5746,ARTS COLLEGE,ATC,C,SG3,HYB,SCR,HYDERABAD,TELANGANA,
5747,DABIRPURA,DQR,C,SG3,HYB,SCR,HYDERABAD,TELANGANA,
5748,FALAKNUMA,FM,C,SG3,HYB,SCR,HYDERABAD,TELANGANA,
5749,HUPPUGUDA,HPG,C,SG3,HYB,SCR,HYDERABAD,TELANGANA,
5750,JAMAI OSMANIA,JOO,C,SG3,HYB,SCR,HYDERABAD,TELANGANA,
5751,MALAKPET,MXT,C,SG3,HYB,SCR,HYDERABAD,TELANGANA,
5752,SITAPHALMANDI,STPD,C,SG3,HYB,SCR,HYDERABAD,TELANGANA,
5753,VIDYA NAGAR,VAR,C,SG3,HYB,SCR,HYDERABAD,TELANGANA,
5754,YAKUTPURA,YKA,C,SG3,HYB,SCR,HYDERABAD,TELANGANA,
5755,PANGARSHINDE HALT,PNSD,F,HG2,NED,SCR,HINGOLI,MAHARASHTRA,
5756,DEVTHANA HALT,DVN,F,HG3,NED,SCR,NANDED,MAHARASHTRA,
5757,DHONDI,DNDI,F,HG3,NED,SCR,PARBHANI,MAHARASHTRA,
5758,JAMBHALI HALT,JMBL,F,HG3,NED,SCR,NANDED,MAHARASHTRA,
5759,JIRONA HALT,JXN,F,HG3,NED,SCR,NANDED,MAHARASHTRA,
5760,JULGAON (DECEAN),JLG,E,HG3,NED,SCR,NANDED,MAHARASHTRA,
5761,JUNONA HALT,JUNX,F,HG3,NED,SCR,HINGOLI,MAHARASHTRA,
5762,KANNJARA HALT,KNJJ,F,HG3,NED,SCR,HINGOLI,MAHARASHTRA,
5763,KHADKI BAZAR H,KDBR,F,HG3,NED,SCR,NANDED,MAHARASHTRA,
5764,MADANAPUR HALT,MDPJ,F,HG3,NED,SCR,NANDED,MAHARASHTRA,
5765,MAHIMBA,MHMB,F,HG3,NED,SCR,NANDED,MAHARASHTRA,
5766,PARADGAON HALT,PDG,F,HG3,NED,SCR,JALNA,MAHARASHTRA,
5767,PARWAKHURD HALT,PRWA,F,HG3,NED,SCR,NANDED,MAHARASHTRA,
5768,PATHRAD HALT,PARD,F,HG3,NED,SCR,NANDED,MAHARASHTRA,
5769,SANGANNAPUR,SNGR,F,HG3,NED,SCR,PARBHANI,MAHARASHTRA,
5770,TALAMADUGU,TLMG,E,HG3,NED,SCR,ADILABAD,TELANGANA,
5771,UKHALI,UKH,F,HG3,NED,SCR,PARBHANI,MAHARASHTRA,
5772,WANEGAON HALT,WNG,F,HG3,NED,SCR,NANDED,MAHARASHTRA,
5773,H SAHIB NANDED,NED,A,NSG2,NED,SCR,NANDED,MAHARASHTRA,
5774,AURANGABAD,AWB,A,NSG3,NED,SCR,AURANGABAD,MAHARASHTRA,
5775,NAGARSOL,NSL,A,NSG3,NED,SCR,NASHIK,MAHARASHTRA,
5776,PARBHANI JN.,PBN,A,NSG3,NED,SCR,PARBHANI,MAHARASHTRA,
5777,JALNA,J,A,NSG4,NED,SCR,JALNA,MAHARASHTRA,
5778,PURNA JN.,PAU,B,NSG4,NED,SCR,PARBHANI,MAHARASHTRA,
5779,ADILABAD,ADB,B,NSG5,NED,SCR,ADILABAD,TELANGANA,
5780,BASMAT,BMF,E,NSG5,NED,SCR,HINGOLI,MAHARASHTRA,
5781,BHOKAR,BOKR,D,NSG5,NED,SCR,NANDED,MAHARASHTRA,
5782,GANGAKHER,GNH,D,NSG5,NED,SCR,PARBHANI,MAHARASHTRA,
5783,HIMAYATNAGAR (DECCAN,HEM,D,NSG5,NED,SCR,NANDED,MAHARASHTRA,
5784,HINGOLI DECCAN,HNL,D,NSG5,NED,SCR,HINGOLI,MAHARASHTRA,
5785,KINWAT,KNVT,D,NSG5,NED,SCR,NANDED,MAHARASHTRA,
5786,MANWATH ROAD,MVO,D,NSG5,NED,SCR,PARBHANI,MAHARASHTRA,
5787,MUDKHED JN.,MUE,B,NSG5,NED,SCR,NANDED,MAHARASHTRA,
5788,MUKUNDWADI,MKDD,D,NSG5,NED,SCR,AURANGABAD,MAHARASHTRA,
5789,PARTUR,PTU,D,NSG5,NED,SCR,JALNA,MAHARASHTRA,
5790,ROTEGAON,RGO,D,NSG5,NED,SCR,AURANGABAD,MAHARASHTRA,
5791,SAHASRAKUND,SHSK,E,NSG5,NED,SCR,NANDED,MAHARASHTRA,
5792,SELU,SELU,D,NSG5,NED,SCR,PARBHANI,MAHARASHTRA,
5793,WASHIM,WHM,D,NSG5,NED,SCR,WASHIM,MAHARASHTRA,
5794,AMAN VADI,AMW,E,NSG6,NED,SCR,WASHIM,MAHARASHTRA,
5795,AMBARI,ABX,E,NSG6,NED,SCR,NANDED,MAHARASHTRA,
5796,BADNAPUR,BDU,E,NSG6,NED,SCR,JALNA,MAHARASHTRA,
5797,BARSI TAKLI,BSQ,E,NSG6,NED,SCR,AKOLA,MAHARASHTRA,
5798,BIMBARI,BMBE,E,NSG6,NED,SCR,NANDED,MAHARASHTRA,
5799,BODHADI BUJRUG,BHBK,E,NSG6,NED,SCR,NANDED,MAHARASHTRA,
5800,BOLDA,BLC,E,NSG6,NED,SCR,HINGOLI,MAHARASHTRA,
5801,CHIKALTHAN,CTH,E,NSG6,NED,SCR,AURANGABAD,MAHARASHTRA,
5802,CHONDI,CWI,E,NSG6,NED,SCR,HINGOLI,MAHARASHTRA,
5803,CHUDAWA,CRU,E,NSG6,NED,SCR,PARBHANI,MAHARASHTRA,
5804,DAULATABAD,DLB,E,NSG6,NED,SCR,AURANGABAD,MAHARASHTRA,
5805,DENGLI PIMPALGAON,DGPP,E,NSG6,NED,SCR,PARBHANI,MAHARASHTRA,
5806,DEVALGAON AVCHAR,DAV,F,NSG6,NED,SCR,PARBHANI,MAHARASHTRA,
5807,DHAMNI,DNE,E,NSG6,NED,SCR,HINGOLI,MAHARASHTRA,
5808,DHANORA (DECCAN),DHNR,E,NSG6,NED,SCR,NANDED,MAHARASHTRA,
5809,HADGON ROAD,HDGR,E,NSG6,NED,SCR,NANDED,MAHARASHTRA,
5810,JAULKA,JUK,E,NSG6,NED,SCR,WASHIM,MAHARASHTRA,
5811,KANHARGOAN NAKA,KNRG,E,NSG6,NED,SCR,HINGOLI,MAHARASHTRA,
5812,KARANJGAON,KAJG,E,NSG6,NED,SCR,AURANGABAD,MAHARASHTRA,
5813,KARMAD,KMV,E,NSG6,NED,SCR,AURANGABAD,MAHARASHTRA,
5814,KATA ROAD,KXX,E,NSG6,NED,SCR,WASHIM,MAHARASHTRA,
5815,KEKATUMAR,KKG,E,NSG6,NED,SCR,WASHIM,MAHARASHTRA,
5816,KODI,KODI,E,NSG6,NED,SCR,JALNA,MAHARASHTRA,
5817,KOSAI,KSAE,E,NSG6,NED,SCR,ADILABAD,TELANGANA,
5818,LASUR,LSR,E,NSG6,NED,SCR,AURANGABAD,MAHARASHTRA,
5819,LIMBGAON,LBG,E,NSG6,NED,SCR,NANDED,MAHARASHTRA,
5820,LOHOGAD,LHD,E,NSG6,NED,SCR,AKOLA,MAHARASHTRA,
5821,MALSAILU,MLSU,E,NSG6,NED,SCR,HINGOLI,MAHARASHTRA,
5822,MALTEKDI,MTDI,E,NSG6,NED,SCR,NANDED,MAHARASHTRA,
5823,MARSUL,MRV,E,NSG6,NED,SCR,PARBHANI,MAHARASHTRA,
5824,MIRKHAL,MQL,E,NSG6,NED,SCR,PARBHANI,MAHARASHTRA,
5825,MUGAT,MGC,E,NSG6,NED,SCR,NANDED,MAHARASHTRA,
5826,NANDAPUR,NDPR,E,NSG6,NED,SCR,HINGOLI,MAHARASHTRA,
5827,NAVALGAON,NVLN,E,NSG6,NED,SCR,HINGOLI,MAHARASHTRA,
5828,PARSODA,PSD,E,NSG6,NED,SCR,AURANGABAD,MAHARASHTRA,
5829,PENGANGA,PGG,E,NSG6,NED,SCR,WASHIM,MAHARASHTRA,
5830,PERGAON,PG,E,NSG6,NED,SCR,PARBHANI,MAHARASHTRA,
5831,PINGLI,PIZ,E,NSG6,NED,SCR,PARBHANI,MAHARASHTRA,
5832,POKAMI NARSIMHA,PKNS,E,NSG6,NED,SCR,PARBHANI,MAHARASHTRA,
5833,POTUL,POZ,E,NSG6,NED,SCR,AURANGABAD,MAHARASHTRA,
5834,RANJANI,RNE,E,NSG6,NED,SCR,JALNA,MAHARASHTRA,
5835,SARWARI,SVD,E,NSG6,NED,SCR,JALNA,MAHARASHTRA,
5836,SATUNA,SCO,E,NSG6,NED,SCR,JALNA,MAHARASHTRA,
5837,SHIVNI SHIVAPUR,SVW,E,NSG6,NED,SCR,AKOLA,MAHARASHTRA,
5838,SIRLI,SIF,E,NSG6,NED,SCR,HINGOLI,MAHARASHTRA,
5839,TARUR,TR,E,NSG6,NED,SCR,NASHIK,MAHARASHTRA,
5840,THERBAN,TBU,F,NSG6,NED,SCR,NANDED,MAHARASHTRA,
5841,UMRAM,UMM,E,NSG6,NED,SCR,ADILABAD,TELANGANA,
5842,USMANPUR,UPR,E,NSG6,NED,SCR,JALNA,MAHARASHTRA,
5843,VADGAON NILA,WDN,E,NSG6,NED,SCR,PARBHANI,MAHARASHTRA,
5844,GANDHIPURAM HALT,GHPU,F,HG2,SC,SCR,KHAMMAM,TELANGANA,
5845,KUMTHA KHURD,KTKR,F,HG2,SC,SCR,LATUR,MAHARASHTRA,
5846,ODELA,OEA,F,HG2,SC,SCR,PEDDAPALLI,TELANGANA,
5847,AMBIKA ROHINA,AMBR,F,HG3,SC,SCR,LATUR,MAHARASHTRA,
5848,KANAJI H,KNAJ,F,HG3,SC,SCR,BIDAR,KARNATAKA,
5849,KAREPUR HALT,KRPR,F,HG3,SC,SCR,LATUR,MAHARASHTRA,
5850,KOTTAPALLI,KYOP,F,HG3,SC,SCR,PEDDAPALLI,TELANGANA,
5851,NAGALWANCHA,NVC,F,HG3,SC,SCR,KHAMMAM,TELANGANA,
5852,RAVALPALLI KALAN,RPK,F,HG3,SC,SCR,RANGA REDDY,TELANGANA,
5853,WADWAL NAGNATH HALT,WDLN,F,HG3,SC,SCR,LATUR,MAHARASHTRA,
5854,SECUNDERABAD JN.,SC,A1,NSG1,SC,SCR,HYDERABAD,TELANGANA,
5855,HYDERABAD DECCAN,HYB,A1,NSG2,SC,SCR,HYDERABAD,TELANGANA,
5856,KAZIPET JN.,KZJ,A,NSG3,SC,SCR,HANUMAKONDA,TELANGANA,
5857,KHAMMAM,KMT,A,NSG3,SC,SCR,KHAMMAM,TELANGANA,
5858,LINGAMPALLI,LPI,B,NSG3,SC,SCR,RANGA REDDY,TELANGANA,
5859,WARANGAL,WL,A,NSG3,SC,SCR,WARANGAL,TELANGANA,
5860,BEGAMPET,BMT,B,NSG4,SC,SCR,HYDERABAD,TELANGANA,
5861,BHADRACHALAM ROAD,BDCR,B,NSG4,SC,SCR,"BHADRADRI
KOTHAGUDEM",TELANGANA,
5862,BIDAR,BIDR,B,NSG4,SC,SCR,BIDAR,KARNATAKA,
5863,MAHBUBABAD,MABD,B,NSG4,SC,SCR,MAHABUBABAD,TELANGANA,
5864,MANCHIRYAL,MCI,A,NSG4,SC,SCR,MANCHERIAL,TELANGANA,
5865,PARLI VAIJNATH,PRLI,B,NSG4,SC,SCR,BEED,MAHARASHTRA,
5866,RAMAGUNDAM,RDM,B,NSG4,SC,SCR,PEDDAPALLI,TELANGANA,
5867,TANDUR,TDU,B,NSG4,SC,SCR,VIKARABAD,TELANGANA,
5868,VIKARABAD JN,VKB,B,NSG4,SC,SCR,VIKARABAD,TELANGANA,
5869,ALER,ALER,D,NSG5,SC,SCR,YADADRI BHONGIR,TELANGANA,
5870,BELLAMPALLI,BPA,D,NSG5,SC,SCR,MANCHERIAL,TELANGANA,
5871,BHALKI,BHLK,D,NSG5,SC,SCR,BIDAR,KARNATAKA,
5872,BHONGIR,BG,D,NSG5,SC,SCR,YADADRI BHONGIR,TELANGANA,
5873,CHARLAPALLI,CHZ,E,NSG5,SC,SCR,"MEDCHAL
MALKAJGIRI",TELANGANA,
5874,CHITTAPUR,CT,D,NSG5,SC,SCR,KALABURAGI,KARNATAKA,
5875,DORNAKAL JN.,DKJ,D,NSG5,SC,SCR,MAHABUBABAD,TELANGANA,
5876,GHANAPUR,GNP,D,NSG5,SC,SCR,JANGOAN,TELANGANA,
5877,JAMMIKUNTA,JMKT,D,NSG5,SC,SCR,KARIMNAGAR,TELANGANA,
5878,JANGAON,ZN,D,NSG5,SC,SCR,JANGOAN,TELANGANA,
5879,KARIMNAGAR,KRMR,E,NSG5,SC,SCR,KARIMNAGAR,TELANGANA,
5880,KESAMUDRAM,KDM,D,NSG5,SC,SCR,MAHABUBABAD,TELANGANA,
5881,LATUR ROAD,LTRR,D,NSG5,SC,SCR,LATUR,MAHARASHTRA,
5882,MADHIRA,MDR,D,NSG5,SC,SCR,KHAMMAM,TELANGANA,
5883,MANUGURU,MUGR,D,NSG5,SC,SCR,"BHADRADRI
KOTHAGUDEM",TELANGANA,
5884,MAULA ALI,MLY,D,NSG5,SC,SCR,"MEDCHAL-
MALKAJGIRI",TELANGANA,
5885,NEKONDA,NKD,D,NSG5,SC,SCR,WARANGAL,TELANGANA,
5886,PEDDAPALLI JN,PDPL,D,NSG5,SC,SCR,PEDDAPALLI,TELANGANA,
5887,RAVINDRAKHANI,RVKH,E,NSG5,SC,SCR,MANCHIRYAL,TELANGANA,
5888,SANATNAGAR,SNF,D,NSG5,SC,SCR,HYDERABAD,TELANGANA,
5889,SEDAM,SEM,D,NSG5,SC,SCR,KALABURAGI,KARNATAKA,
5890,SHANKARPALLI,SKP,D,NSG5,SC,SCR,RANGA REDDY,TELANGANA,
5891,SIRPUR KAGHAZNAGAR,SKZR,B,NSG5,SC,SCR,"KOMURAMBHEEM-
ASIFABAD",TELANGANA,
5892,UDGIR,UDGR,D,NSG5,SC,SCR,LATUR,MAHARASHTRA,
5893,ZAHIRABAD,ZB,D,NSG5,SC,SCR,SANGAREDDY,TELANGANA,
5894,ARMUR,ARMU,E,NSG6,SC,SCR,NIZAMABAD,TELANGANA,
5895,ASIFABAD ROAD,ASAF,E,NSG6,SC,SCR,"KOMURAM BHEEM-
ASIFABAD",TELANGANA,
5896,BETHAMPUDI,BTPD,E,NSG6,SC,SCR,"Bhadradri Kotha
Gudem",TELANGANA,
5897,BIBINAGAR JN.,BN,E,NSG6,SC,SCR,YADADRI BHONGIR,TELANGANA,
5898,BISUGIRSHARIF,BGSF,E,NSG6,SC,SCR,KARIMNAGAR,TELANGANA,
5899,BONAKALU,BKL,E,NSG6,SC,SCR,KHAMMAM,TELANGANA,
5900,CHAKUR,CKX,E,NSG6,SC,SCR,LATUR,MAHARASHTRA,
5901,CHERUVUMADHAVARAM,CVV,E,NSG6,SC,SCR,NTR,ANDHRA PRADESH,
5902,CHIMALPAHAD,CMW,E,NSG6,SC,SCR,KHAMMAM,TELANGANA,
5903,CHINTAKANI,CKN,E,NSG6,SC,SCR,KHAMMAM,TELANGANA,
5904,CHINTALPALLI,CLE,E,NSG6,SC,SCR,WARANGAL,TELANGANA,
5905,CHITGIDDA,CTF,E,NSG6,SC,SCR,VIKARABAD,TELANGANA,
5906,DHARUR,DRR,E,NSG6,SC,SCR,VIKARABAD,TELANGANA,
5907,ERRUPALEM,YP,E,NSG6,SC,SCR,KHAMMAM,TELANGANA,
5908,GANGADHARA,GDRA,E,NSG6,SC,SCR,KARIMNAGAR,TELANGANA,
5909,GANGINENI,GNN,E,NSG6,SC,SCR,NTR,ANDHRA PRADESH,
5910,GARLA,GLA,E,NSG6,SC,SCR,MAHABUBABAD,TELANGANA,
5911,GHAT NANDUR,GTU,E,NSG6,SC,SCR,BEED,MAHARASHTRA,
5912,GHATKESAR,GT,E,NSG6,SC,SCR,"MEDCHAL
MALKAJGIRI",TELANGANA,
5913,GODAMGURA,GDQ,E,NSG6,SC,SCR,VIKARABAD,TELANGANA,
5914,GULLAGUDA,GGD,E,NSG6,SC,SCR,VIKARABAD,TELANGANA,
5915,GUNDRATIMADUGU,GUU,E,NSG6,SC,SCR,MAHABUBABAD,TELANGANA,
5916,HALBARGA,HBU,E,NSG6,SC,SCR,BIDAR,KARNATAKA,
5917,HALLIKHED K,HIKD,E,NSG6,SC,SCR,BIDAR,KARNATAKA,
5918,HALLIKHED-B,HLKH,F,NSG6,SC,SCR,BIDAR,KARNATAKA,
5919,HASANPARTI ROAD,HSP,E,NSG6,SC,SCR,HANUMAKONDA,TELANGANA,
5920,HER,HER,E,NSG6,SC,SCR,LATUR,MAHARASHTRA,
5921,HUMNABAD,HMBD,E,NSG6,SC,SCR,BIDAR,KARNATAKA,
5922,INTEKANNE,INK,E,NSG6,SC,SCR,MAHABUBABAD,TELANGANA,
5923,JANWAL,JOA,E,NSG6,SC,SCR,LATUR,MAHARASHTRA,
5924,KALGUPUR,KCP,E,NSG6,SC,SCR,BIDAR,KARNATAKA,
5925,KAMALAPUR,KMPU,E,NSG6,SC,SCR,KALABURAGI,KARNATAKA,
5926,KAMALNAGAR,KMNR,E,NSG6,SC,SCR,BIDAR,KARNATAKA,
5927,KAREPALLI JN.,KRA,E,NSG6,SC,SCR,KHAMMAM,TELANGANA,
5928,KAZIPET TOWN,KZJT,E,NSG6,SC,SCR,HANUMAKONDA,TELANGANA,
5929,KHANAPUR,KHNP,E,NSG6,SC,SCR,BIDAR,KARNATAKA,
5930,KOHIR DECCAN,KOHR,E,NSG6,SC,SCR,SANGAREDDY,TELANGANA,
5931,KOLNUR,KOLR,E,NSG6,SC,SCR,PEDDAPALLI,TELANGANA,
5932,KORATLA,KRLA,E,NSG6,SC,SCR,JAGITYAL,TELANGANA,
5933,KURGUNTA,KQT,E,NSG6,SC,SCR,KALABURAGI,KARNATAKA,
5934,KURUKOTTA,KUKT,F,NSG6,SC,SCR,KALABURAGI,KARNATAKA,
5935,Lingampet Jagityal,LPJL,E,NSG6,SC,SCR,JAGITYAL,TELANGANA,
5936,MAKUDI,MKDI,E,NSG6,SC,SCR,CHANDRAPUR,MAHARASHTRA,
5937,MALKHAID ROAD,MQR,E,NSG6,SC,SCR,KALABURAGI,KARNATAKA,
5938,MALLEMADUGU,MLMG,E,NSG6,SC,SCR,KHAMMAM,TELANGANA,
5939,MANDAMARI,MMZ,E,NSG6,SC,SCR,MANCHERIAL,TELANGANA,
5940,MANIKGARH JN.,MAGH,E,NSG6,SC,SCR,CHANDRAPUR,MAHARASHTRA,
5941,MANTATTI,MVH,E,NSG6,SC,SCR,VIKARABAD,TELANGANA,
5942,MARPALLI,MRF,E,NSG6,SC,SCR,VIKARABAD,TELANGANA,
5943,MATALKUNTA,MTV,E,NSG6,SC,SCR,SANGAREDDY,TELANGANA,
5944,METPALLI,MTPI,E,NSG6,SC,SCR,JAGITYAL,TELANGANA,
5945,MORTAD,MRTD,E,NSG6,SC,SCR,NIZAMABAD,TELANGANA,
5946,MOTUMARI JN.,MTMI,E,NSG6,SC,SCR,KHAMMAM,TELANGANA,
5947,NAGALPALLE,NPL,E,NSG6,SC,SCR,SANGAREDDY,TELANGANA,
5948,NAWANDGI,NAW,E,NSG6,SC,SCR,VIKARABAD,TELANGANA,
5949,PANDILLAPALLI,PNDP,E,NSG6,SC,SCR,KHAMMAM,TELANGANA,
5950,PANGAON,PNF,E,NSG6,SC,SCR,LATUR,MAHARASHTRA,
5951,PAPATAPALLI,PPY,E,NSG6,SC,SCR,KHAMMAM,TELANGANA,
5952,PEDDAMPET,PPZ,E,NSG6,SC,SCR,PEDDAPALLI,TELANGANA,
5953,PEMBARTI,PBP,E,NSG6,SC,SCR,JANGOAN,TELANGANA,
5954,PINDIAL,PQL,E,NSG6,SC,SCR,HANUMAKONDA,TELANGANA,
5955,POCHARAM,PCZ,F,NSG6,SC,SCR,MAHBUBABAD,TELANGANA,
5956,POTKAPALLI,PTKP,E,NSG6,SC,SCR,PEDDAPALLI,TELANGANA,
5957,RAGHAVAPURAM,RGPM,E,NSG6,SC,SCR,PEDDAPALLI,TELANGANA,
5958,RAGHUNATHPALLI,RGP,E,NSG6,SC,SCR,JANGOAN,TELANGANA,
5959,RECHNI ROAD,RECH,E,NSG6,SC,SCR,MANCHIRYAL,TELANGANA,
5960,RUKMAPUR,RMY,E,NSG6,SC,SCR,VIKARABAD,TELANGANA,
5961,SADASHIVAPET ROAD,SSPD,E,NSG6,SC,SCR,VIKARABAD,TELANGANA,
5962,SIRPUR TOWN,SRUR,E,NSG6,SC,SCR,"KOMURAMBHEEM-
ASIFABAD",TELANGANA,
5963,"Sri Santh Sevalal Maharaj
Railway Crossing station",SSLM,,NSG6,SC,SCR,SURYAPET,TELANGANA,
5964,SULTANABAD,STBD,E,NSG6,SC,SCR,PEDDAPALLI,TELANGANA,
5965,TADAKALPUDI,TPY,E,NSG6,SC,SCR,"BHADRACHALAM-
KOTHAGUDEM",TELANGANA,
5966,TADALA PUSAPALLI,TAA,E,NSG6,SC,SCR,MAHABUBABAD,TELANGANA,
5967,TONDALA GOPAVARAM,TNGM,E,NSG6,SC,SCR,KHAMMAM,TELANGANA,
5968,UPPAL,OPL,E,NSG6,SC,SCR,HANUMAKONDA,TELANGANA,
5969,WANGAPALLI,WP,E,NSG6,SC,SCR,"YADADRI
BHUVANAGIRI",TELANGANA,
5970,WIHIRGAON,VHGN,E,NSG6,SC,SCR,CHANDRAPUR,MAHARASHTRA,
5971,WIRUR,WIRR,E,NSG6,SC,SCR,CHANDRAPUR,MAHARASHTRA,
5972,YADADRI,YADD,E,NSG6,SC,SCR,"YADADRI
BHUVANAGIRI",TELANGANA,
5973,YELGUR,YGL,E,NSG6,SC,SCR,WARANGAL,TELANGANA,
5974,BHARATNAGAR,BTNR,C,SG3,SC,SCR,RANGAREDDY,TELANGANA,
5975,BHEL HALT,BHEL,-,SG3,SC,SCR,SANGAREDDY,TELANGANA,
5976,BORABANDA,BRBD,C,SG3,SC,SCR,HYDERABAD,TELANGANA,
5977,CHANDANAGAR,CDNR,C,SG3,SC,SCR,RANGA REDDY,TELANGANA,
5978,FATEHNAGAR BRIDGE,FNB,C,SG3,SC,SCR,HYDERABAD,TELANGANA,
5979,HAFIZPETA,HFZ,C,SG3,SC,SCR,HYDERABAD,TELANGANA,
5980,HITECH CITY,HTCY,C,SG3,SC,SCR,RANGAREDDY,TELANGANA,
5981,JAMES STREET,JET,C,SG3,SC,SCR,HYDERABAD,TELANGANA,
5982,KHAIRATABAD,KQD,C,SG3,SC,SCR,HYDERABAD,TELANGANA,
5983,LAKDI KA PUL,LKPL,C,SG3,SC,SCR,HYDERABAD,TELANGANA,
5984,NATURE CURE HOSPITAL,NCHS,C,SG3,SC,SCR,HYDERABAD,TELANGANA,
5985,NECKLACE ROAD,NLRD,C,SG3,SC,SCR,HYDERABAD,TELANGANA,
5986,R C PURAM TS,RCPT,C,SG3,SC,SCR,SANGAREDDY,TELANGANA,
5987,SANJIVAIH PARK,SJVP,C,SG3,SC,SCR,HYDERABAD,TELANGANA,
5988,TELAPUR,TLPR,-,SG3,SC,SCR,SANGAREDDY,TELANGANA,
5989,DHURWASIN P.H.,DRSN,F,HG2,BSP,SECR,ANUPPUR,MADHYA PRADESH,
5990,JETHA P.H.,JDDA,F,HG2,BSP,SECR,JANJGIR-CHAMPA,CHHATTISGARH,
5991,KAPAN P.H.,KPNA,F,HG2,BSP,SECR,JANJGIR-CHAMPA,CHHATTISGARH,
5992,KOTMI SONAR P.H.,KTSH,F,HG2,BSP,SECR,JANJGIR-CHAMPA,CHHATTISGARH,
5993,NAGPUR ROAD P.H.,NPRD,F,HG2,BSP,SECR,KOREA,CHHATTISGARH,
5994,SARAGAON ROAD P.H.,SGRD,F,HG2,BSP,SECR,JANJGIR-CHAMPA,CHHATTISGARH,
5995,SHEOPRASAD NAGAR P.H,SPDR,F,HG2,BSP,SECR,SURGUJA,CHHATTISGARH,
5996,BILASPUR JN.,BSP,A1,NSG2,BSP,SECR,BILASPUR,CHHATTISGARH,
5997,CHAMPA JN.,CPH,A,NSG3,BSP,SECR,JANJGIR-CHAMPA,CHHATTISGARH,
5998,RAIGARH,RIG,A,NSG3,BSP,SECR,RAIGARH,CHHATTISGARH,
5999,AMBIKAPUR,ABKP,B,NSG4,BSP,SECR,SURGUJA,CHHATTISGARH,
6000,ANUPPUR JN.,APR,B,NSG4,BSP,SECR,ANUPPUR,MADHYA PRADESH,
6001,KORBA,KRBA,B,NSG4,BSP,SECR,KORBA,CHHATTISGARH,
6002,PENDRA ROAD,PND,B,NSG4,BSP,SECR,BILASPUR,CHHATTISGARH,
6003,SHAHDOL,SDL,B,NSG4,BSP,SECR,SHAHDOL,MADHYA PRADESH,
6004,UMARIA,UMR,B,NSG4,BSP,SECR,UMARIA,MADHYA PRADESH,
6005,AKALTARA,AKT,B,NSG5,BSP,SECR,JANJGIR-CHAMPA,CHHATTISGARH,
6006,AMLAI,AAL,D,NSG5,BSP,SECR,ANUPPUR,MADHYA PRADESH,
6007,BAIKUNTHPUR ROAD,BRH,D,NSG5,BSP,SECR,KOREA,CHHATTISGARH,
6008,BARADWAR,BUA,D,NSG5,BSP,SECR,JANJGIR-CHAMPA,CHHATTISGARH,
6009,BIJURI,BJRI,D,NSG5,BSP,SECR,ANUPPUR,MADHYA PRADESH,
6010,BIRSINGHPUR,BRS,D,NSG5,BSP,SECR,UMARIA,MADHYA PRADESH,
6011,BISHRAMPUR,BSPR,D,NSG5,BSP,SECR,SURGUJA,CHHATTISGARH,
6012,BRAJARAJNAGAR,BRJN,D,NSG5,BSP,SECR,JHARSUGUDA,ODISHA,
6013,BURHAR,BUH,D,NSG5,BSP,SECR,SHAHDOL,MADHYA PRADESH,
6014,CHANDIA ROAD.,CHD,E,NSG5,BSP,SECR,UMARIA,MADHYA PRADESH,
6015,CHIRMIRI,CHRM,D,NSG5,BSP,SECR,KOREA,CHHATTISGARH,
6016,GEVRA-ROAD,GAD,D,NSG5,BSP,SECR,KORBA,CHHATTISGARH,
6017,JAIRAMNAGAR,JRMG,D,NSG5,BSP,SECR,BILASPUR,CHHATTISGARH,
6018,JANJGIR NAILA,NIA,D,NSG5,BSP,SECR,JANJGIR-CHAMPA,CHHATTISGARH,
6019,KARGI ROAD,KGB,D,NSG5,BSP,SECR,BILASPUR,CHHATTISGARH,
6020,KHARSIA,KHS,D,NSG5,BSP,SECR,RAIGARH,CHHATTISGARH,
6021,KOTMA,KTMA,D,NSG5,BSP,SECR,ANUPPUR,MADHYA PRADESH,
6022,MANENDRAGARH,MDGR,D,NSG5,BSP,SECR,KOREA,CHHATTISGARH,
6023,SAKTI,SKT,D,NSG5,BSP,SECR,JANJGIR-CHAMPA,CHHATTISGARH,
6024,USLAPUR,USL,D,NSG5,BSP,SECR,BILASPUR,CHHATTISGARH,
6025,BAIHATOLA,BATL,E,NSG6,BSP,SECR,ANUPPUR,MADHYA PRADESH,
6026,BALPUR,BPRH,E,NSG6,BSP,SECR,JANJGIR-CHAMPA,CHHATTISGARH,
6027,BELGAHNA,BIG,E,NSG6,BSP,SECR,BILASPUR,CHHATTISGARH,
6028,BELPAHAR,BPH,E,NSG6,BSP,SECR,JHARSUGUDA,ODISHA,
6029,BHADWA PARA,BDWA,E,NSG6,BSP,SECR,SHAHDOL,MADHYA PRADESH,
6030,BHANWAR TONK,BHTK,E,NSG6,BSP,SECR,BILASPUR,CHHATTISGARH,
6031,BHUPDEOPUR,BEF,E,NSG6,BSP,SECR,RAIGARH,CHHATTISGARH,
6032,BORIDAND,BRND,E,NSG6,BSP,SECR,KOREA,CHHATTISGARH,
6033,CHHULHA,CLF,E,NSG6,BSP,SECR,ANUPPUR,MADHYA PRADESH,
6034,DAGHORA,DAO,E,NSG6,BSP,SECR,SUNDARGARH,ODISHA,
6035,DARRITOLA,DTL,E,NSG6,BSP,SECR,KOREA,CHHATTISGARH,
6036,GATORA,GTW,E,NSG6,BSP,SECR,BILASPUR,CHHATTISGARH,
6037,GHUNGHUTI,GGT,E,NSG6,BSP,SECR,UMARIA,MADHYA PRADESH,
6038,GHUTKU,GTK,E,NSG6,BSP,SECR,BILASPUR,CHHATTISGARH,
6039,HARRAD,HRV,E,NSG6,BSP,SECR,ANUPPUR,MADHYA PRADESH,
6040,HARRI,HRB,E,NSG6,BSP,SECR,BILASPUR,CHHATTISGARH,
6041,HIMGIR,HGR,E,NSG6,BSP,SECR,SUNDARGARH,ODISHA,
6042,IB,IB,E,NSG6,BSP,SECR,JHARSUGUDA,ODISHA,
6043,JAITHARI,JTI,E,NSG6,BSP,SECR,ANUPPUR,MADHYA PRADESH,
6044,JAMGA,JMG,E,NSG6,BSP,SECR,RAIGARH,CHHATTISGARH,
6045,JHALWARA,JLW,E,NSG6,BSP,SECR,KATNI,MADHYA PRADESH,
6046,JHARRADIH,JDI,E,NSG6,BSP,SECR,RAIGARH,CHHATTISGARH,
6047,KALMITAR,KLTR,E,NSG6,BSP,SECR,BILASPUR,CHHATTISGARH,
6048,KAMALPURGRAM,KLPG,E,NSG6,BSP,SECR,SURGUJA,CHHATTISGARH,
6049,KARKELI,KKI,E,NSG6,BSP,SECR,UMARIA,MADHYA PRADESH,
6050,KARONJI,KJZ,E,NSG6,BSP,SECR,SURGUJA,CHHATTISGARH,
6051,KATORA,KTO,E,NSG6,BSP,SECR,KOREA,CHHATTISGARH,
6052,KHODRI,KOI,E,NSG6,BSP,SECR,BILASPUR,CHHATTISGARH,
6053,KHONGSARA,KGS,E,NSG6,BSP,SECR,BILASPUR,CHHATTISGARH,
6054,KIRODIMALNAGAR,KDTR,E,NSG6,BSP,SECR,RAIGARH,CHHATTISGARH,
6055,KOTARLIA,KRL,E,NSG6,BSP,SECR,RAIGARH,CHHATTISGARH,
6056,KOTHARI ROAD,KTHD,E,NSG6,BSP,SECR,JANJGIR-CHAMPA,CHHATTISGARH,
6057,LORHA,LOA,E,NSG6,BSP,SECR,UMARIA,MADHYA PRADESH,
6058,MADWARANI,MWRN,E,NSG6,BSP,SECR,KORBA,CHHATTISGARH,
6059,MAUHARI,MZH,E,NSG6,BSP,SECR,ANUPPUR,MADHYA PRADESH,
6060,MUDARIA,MDXR,E,NSG6,BSP,SECR,UMARIA,MADHYA PRADESH,
6061,NAGAR,NGE,E,NSG6,BSP,SECR,KOREA,CHHATTISGARH,
6062,NIGAURA,NIQ,E,NSG6,BSP,SECR,ANUPPUR,MADHYA PRADESH,
6063,NOWROZABAD,NRZB,D,NSG6,BSP,SECR,UMARIA,MADHYA PRADESH,
6064,PARADOL,PRDL,E,NSG6,BSP,SECR,KOREA,CHHATTISGARH,
6065,ROBERTSON,ROB,E,NSG6,BSP,SECR,RAIGARH,CHHATTISGARH,
6066,RUPAUND,RPD,E,NSG6,BSP,SECR,KATNI,MADHYA PRADESH,
6067,SALKA ROAD,SLKR,E,NSG6,BSP,SECR,BILASPUR,CHHATTISGARH,
6068,SARAGBUNDIA,SRBA,E,NSG6,BSP,SECR,KORBA,CHHATTISGARH,
6069,SARBAHARA,SBRA,E,NSG6,BSP,SECR,BILASPUR,CHHATTISGARH,
6070,SINGHPUR,SNGP,E,NSG6,BSP,SECR,UMARIA,MADHYA PRADESH,
6071,SURAJPUR ROAD,SJQ,E,NSG6,BSP,SECR,SURGUJA,CHHATTISGARH,
6072,TENGANMADA,TGQ,E,NSG6,BSP,SECR,BILASPUR,CHHATTISGARH,
6073,UDALKACHHAR,UKR,E,NSG6,BSP,SECR,KOREA,CHHATTISGARH,
6074,URGA,URGA,E,NSG6,BSP,SECR,KORBA,CHHATTISGARH,
6075,VENKATNAGAR,VKR,E,NSG6,BSP,SECR,ANUPPUR,MADHYA PRADESH,
6076,VILAYAT KALAN ROAD,VYK,E,NSG6,BSP,SECR,KATNI,MADHYA PRADESH,
6077,ARUN NAGAR P.H.,ARNG,F,HG2,NAG,SECR,GONDIA,MAHARASHTRA,
6078,BARABHATI P.H.,BFF,F,HG2,NAG,SECR,GONDIA,MAHARASHTRA,
6079,BHANDEWADI P.H.,BNWD,F,HG2,NAG,SECR,NAGPUR,MAHARASHTRA,
6080,DHANOLI P.H.,DNL,F,HG2,NAG,SECR,GONDIA,MAHARASHTRA,
6081,GANKHERA P.H.,GKT,F,HG2,NAG,SECR,GONDIA,MAHARASHTRA,
6082,GATRA P.H.,GRJ,F,HG2,NAG,SECR,GONDIA,MAHARASHTRA,
6083,GOND UMRI P.H.,GMI,F,HG2,NAG,SECR,GONDIA,MAHARASHTRA,
6084,KHARA P.H.,KRXA,F,HG2,NAG,SECR,BALAGHAT,MADHYA PRADESH,
6085,KHODSEONI P.H.,KSIH,F,HG2,NAG,SECR,GONDIA,MAHARASHTRA,
6086,KIRMITI MENDHA P.H.,KMMD,F,HG2,NAG,SECR,GADCHIROLI,MAHARASHTRA,
6087,KOCHEWAHI P.H.,KFX,F,HG2,NAG,SECR,BALAGHAT,MADHYA PRADESH,
6088,KUKRAKHAPA P.H.,KFP,F,HG2,NAG,SECR,CHHINDWARA,MADHYA PRADESH,
6089,LAKHANWADA P.H.,LNW,F,HG2,NAG,SECR,BALAGHAT,MADHYA PRADESH,
6090,MAHULI P.H.,MZB,F,HG2,NAG,SECR,NAGPUR,MAHARASHTRA,
6091,MARODA P.H.,MRDA,F,HG2,NAG,SECR,CHANDRAPUR,MAHARASHTRA,
6092,MINDALA P.H.,MWG,F,HG2,NAG,SECR,CHANDRAPUR,MAHARASHTRA,
6093,PAUNI ROAD P.H.,PNRD,F,HG2,NAG,SECR,BHANDARA,MAHARASHTRA,
6094,SAONGI P.H.,SGC,F,HG2,NAG,SECR,BALAGHAT,MADHYA PRADESH,
6095,SUKLI P.H.,SKLI,F,HG2,NAG,SECR,BALAGHAT,MADHYA PRADESH,
6096,TOLEWAHI P.H.,TWI,F,HG2,NAG,SECR,CHANDRAPUR,MAHARASHTRA,
6097,TUMSAR TOWN P.H.,TMS,F,HG2,NAG,SECR,BHANDARA,MAHARASHTRA,
6098,AMDI P.H.,AMDI,F,HG3,NAG,SECR,NAGPUR,MAHARASHTRA,
6099,BAMHANI BANJAR P.H.,BIV,F,HG3,NAG,SECR,MANDLA,MADHYA PRADESH,
6100,BAMHANI P.H.,BMW,F,HG3,NAG,SECR,NAGPUR,MAHARASHTRA,
6101,BERDI P.H.,BDHT,F,HG3,NAG,SECR,CHHINDWARA,MADHYA PRADESH,
6102,BHUYAR P.H.,BHRH,F,HG3,NAG,SECR,BHANDARA,MAHARASHTRA,
6103,BISAPUR KALAN P.H.,BRKH,F,HG3,NAG,SECR,CHHINDWARA,MADHYA PRADESH,
6104,BOTHIA P.H.,BOYA,F,HG3,NAG,SECR,SEONI,MADHYA PRADESH,
6105,CHANGOTOLA P.H.,CGLA,F,HG3,NAG,SECR,BALAGHAT,MADHYA PRADESH,
6106,CHARGHAT PIPARIA P.H,CRE,F,HG3,NAG,SECR,JABALPUR,MADHYA PRADESH,
6107,CHICHOLI BUZURG P.H.,CCBG,F,HG3,NAG,SECR,CHANDRAPUR,MAHARASHTRA,
6108,CHICHOLI P.H.,CCO,F,HG3,NAG,SECR,BHANDARA,MAHARASHTRA,
6109,DEVI P.H.,DVH,F,HG3,NAG,SECR,CHHINDWARA,MADHYA PRADESH,
6110,DEVRI P.H.,DRPH,F,HG3,NAG,SECR,JABALPUR,MADHYA PRADESH,
6111,DHAPEWARA P.H.,DPW,F,HG3,NAG,SECR,BALAGHAT,MADHYA PRADESH,
6112,DHATURA ALIPUR P.H.,DTAP,F,HG3,NAG,SECR,MANDLA,MADHYA PRADESH,
6113,DIGHORI BUZURG P.H.,DGY,F,HG3,NAG,SECR,NAGPUR,MAHARASHTRA,
6114,DUMRI KHURD P.H.,DKU,F,HG3,NAG,SECR,NAGPUR,MAHARASHTRA,
6115,GANGATOLA,GNGT,F,HG3,NAG,SECR,MANDLA,MADHYA PRADESH,
6116,GHADELA P.H.,GELA,F,HG3,NAG,SECR,CHHINDWARA,MADHYA PRADESH,
6117,GHAT PARASIA P.,GPSA,F,HG3,NAG,SECR,CHHINDWARA,MADHYA PRADESH,
6118,GUDRU P.H.,GDU,F,HG3,NAG,SECR,BALAGHAT,MADHYA PRADESH,
6119,JAMGAON P.H.,JGZ,F,HG3,NAG,SECR,MANDLA,MADHYA PRADESH,
6120,JAMTARA PARASWARA P.,JPV,F,HG3,NAG,SECR,JABALPUR,MADHYA PRADESH,
6121,JEONARA P.H.,JONR,F,HG3,NAG,SECR,MANDLA,MADHYA PRADESH,
6122,JURTARA HALT,JRTR,F,HG3,NAG,SECR,SEONI,MADHYA PRADESH,
6123,KALADEHI P.H.,KDHI,F,HG3,NAG,SECR,JABALPUR,MADHYA PRADESH,
6124,KANHADGAON P.H.,KNDG,F,HG3,NAG,SECR,BALAGHAT,MADHYA PRADESH,
6125,KANHIWARA,KWB,F,HG3,NAG,SECR,SEONI,MADHYA PRADESH,
6126,KAPURDHA P.H.,KPDH,F,HG3,NAG,SECR,CHHINDWARA,MADHYA PRADESH,
6127,KARGAON P.H.,KRNG,F,HG3,NAG,SECR,NAGPUR,MAHARASHTRA,
6128,KAYDI P.H.,KAYI,F,HG3,NAG,SECR,BALAGHAT,MADHYA PRADESH,
6129,KEMPALSAD P.H.,KEMP,F,HG3,NAG,SECR,NAGPUR,MAHARASHTRA,
6130,KHAIREE,KHR,F,HG3,NAG,SECR,SEONI,MADHYA PRADESH,
6131,KHAIRRANJI,KRRI,F,HG3,NAG,SECR,MANDLA,MADHYA PRADESH,
6132,KORADIH P.H.,KRDH,F,HG3,NAG,SECR,NAGPUR,MAHARASHTRA,
6133,KOTGAON P.H.,KTGO,F,HG3,NAG,SECR,CHANDRAPUR,MAHARASHTRA,
6134,LIMARUA P.H.,LMU,F,HG3,NAG,SECR,MANDLA,MADHYA PRADESH,
6135,MAGARDARRA P.H.,MGDR,F,HG3,NAG,SECR,BALAGHAT,MADHYA PRADESH,
6136,MAKHEPAR ROAD P.H.,MKZ,F,HG3,NAG,SECR,BALAGHAT,MADHYA PRADESH,
6137,MALEGAON P.H.,MGVK,F,HG3,NAG,SECR,NAGPUR,MAHARASHTRA,
6138,MANGLI P.H.,MNGL,F,HG3,NAG,SECR,CHANDRAPUR,MAHARASHTRA,
6139,MARKAHANDI UDADON,MQQ,F,HG3,NAG,SECR,CHHINDWARA,MADHYA PRADESH,
6140,MATRADHAM P.H.,MADM,F,HG3,NAG,SECR,SEONI,MADHYA PRADESH,
6141,MITEWANI P.H.,MTWN,F,HG3,NAG,SECR,BHANDARA,MAHARASHTRA,
6142,MOHADARA P.H.,MXZ,F,HG3,NAG,SECR,NAGPUR,MAHARASHTRA,
6143,MOHPANIMAL P.H.,MPML,F,HG3,NAG,SECR,CHHINDWARA,MADHYA PRADESH,
6144,NAGRA DHAM P.H.,NGDM,F,HG3,NAG,SECR,GONDIA,MAHARASHTRA,
6145,PARADSINGA P.H.,PSK,F,HG3,NAG,SECR,CHHINDWARA,MADHYA PRADESH,
6146,PATANSAONGI TOWN P.H,PSX,F,HG3,NAG,SECR,NAGPUR,MAHARASHTRA,
6147,PAUNIA P.H.,PUNA,F,HG3,NAG,SECR,BALAGHAT,MADHYA PRADESH,
6148,PINDKEPAR P.H.,PQH,F,HG3,NAG,SECR,GONDIA,MAHARASHTRA,
6149,PIPLA P.H.,PQA,F,HG3,NAG,SECR,NAGPUR,MAHARASHTRA,
6150,PRATAP BAGH P.H.,PRBG,F,HG3,NAG,SECR,GONDIA,MAHARASHTRA,
6151,PUTARRA P.H.,PRTR,F,HG3,NAG,SECR,MANDLA,MADHYA PRADESH,
6152,RAMPURI P.H.,RAMP,F,HG3,NAG,SECR,MANDLA,MADHYA PRADESH,
6153,SAMASWARA P.H.,SMSR,F,HG3,NAG,SECR,CHHINDWARA,MADHYA PRADESH,
6154,SAONGA P.H.,SZH,F,HG3,NAG,SECR,CHHINDWARA,MADHYA PRADESH,
6155,SIKARPUR P.H.,SKPR,F,HG3,NAG,SECR,CHHINDWARA,MADHYA PRADESH,
6156,SIMARIA KAJARWADA P.,SAKA,F,HG3,NAG,SECR,MANDLA,MADHYA PRADESH,
6157,TAKLI BANSALI P.H.,TKLB,F,HG3,NAG,SECR,NAGPUR,MAHARASHTRA,
6158,TEMPA P.H.,TEP,F,HG3,NAG,SECR,CHANDRAPUR,MAHARASHTRA,
6159,TITUR P.H.,TOR,F,HG3,NAG,SECR,NAGPUR,MAHARASHTRA,
6160,TITWA P.H.,TTW,F,HG3,NAG,SECR,BALAGHAT,MADHYA PRADESH,
6161,UMARIA ISRA P.H,UIH,F,HG3,NAG,SECR,CHHINDWARA,MADHYA PRADESH,
6162,MOTIBAGH,MIB,NA,No stn.,NAG,SECR,NAGPUR,MAHARASHTRA,
6163,GONDIA JN.,G,A,NSG3,NAG,SECR,GONDIA,MAHARASHTRA,
6164,RAJ-NANDGAON,RJN,A,NSG3,NAG,SECR,RAJNANDGAON,CHHATTISGARH,
6165,BHANDARA ROAD,BRD,A,NSG4,NAG,SECR,BHANDARA,MAHARASHTRA,
6166,CHANDA FORT,CAF,B,NSG4,NAG,SECR,CHANDRAPUR,MAHARASHTRA,
6167,CHHINDWARA JN.,CWA,B,NSG4,NAG,SECR,CHHINDWARA,MADHYA PRADESH,
6168,DONGRAGARH,DGG,B,NSG4,NAG,SECR,RAJNANDGAON,CHHATTISGARH,
6169,ITWARI,ITR,B,NSG4,NAG,SECR,NAGPUR,MAHARASHTRA,
6170,KAMPTEE,KP,D,NSG4,NAG,SECR,NAGPUR,MAHARASHTRA,
6171,RAMTEK,RTK,B,NSG4,NAG,SECR,NAGPUR,MAHARASHTRA,
6172,AMGAON,AGN,D,NSG5,NAG,SECR,GONDIA,MAHARASHTRA,
6173,BALAGHAT JN.,BTC,D,NSG5,NAG,SECR,BALAGHAT,MADHYA PRADESH,
6174,BRAMHAPURI,BMP,E,NSG5,NAG,SECR,CHANDRAPUR,MAHARASHTRA,
6175,KALUMNA,KAV,D,NSG5,NAG,SECR,NAGPUR,MAHARASHTRA,
6176,TIRORA,TRO,D,NSG5,NAG,SECR,GONDIA,MAHARASHTRA,
6177,TUMSAR ROAD,TMR,D,NSG5,NAG,SECR,BHANDARA,MAHARASHTRA,
6178,WADSA,WSA,D,NSG5,NAG,SECR,GADCHIROLI,MAHARASHTRA,
6179,WARASONI,WRI,E,NSG5,NAG,SECR,BALAGHAT,MADHYA PRADESH,
6180,ALEWAHI,AWH,E,NSG6,NAG,SECR,CHANDRAPUR,MAHARASHTRA,
6181,ARJUNI,AJU,E,NSG6,NAG,SECR,GONDIA,MAHARASHTRA,
6182,BAKAL,BAKL,E,NSG6,NAG,SECR,RAJNANDGAON,CHHATTISGARH,
6183,BARGI,BUQ,E,NSG6,NAG,SECR,JABALPUR,MADHYA PRADESH,
6184,BHANDARKUND,BDKD,E,NSG6,NAG,SECR,CHHINDWARA,MADHYA PRADESH,
6185,BHIMALGONDI,BMC,E,NSG6,NAG,SECR,CHHINDWARA,MADHYA PRADESH,
6186,BHIWAPUR,BWV,E,NSG6,NAG,SECR,NAGPUR,MAHARASHTRA,
6187,BHOMA,BHV,E,NSG6,NAG,SECR,SEONI,MADHYA PRADESH,
6188,BINAIKI,VNK,E,NSG6,NAG,SECR,SEONI,MADHYA PRADESH,
6189,BIRSOLA,BRA,E,NSG6,NAG,SECR,GONDIA,MAHARASHTRA,
6190,BORTALAO,BTL,E,NSG6,NAG,SECR,RAJNANDGAON,CHHATTISGARH,
6191,CHACHER,CHCR,E,NSG6,NAG,SECR,NAGPUR,MAHARASHTRA,
6192,CHAREGAON,CRN,E,NSG6,NAG,SECR,BALAGHAT,MADHYA PRADESH,
6193,CHIRAIDONGRI,CID,F,NSG6,NAG,SECR,MANDLA,MADHYA PRADESH,
6194,CHOURAI,CHUA,E,NSG6,NAG,SECR,CHHINDWARA,MADHYA PRADESH,
6195,DAREKASA,DKS,E,NSG6,NAG,SECR,GONDIA,MAHARASHTRA,
6196,DEWALGAON,DEW,E,NSG6,NAG,SECR,GONDIA,MAHARASHTRA,
6197,DONGRI BUZURG,DGBZ,E,NSG6,NAG,SECR,BHANDARA,MAHARASHTRA,
6198,GANGAJHARI,GJ,E,NSG6,NAG,SECR,GONDIA,MAHARASHTRA,
6199,GARHA GOODS SHED,GGGS,E,NSG6,NAG,SECR,JABALPUR,MADHYA PRADESH,
6200,GHANSORE,GNS,E,NSG6,NAG,SECR,SEONI,MADHYA PRADESH,
6201,GOBARWAHI,GBRI,E,NSG6,NAG,SECR,BHANDARA,MAHARASHTRA,
6202,GONGLEE,GNL,E,NSG6,NAG,SECR,GONDIA,MAHARASHTRA,
6203,GUDMA,GDM,E,NSG6,NAG,SECR,GONDIA,MAHARASHTRA,
6204,GUWARIGHAT,GRG,E,NSG6,NAG,SECR,JABALPUR,MADHYA PRADESH,
6205,HATTA ROAD,HTT,E,NSG6,NAG,SECR,BALAGHAT,MADHYA PRADESH,
6206,HIRDAMALI,HDM,E,NSG6,NAG,SECR,GONDIA,MAHARASHTRA,
6207,JATKANHAR,JTR,E,NSG6,NAG,SECR,RAJNANDGAON,CHHATTISGARH,
6208,JHILIMILI,JLY,E,NSG6,NAG,SECR,CHHINDWARA,MADHYA PRADESH,
6209,KACHEWANI,KWN,E,NSG6,NAG,SECR,GONDIA,MAHARASHTRA,
6210,KANHAN JN.,KNHN,E,NSG6,NAG,SECR,NAGPUR,MAHARASHTRA,
6211,KARABOH,KRBO,E,NSG6,NAG,SECR,CHHINDWARA,MADHYA PRADESH,
6212,KATANGI,KGE,E,NSG6,NAG,SECR,BALAGHAT,MADHYA PRADESH,
6213,KELOD,KLOD,F,NSG6,NAG,SECR,NAGPUR,MAHARASHTRA,
6214,KELZAR,KEZ,E,NSG6,NAG,SECR,CHANDRAPUR,MAHARASHTRA,
6215,KEOLARI,KLZ,E,NSG6,NAG,SECR,SEONI,MADHYA PRADESH,
6216,KHAPRIKHEDA,KPKD,E,NSG6,NAG,SECR,NAGPUR,MAHARASHTRA,
6217,KHAT,KHAT,E,NSG6,NAG,SECR,NAGPUR,MAHARASHTRA,
6218,KOKA,KOKA,E,NSG6,NAG,SECR,BHANDARA,MAHARASHTRA,
6219,KUHI,KUHI,E,NSG6,NAG,SECR,NAGPUR,MAHARASHTRA,
6220,LAMTA,LTA,E,NSG6,NAG,SECR,BALAGHAT,MADHYA PRADESH,
6221,LINGA,LIG,F,NSG6,NAG,SECR,CHHINDWARA,MADHYA PRADESH,
6222,LODHIKHERA,LDE,E,NSG6,NAG,SECR,CHHINDWARA,MADHYA PRADESH,
6223,MANDLA FORT,MFR,E,NSG6,NAG,SECR,MANDLA,MADHYA PRADESH,
6224,MUL MARORA,MME,E,NSG6,NAG,SECR,CHANDRAPUR,MAHARASHTRA,
6225,MUNDIKOTA,MNU,E,NSG6,NAG,SECR,GONDIA,MAHARASHTRA,
6226,MURIPAR,MUP,E,NSG6,NAG,SECR,RAJNANDGAON,CHHATTISGARH,
6227,MUSRA,MUA,E,NSG6,NAG,SECR,RAJNANDGAON,CHHATTISGARH,
6228,NAGARWARA,NWA,E,NSG6,NAG,SECR,BALAGHAT,MADHYA PRADESH,
6229,NAGBHIR JN.,NAB,D,NSG6,NAG,SECR,CHANDRAPUR,MAHARASHTRA,
6230,NAINPUR JN.,NIR,D,NSG6,NAG,SECR,MANDLA,MADHYA PRADESH,
6231,NIDHANI,NDNI,F,NSG6,NAG,SECR,SEONI,MADHYA PRADESH,
6232,PADRIGANJ,PNJ,E,NSG6,NAG,SECR,MANDLA,MADHYA PRADESH,
6233,PALARI,PUE,E,NSG6,NAG,SECR,SEONI,MADHYA PRADESH,
6234,PANIAJOB,PJB,E,NSG6,NAG,SECR,RAJNANDGAON,CHHATTISGARH,
6235,PARMALKASA,PMS,E,NSG6,NAG,SECR,RAJNANDGAON,CHHATTISGARH,
6236,PATANSAONGI,PTS,E,NSG6,NAG,SECR,NAGPUR,MAHARASHTRA,
6237,PINDRAI,PDE,E,NSG6,NAG,SECR,MANDLA,MADHYA PRADESH,
6238,PIPARDAHI,PED,E,NSG6,NAG,SECR,SEONI,MADHYA PRADESH,
6239,RAJOLI,ROL,E,NSG6,NAG,SECR,CHANDRAPUR,MAHARASHTRA,
6240,RAMAKONA,RMO,E,NSG6,NAG,SECR,CHHINDWARA,MADHYA PRADESH,
6241,RASMARA,RSM,E,NSG6,NAG,SECR,DURG,CHHATTISGARH,
6242,REWRAL,RRL,E,NSG6,NAG,SECR,NAGPUR,MAHARASHTRA,
6243,SALEKASA,SKS,E,NSG6,NAG,SECR,GONDIA,MAHARASHTRA,
6244,SALWA,SAL,E,NSG6,NAG,SECR,NAGPUR,MAHARASHTRA,
6245,SAMNAPUR,SMC,E,NSG6,NAG,SECR,BALAGHAT,MADHYA PRADESH,
6246,SAONER,SONR,E,NSG6,NAG,SECR,NAGPUR,MAHARASHTRA,
6247,SAUSAR,SASR,E,NSG6,NAG,SECR,CHHINDWARA,MADHYA PRADESH,
6248,SEONI,SEY,D,NSG6,NAG,SECR,SEONI,MADHYA PRADESH,
6249,SHIKARA,SKY,E,NSG6,NAG,SECR,SEONI,MADHYA PRADESH,
6250,SINDEWAHI,SYE,E,NSG6,NAG,SECR,CHANDRAPUR,MAHARASHTRA,
6251,SONDAD,SNV,E,NSG6,NAG,SECR,GONDIA,MAHARASHTRA,
6252,SUKRI MANGELA,SOY,E,NSG6,NAG,SECR,JABALPUR,MADHYA PRADESH,
6253,TALODHI ROAD,TUD,E,NSG6,NAG,SECR,CHANDRAPUR,MAHARASHTRA,
6254,THARSA,TAR,E,NSG6,NAG,SECR,NAGPUR,MAHARASHTRA,
6255,TIRODI,TRDI,E,NSG6,NAG,SECR,BALAGHAT,MADHYA PRADESH,
6256,UMRA NALA,ULA,E,NSG6,NAG,SECR,CHHINDWARA,MADHYA PRADESH,
6257,UMRED,URR,E,NSG6,NAG,SECR,NAGPUR,MAHARASHTRA,
6258,WADEGAON,WDG,E,NSG6,NAG,SECR,GONDIA,MAHARASHTRA,
6259,BAIKUNTH P.H.,BKTH,F,HG2,R,SECR,RAIPUR,CHHATTISGARH,
6260,CHAKARBHATA P.H.,CHBT,F,HG2,R,SECR,BILASPUR,CHHATTISGARH,
6261,CHATAUD P.H.,CATD,F,HG2,R,SECR,DHAMTARI,CHHATTISGARH,
6262,DEVBALODA CHARODA P.,DBEC,F,HG2,R,SECR,DURG,CHHATTISGARH,
6263,GUDUM P.H.,GUDM,F,HG2,R,SECR,BALOD,CHHATTISGARH,
6264,KURUD P.H.,KRX,F,HG2,R,SECR,DHAMTARI,CHHATTISGARH,
6265,SARASWATI NAGAR P.H.,SRWN,F,HG2,R,SECR,RAIPUR,CHHATTISGARH,
6266,SIRRI P.H.,SIY,F,HG2,R,SECR,DHAMTARI,CHHATTISGARH,
6267,WRS COLONY P.H.,WRC,F,HG2,R,SECR,RAIPUR,CHHATTISGARH,
6268,BHAINSBODH P.H.,BSBH,F,HG3,R,SECR,BALOD,CHHATTISGARH,
6269,KENDRI P.H.,KDRI,F,HG3,R,SECR,RAIPUR,CHHATTISGARH,
6270,MANIK CHOWREE P.H.,MCF,F,HG3,R,SECR,RAIPUR,CHHATTISGARH,
6271,PAUWARA P.H.,PUWA,F,HG3,R,SECR,DURG,CHHATTISGARH,
6272,SALHAITOLA P.H.,SHIT,F,HG3,R,SECR,BALOD,CHHATTISGARH,
6273,SANKRA P.H.,SNKX,F,HG3,R,SECR,DHAMTARI,CHHATTISGARH,
6274,SARSONPURI P.H.,SPY,F,HG3,R,SECR,DHAMTARI,CHHATTISGARH,
6275,SIKOSA P.H.,SKSO,F,HG3,R,SECR,BALOD,CHHATTISGARH,
6276,DURG,DURG,A,NSG2,R,SECR,DURG,CHHATTISGARH,
6277,RAIPUR JN.,R,A1,NSG2,R,SECR,RAIPUR,CHHATTISGARH,
6278,BHATAPARA,BYT,B,NSG3,R,SECR,BALODA BAZAR,CHHATTISGARH,
6279,BHILAI POWER HOUSE,BPHB,A,NSG4,R,SECR,DURG,CHHATTISGARH,
6280,BELHA,BYL,D,NSG5,R,SECR,BILASPUR,CHHATTISGARH,
6281,TILDA-NEORA,TLD,B,NSG5,R,SECR,RAIPUR,CHHATTISGARH,
6282,ABHANPUR JN.,AVP,E,NSG6,R,SECR,RAIPUR,CHHATTISGARH,
6283,ANTAGARH,AAGH,E,NSG6,R,SECR,KANKER,CHHATTISGARH,
6284,BALOD,BXA,D,NSG6,R,SECR,BALOD,CHHATTISGARH,
6285,BHANUPRATAPPUR,BPTP,E,NSG6,R,SECR,KANKER,CHHATTISGARH,
6286,BHILAI,BIA,D,NSG6,R,SECR,DURG,CHHATTISGARH,
6287,BHILAINAGAR,BQR,E,NSG6,R,SECR,DURG,CHHATTISGARH,
6288,DADHAPARA,DPH,E,NSG6,R,SECR,BILASPUR,CHHATTISGARH,
6289,DAGORI,DGS,E,NSG6,R,SECR,BILASPUR,CHHATTISGARH,
6290,DALLI-RAJHARA,DRZ,D,NSG6,R,SECR,BALOD,CHHATTISGARH,
6291,DHAMTARI,DTR,D,NSG6,R,SECR,DHAMTARI,CHHATTISGARH,
6292,GUNDARDEHI,GDZ,D,NSG6,R,SECR,BALOD,CHHATTISGARH,
6293,HATHBANDH,HN,D,NSG6,R,SECR,BALODA BAZAR,CHHATTISGARH,
6294,KEOTI,KETI,E,NSG6,R,SECR,KANKER,CHHATTISGARH,
6295,KUMHARI,KMI,D,NSG6,R,SECR,DURG,CHHATTISGARH,
6296,KUSUMKASA,KYS,E,NSG6,R,SECR,BALOD,CHHATTISGARH,
6297,LAKHOLI,LAE,E,NSG6,R,SECR,RAIPUR,CHHATTISGARH,
6298,LATABOR,LBO,E,NSG6,R,SECR,BALOD,CHHATTISGARH,
6299,MANDHAR,MDH,E,NSG6,R,SECR,RAIPUR,CHHATTISGARH,
6300,MANDIR HASAUD,MNDH,E,NSG6,R,SECR,RAIPUR,CHHATTISGARH,
6301,MARAUDA,MXA,E,NSG6,R,SECR,DURG,CHHATTISGARH,
6302,NAVA RAIPUR,NRMH,NSG6,NSG6,R,SECR,RAIPUR,CHHATTISGARH,
6303,NIPANIA,NPI,E,NSG6,R,SECR,BALODA BAZAR,CHHATTISGARH,
6304,RAJIM,RIM,D,NSG6,R,SECR,GARIYABAND,CHHATTISGARH,
6305,RISAMA,RSA,E,NSG6,R,SECR,DURG,CHHATTISGARH,
6306,SARONA,SZB,F,NSG6,R,SECR,RAIPUR,CHHATTISGARH,
6307,SILYARI,SLH,E,NSG6,R,SECR,RAIPUR,CHHATTISGARH,
6308,URKURA,URK,E,NSG6,R,SECR,RAIPUR,CHHATTISGARH,
6309,BELIATOR PH,BZC,F,HG2,ADRA,SER,BANKURA,WEST BENGAL,23.3151999/87.2228012
6310,BETUR PH,BTRB,F,HG2,ADRA,SER,BANKURA,WEST BENGAL,23.190396/87.5801694
6311,BHEDUASOL,BXL,F,HG2,ADRA,SER,BANKURA,WEST BENGAL,23.1943639299/87.13517328
6312,BOGRI ROAD,BGO,F,HG2,ADRA,SER,BANKURA,WEST BENGAL,22.881747/87.325732
6313,CHAS ROAD PH,CAS,F,HG2,ADRA,SER,PURULIA,WEST BENGAL,23.415513/86.225425
6314,DHAGARIA PH,DGF,F,HG2,ADRA,SER,BANKURA,WEST BENGAL,23.2435876/87.5043152
6315,DHANSIMLA PH,DIM,F,HG2,ADRA,SER,BANKURA,WEST BENGAL,23.2672466/87.4658912
6316,HAMIRATI PH,HAM,F,HG2,ADRA,SER,BANKURA,WEST BENGAL,23.3222457/87.3600324
6317,INDAS PH,INS,F,HG2,ADRA,SER,BANKURA,WEST BENGAL,23.1573993/87.6345545
6318,JAMADOBA P.H.,JBO,F,HG2,ADRA,SER,DHANBAD,JHARKHAND,
6319,KARKEND PH,KRKN,F,HG2,ADRA,SER,DHANBAD,JHARKHAND,
6320,KHARKHARI,KHRI,F,HG2,ADRA,SER,DHANBAD,JHARKHAND,
6321,KUMRUL PH,KMRL,F,HG2,ADRA,SER,BANKURA,WEST BENGAL,23.1804412/87.6038553
6322,MATHNASHIPUR PH,MTIP,F,HG2,ADRA,SER,"PASCHIM
BARDHAMAN",WEST BENGAL,
6323,METYAL SAHAR PH,MYX,F,HG2,ADRA,SER,PURULIA,WEST BENGAL,23.482582/86.748784
6324,PATRASAYER PH,PSF,F,HG2,ADRA,SER,BANKURA,WEST BENGAL,23.2156458/87.5378555
6325,RAINAGAR PH,RNGR,F,HG2,ADRA,SER,PURBA BARDHAMAN,WEST BENGAL,23.0685343/87.8862678
6326,SAHASPUR ROAD PH,SHJ,F,HG2,ADRA,SER,BANKURA,WEST BENGAL,23.1325135/87.6762038
6327,SEHARA BAZAR PH,SRBZ,F,HG2,ADRA,SER,"PASCHIM
BARDHAMAN",WEST BENGAL,23.1099426/87.8044503
6328,SHYAMSUNDAR PH,SHMR,F,HG2,ADRA,SER,"PASCHIM
BARDHAMAN",WEST BENGAL,23.0814658/87.8606399
6329,TATASIJUA PH,TSAH,F,HG2,ADRA,SER,DHANBAD,JHARKHAND,
6330,ANCHURI P.H.,ANCR,F,HG3,ADRA,SER,BANKURA,WEST BENGAL,23.283904/86.993174
6331,BELBONI PH,BEX,F,HG3,ADRA,SER,BANKURA,WEST BENGAL,23.2764077/87.1521123
6332,BERUGRAM,BUGM,F,HG3,ADRA,SER,"PASCHIM
BARDHAMAN",WEST BENGAL,23.1043622/87.9842079
6333,BHADUTALA,BUTA,F,HG3,ADRA,SER,MEDINIPUR WEST,WEST BENGAL,22.485657/87.3208
6334,BIKNA PH,BKNO,F,HG3,ADRA,SER,BANKURA,WEST BENGAL,
6335,BOKRA PH,BOKA,F,HG3,ADRA,SER,"PASCHIM
BARDHAMAN",WEST BENGAL,
6336,BRINDABANPUR PH,BDPR,F,HG3,ADRA,SER,BANKURA,WEST BENGAL,23.3075355/87.2802702
6337,CHANDAR,CNRF,F,HG3,ADRA,SER,BANKURA,WEST BENGAL,23.3030368/87.2505239
6338,DAMRUGHUTU,DRGU,F,HG3,ADRA,SER,PURULIA,WEST BENGAL,23.45136/86.08981
6339,GOPINATHPUR,GOR,F,HG3,ADRA,SER,"PASCHIM
BARDHAMAN",WEST BENGAL,23.0880434/87.847654
6340,GRAMDADPUR PH,GMDP,F,HG3,ADRA,SER,"PASCHIM
BARDHAMAN",WEST BENGAL,23.1156011/87.9984914
6341,GUIRSARANGA PH,GSQ,F,HG3,ADRA,SER,"PASCHIM
BARDHAMAN",WEST BENGAL,23.1262908/87.7533603
6342,HABASPUR PH,HPUR,F,HG3,ADRA,SER,"PASCHIM
BARDHAMAN",WEST BENGAL,23.1210669/88.0055261
6343,KAIYAR PH,KYB,F,HG3,ADRA,SER,"PASCHIM
BARDHAMAN",WEST BENGAL,23.121463/87.772326
6344,KALISEN PH,KISN,F,HG3,ADRA,SER,BANKURA,WEST BENGAL,23.1816003962/87.1624991003
6345,KHARIO P.H.,KARO,F,HG3,ADRA,SER,DHANBAD,JHARKHAND,
6346,MUSTAPHA CHAK,MFCK,F,HG3,ADRA,SER,"PASCHIM
BARDHAMAN",WEST BENGAL,
6347,NOBANDA PH,NOB,F,HG3,ADRA,SER,BANKURA,WEST BENGAL,23.2703936/87.1386622
6348,SHANKRUL PH,SHKL,F,HG3,ADRA,SER,BANKURA,WEST BENGAL,23.141973/87.6545852
6349,SRIRAMPUR PH,SIMR,F,HG3,ADRA,SER,BANKURA,WEST BENGAL,23.3243799/87.3192213
6350,MOHISILA,MOH,"Non
Commercial
station.","Non
Commercial
station.",ADRA,SER,"PASCHIM
BARDHAMAN",WEST BENGAL,23.6629651/86.9716573
6351,BHUTGORIA,BTGA,"Non
Commercial
station.
Closed
Goods Shed.","Non
Commercial
station.
Closed Goods
Shed.",ADRA,SER,DHANBAD,JHARKHAND,
6352,MOHALBONI,MLBN,"Non
Commercial
station.
Closed
Goods Shed.","Non
Commercial
station.
Closed Goods
Shed.",ADRA,SER,DHANBAD,JHARKHAND,
6353,CHOURASHI,CRS,"Non
Commercial
station.
Goods Shed.","Non
Commercial
station. Goods
Shed.",ADRA,SER,PURULIA,WEST BENGAL,23.6314287/86.7918641
6354,RADHANAGAR,RDR,"Non
Commercial
station.
Goods Shed.","Non
Commercial
station. Goods
Shed.",ADRA,SER,PURBA BARDHAMAN,WEST BENGAL,23.683447/86.858183
6355,BOKARO STEEL CITY,BKSC,A,NSG3,ADRA,SER,BOKARO,JHARKHAND,
6356,ADRA,ADRA,B,NSG4,ADRA,SER,PURULIA,WEST BENGAL,23.495992/86.674665
6357,BANKURA,BQA,B,NSG4,ADRA,SER,BANKURA,WEST BENGAL,23.2243871/87.0746875
6358,BISHNUPUR,VSU,D,NSG4,ADRA,SER,BANKURA,WEST BENGAL,23.0651/87.3013
6359,PURULIA JN.,PRR,B,NSG4,ADRA,SER,PURULIA,WEST BENGAL,23.324911/86.37787
6360,ANARA,ANR,D,NSG5,ADRA,SER,PURULIA,WEST BENGAL,23.481082/86.559763
6361,BARABHUM,BBM,D,NSG5,ADRA,SER,PURULIA,WEST BENGAL,23.0912864/86.2112372
6362,BHAGA JN.,VAA,D,NSG5,ADRA,SER,DHANBAD,JHARKHAND,
6363,BURNPUR,BURN,D,NSG5,ADRA,SER,"PASCHIM
BARDHAMAN",WEST BENGAL,23.6724/86.9393
6364,CHANDIL JN.,CNI,D,NSG5,ADRA,SER,"SARAIKELA
KHARSAWAN",JHARKHAND,
6365,CHANDRAKONA ROAD,CDGR,D,NSG5,ADRA,SER,MEDINIPUR WEST,WEST BENGAL,22.739076/87.340588
6366,GARBETA,GBA,D,NSG5,ADRA,SER,MEDINIPUR WEST,WEST BENGAL,22.844562/87.320972
6367,JOYCHANDI PAHAR,JOC,D,NSG5,ADRA,SER,PURULIA,WEST BENGAL,23.5168/86.6809
6368,MADHUKUNDA,MDKD,E,NSG5,ADRA,SER,PURULIA,WEST BENGAL,23.6269/86.8695
6369,MOHUDA,MHQ,E,NSG5,ADRA,SER,DHANBAD,JHARKHAND,
6370,MURADI,MDF,E,NSG5,ADRA,SER,PURULIA,WEST BENGAL,23.5931/86.8093
6371,SALBONI,SLB,D,NSG5,ADRA,SER,MEDINIPUR WEST,WEST BENGAL,22.640971/87.321899
6372,BAGALIA,BGA,E,NSG6,ADRA,SER,PURULIA,WEST BENGAL,23.44693617/86.51904643
6373,BERO,BERO,E,NSG6,ADRA,SER,PURULIA,WEST BENGAL,23.548271/86.726609
6374,BHOJUDIH JN.,BJE,E,NSG6,ADRA,SER,BOKARO,JHARKHAND,
6375,BHOWRAH PH,BCB,E,NSG6,ADRA,SER,DHANBAD,JHARKHAND,
6376,BIRAMDIH,BRMD,E,NSG6,ADRA,SER,PURULIA,WEST BENGAL,23.04578437/86.19920954
6377,BOWAICHANDI PH,BWCN,F,NSG6,ADRA,SER,PURBA BARDHAMAN,WEST BENGAL,
6378,CHHARRA,CHRA,E,NSG6,ADRA,SER,PURULIA,WEST BENGAL,23.375747/86.422994
6379,CHHATNA,CJN,E,NSG6,ADRA,SER,BANKURA,WEST BENGAL,23.305386/86.975734
6380,DAMODAR JN.,DMA,E,NSG6,ADRA,SER,"PASCHIM
BARDHAMAN",WEST BENGAL,23.651021/86.908517
6381,GARH-DHRUBBESWAR,GRB,E,NSG6,ADRA,SER,PURULIA,WEST BENGAL,23.509341/86.617006
6382,GARHJAIPUR,GUG,E,NSG6,ADRA,SER,PURULIA,WEST BENGAL,23.4144679/86.1472613
6383,GODAPEASAL,GSL,E,NSG6,ADRA,SER,MEDINIPUR WEST,WEST BENGAL,22.530677/87.320806
6384,GOURINATHDHAM,GTD,E,NSG6,ADRA,SER,PURULIA,WEST BENGAL,23.3958/86.2746
6385,INDRABIL,IBL,E,NSG6,ADRA,SER,PURULIA,WEST BENGAL,23.445294/86.781647
6386,JHANTIPAHARI,JPH,E,NSG6,ADRA,SER,BANKURA,WEST BENGAL,23.353363/86.904491
6387,KANTADIH,KTD,E,NSG6,ADRA,SER,PURULIA,WEST BENGAL,23.21838/86.29629
6388,KHANUDIH,KNF,E,NSG6,ADRA,SER,DHANBAD,JHARKHAND,
6389,KOTSHILA,KSX,E,NSG6,ADRA,SER,PURULIA,WEST BENGAL,23.411691/86.079548
6390,KUSTAUR,KSU,E,NSG6,ADRA,SER,PURULIA,WEST BENGAL,23.430416/86.498336
6391,LAYABAD,LYD,E,NSG6,ADRA,SER,DHANBAD,JHARKHAND,
6392,MALKERA,MLQ,E,NSG6,ADRA,SER,DHANBAD,JHARKHAND,
6393,NIMDIH,NIM,E,NSG6,ADRA,SER,"SARAIKELA
KHARSAWAN",JHARKHAND,
6394,ONDAGRAM,ODM,E,NSG6,ADRA,SER,BANKURA,WEST BENGAL,23.147974/87.202275
6395,PIARDOBA,PBA,E,NSG6,ADRA,SER,BANKURA,WEST BENGAL,22.956881/87.322164
6396,PUNDAG,PNW,E,NSG6,ADRA,SER,PURULIA,WEST BENGAL,23.508909/86.089576
6397,RADHAGAON,RDF,E,NSG6,ADRA,SER,BOKARO,JHARKHAND,
6398,RAMKANALI JN.,RKI,E,NSG6,ADRA,SER,PURULIA,WEST BENGAL,23.579891/86.762336
6399,RAMSAGAR,RSG,E,NSG6,ADRA,SER,BANKURA,WEST BENGAL,23.106248/87.277063
6400,RUKNI,RUI,E,NSG6,ADRA,SER,PURULIA,WEST BENGAL,23.551806/86.548025
6401,SANKA,SNKR,E,NSG6,ADRA,SER,PURULIA,WEST BENGAL,23.52693/86.616164
6402,SANTALDIH,SNTD,E,NSG6,ADRA,SER,PURULIA,WEST BENGAL,23.596661/86.483123
6403,SHEWBABUDIH,SBW,E,NSG6,ADRA,SER,DHANBAD,JHARKHAND,
6404,SIRJAM,SRJM,E,NSG6,ADRA,SER,PURULIA,WEST BENGAL,23.403864/86.835097
6405,SONAMUKHI,SONA,E,NSG6,ADRA,SER,BANKURA,WEST BENGAL,23.2935418/87.4148098
6406,SUDAMDIH,SDMD,E,NSG6,ADRA,SER,DHANBAD,JHARKHAND,
6407,TALGORIA,TLE,E,NSG6,ADRA,SER,DHANBAD,JHARKHAND,
6408,TAMNA,TAO,E,NSG6,ADRA,SER,PURULIA,WEST BENGAL,23.268988/86.352313
6409,TUPKADIH,TKX,E,NSG6,ADRA,SER,BOKARO,JHARKHAND,
6410,URMA,URMA,E,NSG6,ADRA,SER,PURULIA,WEST BENGAL,23.157777/86.253775
6411,DUGDA COAL WASHERY,DUGD,"Pertains to
ECR","Pertains to
ECR",ADRA,SER,BOKARO,JHARKHAND,
6412,GOVINDPUR PH,GVDP,F,HG2,CKP,SER,EAST SINGHBUM,JHARKHAND,
6413,HALUDPUKUR,HLD,F,HG2,CKP,SER,EAST SINGHBUM,JHARKHAND,
6414,BIRBANS,BRBS,F,HG3,CKP,SER,"SARAIKELA
KHARSAWAN",JHARKHAND,
6415,CHHANUA,CHNU,F,HG3,CKP,SER,MAYURBHANJ,ODISHA,
6416,DEROWAN P.H.,DRWN,F,HG3,CKP,SER,WEST SINGHBHUM,JHARKHAND,
6417,GHAGHRA,GHAA,F,HG3,CKP,SER,WEST SINGHBHUM,JHARKHAND,
6418,MANIKUI,MIK,F,HG3,CKP,SER,"SARAIKELA
KHARSAWAN",JHARKHAND,
6419,PANPALI PH,PNPL,F,HG3,CKP,SER,JHARSUGUDA,ODISHA,
6420,SIDHIRSAI,SDHS,F,HG3,CKP,SER,EAST SINGHBUM,JHARKHAND,
6421,TUNIA,TUX,F,HG3,CKP,SER,WEST SINGHBHUM,JHARKHAND,
6422,SALGAJHARI,SLJR,NA,"It is cabin for
operation
purpose and
no stoppage
of passenger
train.",CKP,SER,EAST SINGHBUM,JHARKHAND,
6423,TATANAGAR JN.,TATA,A1,NSG2,CKP,SER,EAST SINGHBUM,JHARKHAND,
6424,JHARSUGUDA JN.,JSG,A,NSG3,CKP,SER,JHARSUGUDA,ODISHA,
6425,ROURKELA,ROU,A,NSG3,CKP,SER,SUNDARGARH,ODISHA,
6426,CHAKARADHARPUR,CKP,D,NSG4,CKP,SER,WEST SINGHBHUM,JHARKHAND,
6427,ADITYAPUR,ADTP,D,NSG5,CKP,SER,"SARAIKELA
KHARSAWAN",JHARKHAND,
6428,BAMRA,BMB,D,NSG5,CKP,SER,SAMBALPUR,ODISHA,
6429,BARBIL,BBN,D,NSG5,CKP,SER,KENDUJHAR,ODISHA,
6430,BONDAMUNDA JN,BNDM,D,NSG5,CKP,SER,SUNDARGARH,ODISHA,
6431,CHAIBASA,CBSA,D,NSG5,CKP,SER,WEST SINGHBHUM,JHARKHAND,
6432,MANOHARPUR,MOU,D,NSG5,CKP,SER,WEST SINGHBHUM,JHARKHAND,
6433,NAWAGAON,NXN,E,NSG5,CKP,SER,SUNDARGARH,ODISHA,
6434,RAJGANGPUR,GP,D,NSG5,CKP,SER,SUNDARGARH,ODISHA,
6435,RAJKHARSAWAN JN.,RKSN,D,NSG5,CKP,SER,"SARAIKELA
KHARSAWAN",JHARKHAND,
6436,SINI JN.,SINI,D,NSG5,CKP,SER,"SARAIKELA
KHARSAWAN",JHARKHAND,
6437,ASANBONI,ASB,F,NSG6,CKP,SER,EAST SINGHBUM,JHARKHAND,
6438,AUNLAJORI JN.,OND,E,NSG6,CKP,SER,MAYURBHANJ,ODISHA,
6439,BADAMPAHAR,BMPR,E,NSG6,CKP,SER,MAYURBHANJ,ODISHA,
6440,BAGDIHI,BEH,E,NSG6,CKP,SER,JHARSUGUDA,ODISHA,
6441,BAHALDA ROAD,BDO,E,NSG6,CKP,SER,MAYURBHANJ,ODISHA,
6442,BANGURKELA,BGKA,E,NSG6,CKP,SER,SUNDARGARH,ODISHA,
6443,BANSPANI,BSPX,E,NSG6,CKP,SER,KENDUJHAR,ODISHA,
6444,BARA JAMADA,BJMD,D,NSG6,CKP,SER,WEST SINGHBHUM,JHARKHAND,
6445,BARABAMBO,BRM,E,NSG6,CKP,SER,"SARAIKELA
KHARSAWAN",JHARKHAND,
6446,BARSUAN,BXF,E,NSG6,CKP,SER,SUNDARGARH,ODISHA,
6447,BHALULATA,BUL,E,NSG6,CKP,SER,SUNDARGARH,ODISHA,
6448,BIMALGARH JN.,BUF,E,NSG6,CKP,SER,SUNDARGARH,ODISHA,
6449,BIRARAJPUR,BIRP,E,NSG6,CKP,SER,"SARAIKELA
KHARSAWAN",JHARKHAND,
6450,BIRMITRAPUR,BRMP,E,NSG6,CKP,SER,SUNDARGARH,ODISHA,
6451,BISRA,BZR,E,NSG6,CKP,SER,SUNDARGARH,ODISHA,
6452,BOLANIKHADAN,BYX,E,NSG6,CKP,SER,KENDUJHAR,ODISHA,
6453,CHAMPAJHARAN,CJQ,E,NSG6,CKP,SER,SUNDARGARH,ODISHA,
6454,CHANDIPOSHI,CPE,E,NSG6,CKP,SER,SUNDARGARH,ODISHA,
6455,DANGOAPOSI,DPS,E,NSG6,CKP,SER,WEST SINGHBHUM,JHARKHAND,
6456,DEOJHAR,DJHR,E,NSG6,CKP,SER,KENDUJHAR,ODISHA,
6457,DHARUADIHI,DIH,E,NSG6,CKP,SER,SUNDARGARH,ODISHA,
6458,DHUTRA,DTV,E,NSG6,CKP,SER,JHARSUGUDA,ODISHA,
6459,DUMETRA,DMF,E,NSG6,CKP,SER,SUNDARGARH,ODISHA,
6460,GAMHARIA,GMH,E,NSG6,CKP,SER,"SARAIKELA
KHARSAWAN",JHARKHAND,
6461,GARPOS,GPH,E,NSG6,CKP,SER,SAMBALPUR,ODISHA,
6462,GOILKERA,GOL,E,NSG6,CKP,SER,WEST SINGHBHUM,JHARKHAND,
6463,GORUMAHISANI,GUMI,E,NSG6,CKP,SER,MAYURBHANJ,ODISHA,
6464,GUA,GUA,E,NSG6,CKP,SER,WEST SINGHBHUM,JHARKHAND,
6465,JARAIKELA,JRA,E,NSG6,CKP,SER,SUNDARGARH,ODISHA,
6466,JAROLI,JRLI,E,NSG6,CKP,SER,KENDUJHAR,ODISHA,
6467,JHINKPANI,JNK,E,NSG6,CKP,SER,WEST SINGHBHUM,JHARKHAND,
6468,KALUNGA,KLG,D,NSG6,CKP,SER,SUNDARGARH,ODISHA,
6469,KANDRA,KND,E,NSG6,CKP,SER,"SARAIKELA
KHARSAWAN",JHARKHAND,
6470,KANSBAHAL,KXN,E,NSG6,CKP,SER,SUNDARGARH,ODISHA,
6471,KARAMPADA,KMPD,E,NSG6,CKP,SER,WEST SINGHBHUM,JHARKHAND,
6472,KENDPOSI,KNPS,E,NSG6,CKP,SER,WEST SINGHBHUM,JHARKHAND,
6473,KIRUBURU,KRBU,E,NSG6,CKP,SER,WEST SINGHBHUM,JHARKHAND,
6474,KUARMUNDA,KRMD,E,NSG6,CKP,SER,SUNDARGARH,ODISHA,
6475,KULDIHA,KIJ,E,NSG6,CKP,SER,MAYURBHANJ,ODISHA,
6476,KUNKI B.H.,KZU,E,NSG6,CKP,SER,"SARAIKELA
KHARSAWAN",JHARKHAND,
6477,LATHIKATA,LTK,E,NSG6,CKP,SER,SUNDARGARH,ODISHA,
6478,LOTAPAHAR,LPH,E,NSG6,CKP,SER,WEST SINGHBHUM,JHARKHAND,
6479,MAHADEVASAL PH,MXW,F,NSG6,CKP,SER,WEST SINGHBHUM,JHARKHAND,
6480,MAHALI MARUP,MMV,E,NSG6,CKP,SER,"SARAIKELA
KHARSAWAN",JHARKHAND,
6481,MALUKA,MLKA,E,NSG6,CKP,SER,WEST SINGHBHUM,JHARKHAND,
6482,MURGA-MAHADEV ROAD,MMVR,E,NSG6,CKP,SER,KENDUJHAR,ODISHA,
6483,NOAMUNDI,NOMD,D,NSG6,CKP,SER,WEST SINGHBHUM,JHARKHAND,
6484,PADAPAHAR,PDPH,E,NSG6,CKP,SER,WEST SINGHBHUM,JHARKHAND,
6485,PANDRASALI,PRSL,E,NSG6,CKP,SER,WEST SINGHBHUM,JHARKHAND,
6486,PANPOSH,PPO,E,NSG6,CKP,SER,SUNDARGARH,ODISHA,
6487,PATASAHI,PSJ,E,NSG6,CKP,SER,SUNDARGARH,ODISHA,
6488,POSOITA,PST,E,NSG6,CKP,SER,WEST SINGHBHUM,JHARKHAND,
6489,RAIRANGPUR,RRP,E,NSG6,CKP,SER,MAYURBHANJ,ODISHA,
6490,SINGHPOKHARIA,SIPA,E,NSG6,CKP,SER,WEST SINGHBHUM,JHARKHAND,
6491,SOGORA,SOGR,E,NSG6,CKP,SER,SAMBALPUR,ODISHA,
6492,SONAKHAN,SXN,E,NSG6,CKP,SER,SUNDARGARH,ODISHA,
6493,SONUA,SWR,E,NSG6,CKP,SER,WEST SINGHBHUM,JHARKHAND,
6494,TALABURU,TABU,E,NSG6,CKP,SER,WEST SINGHBHUM,JHARKHAND,
6495,TANGARMUNDA BH,TGM,E,NSG6,CKP,SER,SAMBALPUR,ODISHA,
6496,DURGACHAK TOWN,DZKT,F,HG1,KGP,SER,MEDINIPUR EAST,WEST BENGAL,22.066831/88.136032
6497,JALALSI P.H.,JLI,F,HG1,KGP,SER,HOWRAH,WEST BENGAL,22.5882037/88.0576891
6498,MAHENDRALALNAGAR,MHLN,F,HG1,KGP,SER,HOWRAH,WEST BENGAL,22.6434398/88.0916405
6499,MUNSIRHAT P.H.,MNH,F,HG1,KGP,SER,HOWRAH,WEST BENGAL,22.6489476/88.0955458
6500,PANTIHAL,PTHL,F,HG1,KGP,SER,HOWRAH,WEST BENGAL,22.6595467/88.1144339
6501,ANGUA P.H.,AGV,F,HG2,KGP,SER,MEDINIPUR WEST,WEST BENGAL,21.892582/87.269923
6502,ASHAPURNA DEVI,APRD,F,HG2,KGP,SER,MEDINIPUR EAST,WEST BENGAL,21.727401/87.638201
6503,BADALPUR P.H,BDPA,F,HG2,KGP,SER,MEDINIPUR EAST,WEST BENGAL,21.710487/87.616227
6504,BANDAR PH,BAAR,F,HG2,KGP,SER,MEDINIPUR EAST,WEST BENGAL,22.052122/88.086816
6505,BANSTOLA PH,BNB,F,HG2,KGP,SER,JHARGRAM,WEST BENGAL,22.4209740526/87.062669671
6506,BETNOTI PH,BTQ,F,HG2,KGP,SER,MAYURBHANJ,ODISHA,
6507,DANSI PH,DNI,F,HG2,KGP,SER,HOWRAH,WEST BENGAL,22.6222708/88.2660781
6508,DOMJUR ROAD,DMJR,F,HG2,KGP,SER,HOWRAH,WEST BENGAL,22.6357236/88.2222319
6509,DUAN,DUAN,F,HG2,KGP,SER,MEDINIPUR WEST,WEST BENGAL,22.354105/87.588218
6510,HARISHDADPUR PH,HDC,F,HG2,KGP,SER,HOWRAH,WEST BENGAL,22.57511/88.0435458
6511,HERIA P.H.,HEN,F,HG2,KGP,SER,MEDINIPUR EAST,WEST BENGAL,21.974916/87.795566
6512,JHALUARBAR,JLBR,F,HG2,KGP,SER,HOWRAH,WEST BENGAL,22.6276133/88.2524765
6513,JOGAL,JOL,F,HG2,KGP,SER,MAYURBHANJ,ODISHA,
6514,JUGPURA P.H.,JRG,F,HG2,KGP,SER,MAYURBHANJ,ODISHA,
6515,KANIMAHULI P.H.,KNM,F,HG2,KGP,SER,EAST SINGHBUM,JHARKHAND,
6516,KHATKURA P.H.,KATB,F,HG2,KGP,SER,JHARGRAM,WEST BENGAL,22.477455/86.930224
6517,KONA PH,KONA,F,HG2,KGP,SER,HOWRAH,WEST BENGAL,22.6182622/88.2967748
6518,KRISHNA CHANDRAPUR,KCV,F,HG2,KGP,SER,MAYURBHANJ,ODISHA,
6519,LAVAN SG SMARAK,LSGS,F,HG2,KGP,SER,MEDINIPUR EAST,WEST BENGAL,22.11493275/87.8715031
6520,MAKARDAHA,MDC,F,HG2,KGP,SER,HOWRAH,WEST BENGAL,22.628756/88.236759
6521,NACHINDA P.H.,NCN,F,HG2,KGP,SER,MEDINIPUR EAST,WEST BENGAL,21.881341/87.754966
6522,"NUAGAON-MAYURBHANJ
R",NMBR,F,HG2,KGP,SER,BALESHWAR,ODISHA,
6523,SABIRA,SZZ,F,HG2,KGP,SER,BALESHWAR,ODISHA,
6524,SAHID MATANGINI,SMTG,F,HG2,KGP,SER,MEDINIPUR EAST,WEST BENGAL,22.301974/87.908115
6525,SATISH SAMANTA P.H.,SSPH,F,HG2,KGP,SER,MEDINIPUR EAST,WEST BENGAL,22.194485/87.987567
6526,SITALPUR (BENGAL),STLB,F,HG2,KGP,SER,MEDINIPUR EAST,WEST BENGAL,21.774098/87.672822
6527,SUJALPUR P.H.,SJPA,F,HG2,KGP,SER,MEDINIPUR EAST,WEST BENGAL,21.763167/87.657497
6528,THAKURTOLA P.H,TKH,F,HG2,KGP,SER,MAYURBHANJ,ODISHA,
6529,TIKRA P.H.,TKRA,F,HG2,KGP,SER,MEDINIPUR EAST,WEST BENGAL,21.66408/87.531081
6530,BURAMARA,BWO,F,HG3,KGP,SER,MAYURBHANJ,ODISHA,
6531,CHIRUGODA,CHGA,F,HG3,KGP,SER,EAST SINGHBUM,JHARKHAND,
6532,DAKSHINBARI,DKB,F,HG3,KGP,SER,HOWRAH,WEST BENGAL,22.6561086/88.1825218
6533,JAMSOLE,JSE,F,HG3,KGP,SER,MAYURBHANJ,ODISHA,
6534,KUCHAI,KUCE,F,HG3,KGP,SER,MAYURBHANJ,ODISHA,
6535,PADMAPUKUR,PDPK,F,HG3,KGP,SER,HOWRAH,WEST BENGAL,22.5684157/88.3056857
6536,PANPANA PH,PNPN,F,HG3,KGP,SER,BALESHWAR,ODISHA,
6537,RAJALUKAH,RJLK,F,HG3,KGP,SER,MAYURBHANJ,ODISHA,
6538,TIKIRAPAL P.H.,TKPL,F,HG3,KGP,SER,BALESHWAR,ODISHA,
6539,COSSYE,CSY,NA,"It is a Non
functinal cabin
situated in
between GKL-
MDN adjacent
to Kangsabati
river and also
a proposed
Passenger
Halt",KGP,SER,MEDINIPUR WEST,WEST BENGAL,22.4068330073/87.2896485193
6540,HALDIA DOCK COMP. GE,HDCG,NA,"It is the siding
code of Haldia
Dock complex
General at
Haldia station",KGP,SER,MEDINIPUR EAST,WEST BENGAL,
6541,KHARAGPUR WORKSHOP,KGPW,NA,"It is the
workshop
location exists
at Kharagpur
and not a
station",KGP,SER,MEDINIPUR WEST,WEST BENGAL,
6542,HOWRAH SOUTH N C,HWHS,A1,NSG1,KGP,SER,HOWRAH,WEST BENGAL,
6543,KHARAGPUR,KGP,A1,NSG2,KGP,SER,MEDINIPUR WEST,WEST BENGAL,22.3399/87.3249
6544,BALASORE,BLS,A,NSG3,KGP,SER,BALESHWAR,ODISHA,
6545,SHALIMAR,SHM,A,NSG3,KGP,SER,HOWRAH,WEST BENGAL,22.556388888889/88.314722222222
6546,BARIPADA,BPO,D,NSG4,KGP,SER,MAYURBHANJ,ODISHA,
6547,DIGHA,DGHA,A,NSG4,KGP,SER,MEDINIPUR EAST,WEST BENGAL,21.6229/87.5082
6548,GHATSILA,GTS,D,NSG4,KGP,SER,EAST SINGHBUM,JHARKHAND,
6549,JHARGRAM,JGM,D,NSG4,KGP,SER,JHARGRAM,WEST BENGAL,22.4549644863/86.9985316705
6550,MIDNAPORE,MDN,B,NSG4,KGP,SER,MEDINIPUR WEST,WEST BENGAL,22.42498/87.307379
6551,BASTA,BTS,D,NSG5,KGP,SER,BALESHWAR,ODISHA,
6552,BELDA,BLDA,D,NSG5,KGP,SER,MEDINIPUR WEST,WEST BENGAL,
6553,CHAKULIA,CKU,D,NSG5,KGP,SER,EAST SINGHBUM,JHARKHAND,
6554,HIJLI,HIJ,E,NSG5,KGP,SER,MEDINIPUR WEST,WEST BENGAL,22.319921/87.320169
6555,JALESWAR,JER,D,NSG5,KGP,SER,BALESHWAR,ODISHA,
6556,KANTHI F.S.,KATI,D,NSG5,KGP,SER,MEDINIPUR EAST,WEST BENGAL,21.788743/87.734128
6557,RAKHA MINES,RHE,D,NSG5,KGP,SER,EAST SINGHBUM,JHARKHAND,
6558,SORO,SORO,D,NSG5,KGP,SER,BALESHWAR,ODISHA,
6559,AMARDA ROAD,ARD,E,NSG6,KGP,SER,BALESHWAR,ODISHA,
6560,BAHANAGA BAZAR,BNBR,E,NSG6,KGP,SER,BALESHWAR,ODISHA,
6561,BAKHRABAD,VKD,E,NSG6,KGP,SER,MEDINIPUR WEST,WEST BENGAL,22.118541/87.36345
6562,BANGRIPOSI,BGY,F,NSG6,KGP,SER,MAYURBHANJ,ODISHA,
6563,BENAPUR,BPE,E,NSG6,KGP,SER,MEDINIPUR WEST,WEST BENGAL,22.27135231/87.37624084
6564,BHANJPUR,VZR,E,NSG6,KGP,SER,MAYURBHANJ,ODISHA,
6565,DALBHUMGARH,DVM,E,NSG6,KGP,SER,EAST SINGHBUM,JHARKHAND,
6566,DANTAN,DNT,E,NSG6,KGP,SER,MEDINIPUR WEST,WEST BENGAL,21.930376/87.284055
6567,DESHAPRAN P.H.,DSPN,F,NSG6,KGP,SER,MEDINIPUR EAST,WEST BENGAL,22.029347/87.817047
6568,GALUDIH,GUD,E,NSG6,KGP,SER,EAST SINGHBUM,JHARKHAND,
6569,GIDHNI,GII,E,NSG6,KGP,SER,JHARGRAM,WEST BENGAL,22.488472/86.853201
6570,GOPINPURNILGIRI,GPNB,B,NSG6,KGP,SER,BALESHWAR,ODISHA,
6571,HALDIPADA,HIP,E,NSG6,KGP,SER,BALESHWAR,ODISHA,
6572,KALAIKUNDA,KKQ,E,NSG6,KGP,SER,MEDINIPUR WEST,WEST BENGAL,22.32945442/87.24399951
6573,KHANTAPARA,KHF,E,NSG6,KGP,SER,BALESHWAR,ODISHA,
6574,KHEMASULI PH,KSO,E,NSG6,KGP,SER,MEDINIPUR WEST,WEST BENGAL,22.337768/87.184863
6575,KOKPARA,KKPR,E,NSG6,KGP,SER,EAST SINGHBUM,JHARKHAND,
6576,LAKSHANNATH ROAD,LXD,E,NSG6,KGP,SER,BALESHWAR,ODISHA,
6577,MARKONA,MKO,E,NSG6,KGP,SER,BALESHWAR,ODISHA,
6578,NANDHAKUMAR,NDKR,E,NSG6,KGP,SER,MEDINIPUR EAST,WEST BENGAL,22.1909239649/87.927872196
6579,NARAYANGARH,NYA,E,NSG6,KGP,SER,MEDINIPUR WEST,WEST BENGAL,22.174233/87.380456
6580,NIKURSINI,NSI,E,NSG6,KGP,SER,MEDINIPUR WEST,WEST BENGAL,22.004654/87.306186
6581,NILGIRI ROAD,NGRD,E,NSG6,KGP,SER,BALESHWAR,ODISHA,
6582,RAJGHAT,RGT,E,NSG6,KGP,SER,BALESHWAR,ODISHA,
6583,RAMNAGAR (BENGAL)P.H,RMRB,F,NSG6,KGP,SER,MEDINIPUR EAST,WEST BENGAL,21.677451/87.55405
6584,RANITAL,RNTL,E,NSG6,KGP,SER,BHADRAK,ODISHA,
6585,RUPSA JN.,ROP,E,NSG6,KGP,SER,BALESHWAR,ODISHA,
6586,SARDIHA,SUA,E,NSG6,KGP,SER,JHARGRAM,WEST BENGAL,22.380612/87.123645
6587,SUTEI BADAGAN,SBGB,B,NSG6,KGP,SER,BALESHWAR,ODISHA,
6588,MECHEDA,MCA,C,SG1,KGP,SER,MEDINIPUR EAST,WEST BENGAL,22.414105/87.85883
6589,SANTRAGACHI JN,SRC,C,SG1,KGP,SER,HOWRAH,WEST BENGAL,22.5838/88.2843
6590,BAGNAN,BZN,C,SG2,KGP,SER,HOWRAH,WEST BENGAL,22.462515/87.970711
6591,PANSKURA,PKU,C,SG2,KGP,SER,MEDINIPUR EAST,WEST BENGAL,22.393102763/87.7430237079
6592,ABADA,ABB,C,SG3,KGP,SER,HOWRAH,WEST BENGAL,22.547877/88.199392
6593,AMTA,AMTA,A,SG3,KGP,SER,HOWRAH,WEST BENGAL,
6594,ANDUL,ADL,C,SG3,KGP,SER,HOWRAH,WEST BENGAL,22.575169/88.239643
6595,BALICHAK,BCK,C,SG3,KGP,SER,MEDINIPUR WEST,WEST BENGAL,22.35818589/87.55335416
6596,BANKRA NAYABAZ,BKNM,C,SG3,KGP,SER,HOWRAH,WEST BENGAL,22.5955199/88.2772604
6597,BARDA,BRDB,C,SG3,KGP,SER,MEDINIPUR EAST,WEST BENGAL,22.15295838/88.08753041
6598,BARGACHIA,BAC,C,SG3,KGP,SER,HOWRAH,WEST BENGAL,22.6668087/88.1383538
6599,BASULYA SUTAHATA,BYSA,C,SG3,KGP,SER,MEDINIPUR EAST,WEST BENGAL,22.12030128/88.13056325
6600,BAURIA JN.,BVA,C,SG3,KGP,SER,HOWRAH,WEST BENGAL,22.5035911202/88.1635216052
6601,BHOGPUR,BOP,C,SG3,KGP,SER,MEDINIPUR EAST,WEST BENGAL,22.401522/87.809079
6602,BIRSHIBPUR,BSBP,C,SG3,KGP,SER,HOWRAH,WEST BENGAL,22.473359/88.053112
6603,CHENGEL,CGA,C,SG3,KGP,SER,HOWRAH,WEST BENGAL,22.486845/88.13891
6604,DASHNAGAR,DSNR,C,SG3,KGP,SER,HOWRAH,WEST BENGAL,22.598094/88.3077615
6605,DEULTI,DTE,C,SG3,KGP,SER,HOWRAH,WEST BENGAL,22.452857/87.914003
6606,DOMJUR,DJR,C,SG3,KGP,SER,HOWRAH,WEST BENGAL,22.6430116/88.2094619
6607,DURGACHAK,DZK,C,SG3,KGP,SER,MEDINIPUR EAST,WEST BENGAL,22.082011/88.155274
6608,FULESWAR,FLR,C,SG3,KGP,SER,HOWRAH,WEST BENGAL,22.4778756365/88.1160488959
6609,GHORAGHATA,GGTA,C,SG3,KGP,SER,HOWRAH,WEST BENGAL,22.458315/87.94424
6610,GIRI MAIDAN,GMDN,C,SG3,KGP,SER,MEDINIPUR WEST,WEST BENGAL,22.340478/87.306151
6611,GOKULPUR,GKL,C,SG3,KGP,SER,MEDINIPUR WEST,WEST BENGAL,22.375923/87.293716
6612,HALDIA,HLZ,C,SG3,KGP,SER,MEDINIPUR EAST,WEST BENGAL,22.045284/88.06589
6613,HAUR,HAUR,C,SG3,KGP,SER,MEDINIPUR EAST,WEST BENGAL,22.365254/87.655069
6614,JAKPUR,JPR,C,SG3,KGP,SER,MEDINIPUR WEST,WEST BENGAL,22.362509/87.389853
6615,KESHABPUR,KSBP,C,SG3,KGP,SER,MEDINIPUR EAST,WEST BENGAL,22.221674/87.948672
6616,KHIRAI,KHAI,C,SG3,KGP,SER,MEDINIPUR EAST,WEST BENGAL,22.374504/87.696628
6617,KOLAGHAT,QGT,C,SG3,KGP,SER,MEDINIPUR EAST,WEST BENGAL,
6618,KULGACHIA,KGY,C,SG3,KGP,SER,HOWRAH,WEST BENGAL,22.472352/88.020395
6619,MADPUR,MPD,C,SG3,KGP,SER,MEDINIPUR WEST,WEST BENGAL,22.369694/87.443268
6620,MAHISADAL,MSDL,C,SG3,KGP,SER,MEDINIPUR EAST,WEST BENGAL,22.176299/88.010799
6621,MAJU,MJH,C,SG3,KGP,SER,HOWRAH,WEST BENGAL,22.6160758/88.0787364
6622,MAURIGRAM,MRGM,C,SG3,KGP,SER,HOWRAH,WEST BENGAL,22.5798168/88.2556745
6623,NALPUR,NALR,C,SG3,KGP,SER,HOWRAH,WEST BENGAL,22.529208/88.185699
6624,NANDAIGAJAN P.H.,NDGJ,C,SG3,KGP,SER,MEDINIPUR EAST,WEST BENGAL,22.404098/87.832458
6625,NARAYAN PAKURIA MURA,NPMR,C,SG3,KGP,SER,MEDINIPUR EAST,WEST BENGAL,22.399692/87.773985
6626,RADHAMOHANPUR,RDU,C,SG3,KGP,SER,MEDINIPUR WEST,WEST BENGAL,22.356484/87.612611
6627,RAGHUNATHBARI,RGX,C,SG3,KGP,SER,MEDINIPUR EAST,WEST BENGAL,22.353228/87.797247
6628,RAJAGODA,RGA,C,SG3,KGP,SER,MEDINIPUR EAST,WEST BENGAL,22.324313/87.866472
6629,RAMRAJATALA,RMJ,C,SG3,KGP,SER,HOWRAH,WEST BENGAL,22.5893817/88.2967522
6630,SANKRAIL,SEL,C,SG3,KGP,SER,HOWRAH,WEST BENGAL,22.5613094942/88.2090743463
6631,SHYAM CHAK,SMCK,C,SG3,KGP,SER,MEDINIPUR WEST,WEST BENGAL,22.363451/87.500479
6632,TAMLUK,TMZ,C,SG3,KGP,SER,MEDINIPUR EAST,WEST BENGAL,22.275813/87.919144
6633,TIKIAPARA,TPKR,C,SG3,KGP,SER,HOWRAH,WEST BENGAL,22.5986/88.3243
6634,ULUBARIA,ULB,C,SG3,KGP,SER,HOWRAH,WEST BENGAL,22.472428/88.093209
6635,NIMPURA,NMP,NA,"The location is
a railway
siding",KGP,SER,MEDINIPUR WEST,WEST BENGAL,22.325255/87.265053
6636,BALTIKURI,BALT,NA,"This is belongs
to Eastern
Railway
Station",KGP,SER,HOWRAH,WEST BENGAL,22.6094046/88.296114
6637,AKASHI P.H,AKZ,E,HG2,RNC,SER,LOHARDAGA,JHARKHAND,
6638,ARGORA P.H,AOR,F,HG2,RNC,SER,RANCHI,JHARKHAND,
6639,BARKICHANPI,BICI,F,HG2,RNC,SER,LOHARDAGA,JHARKHAND,
6640,BEGUNKODAR,BKDR,F,HG2,RNC,SER,PURULIA,WEST BENGAL,23.3875/86.0217
6641,IRGAON P.H,IRN,F,HG2,RNC,SER,LOHARDAGA,JHARKHAND,
6642,ITKY P.H.,ITKY,F,HG2,RNC,SER,RANCHI,JHARKHAND,
6643,NAGJUA F.S,NJA,F,HG2,RNC,SER,LOHARDAGA,JHARKHAND,
6644,NARKOPI F.S,NRKP,F,HG2,RNC,SER,RANCHI,JHARKHAND,
6645,PISKA F.S,PIS,E,HG2,RNC,SER,RANCHI,JHARKHAND,
6646,BAKARKUDI,BKKI,E,HG3,RNC,SER,"SARAIKELA
KHARSAWAN",JHARKHAND,
6647,BODAGRAM PH,BODG,F,HG3,RNC,SER,LATEHAR,JHARKHAND,
6648,HENDLASO BHOKTA,HBB,F,HG3,RNC,SER,LOHARDAGA,JHARKHAND,
6649,SONDIMRA,SND,F,HG3,RNC,SER,RAMGARH,JHARKHAND,
6650,HATIA,HTE,A,NSG3,RNC,SER,RANCHI,JHARKHAND,
6651,RANCHI,RNC,A,NSG3,RNC,SER,RANCHI,JHARKHAND,
6652,JHALIDA,JAA,D,NSG5,RNC,SER,PURULIA,WEST BENGAL,23.370167/85.97484
6653,LOHARDAGA BS,LAD,D,NSG5,RNC,SER,LOHARDAGA,JHARKHAND,
6654,MURI,MURI,D,NSG5,RNC,SER,RANCHI,JHARKHAND,
6655,NAMKOM,NKM,E,NSG5,RNC,SER,RANCHI,JHARKHAND,
6656,RAMGARH CANTT.,RMT,D,NSG5,RNC,SER,RAMGARH,JHARKHAND,
6657,BAKASPUR,BKPR,E,NSG6,RNC,SER,KHUNTI,JHARKHAND,
6658,BALASIRING,BLRG,E,NSG6,RNC,SER,RANCHI,JHARKHAND,
6659,BANO,BANO,E,NSG6,RNC,SER,SIMDEGA,JHARKHAND,
6660,BARKIPONA,BRKP,E,NSG6,RNC,SER,RAMGARH,JHARKHAND,
6661,BARLANGA,BLNG,E,NSG6,RNC,SER,RAMGARH,JHARKHAND,
6662,GANGAGHAT,GAG,E,NSG6,RNC,SER,RANCHI,JHARKHAND,
6663,GAUTAMDHARA,GATD,E,NSG6,RNC,SER,RANCHI,JHARKHAND,
6664,GOLA ROAD,GRE,E,NSG6,RNC,SER,RAMGARH,JHARKHAND,
6665,GOONDA (BIHAR),GDBR,E,NSG6,RNC,SER,"SARAIKELA
KHARSAWAN",JHARKHAND,
6666,GOVINDPUR ROAD,GBX,E,NSG6,RNC,SER,KHUNTI,JHARKHAND,
6667,HARUBERA,HRBR,E,NSG6,RNC,SER,RAMGARH,JHARKHAND,
6668,HESALONG FS,HNSL,E,NSG6,RNC,SER,"SARAIKELA
KHARSAWAN",JHARKHAND,
6669,ILLOO,ILO,E,NSG6,RNC,SER,PURULIA,WEST BENGAL,
6670,JHIMRI,JHMR,E,NSG6,RNC,SER,"SARAIKELA
KHARSAWAN",JHARKHAND,
6671,JOHNA,JON,E,NSG6,RNC,SER,RANCHI,JHARKHAND,
6672,KANAROAN,KNRN,E,NSG6,RNC,SER,SIMDEGA,JHARKHAND,
6673,KARRA,KRRA,E,NSG6,RNC,SER,KHUNTI,JHARKHAND,
6674,KITA,KITA,E,NSG6,RNC,SER,RANCHI,JHARKHAND,
6675,KURKURA,KRKR,E,NSG6,RNC,SER,GUMLA,JHARKHAND,
6676,LATEMDA,LTMD,E,NSG6,RNC,SER,"SARAIKELA
KHARSAWAN",JHARKHAND,
6677,LODHMA,LOM,E,NSG6,RNC,SER,KHUNTI,JHARKHAND,
6678,MAEL,MAEL,E,NSG6,RNC,SER,RAMGARH,JHARKHAND,
6679,MAHABUANG,MCZ,E,NSG6,RNC,SER,SIMDEGA,JHARKHAND,
6680,ORGA,ORGA,E,NSG6,RNC,SER,SIMDEGA,JHARKHAND,
6681,PAKRA,PKC,E,NSG6,RNC,SER,GUMLA,JHARKHAND,
6682,PARBATONIA,PBB,E,NSG6,RNC,SER,SIMDEGA,JHARKHAND,
6683,POKLA,PKF,E,NSG6,RNC,SER,GUMLA,JHARKHAND,
6684,SILLI,SLF,E,NSG6,RNC,SER,RANCHI,JHARKHAND,
6685,SUISA,SSIA,E,NSG6,RNC,SER,PURULIA,WEST BENGAL,23.196775/85.909013
6686,TANGRABASULI B.S,TGB,E,NSG6,RNC,SER,RANCHI,JHARKHAND,
6687,TATI,TATI,E,NSG6,RNC,SER,SIMDEGA,JHARKHAND,
6688,TATISILWAI,TIS,E,NSG6,RNC,SER,RANCHI,JHARKHAND,
6689,TIRALDIH,TUL,E,NSG6,RNC,SER,"SARAIKELA
KHARSAWAN",JHARKHAND,
6690,TORANG,TRAN,E,NSG6,RNC,SER,PURULIA,WEST BENGAL,23.26814/85.858638
6691,TULIN,THO,E,NSG6,RNC,SER,PURULIA,WEST BENGAL,23.378363/85.902125
6692,Anavardikanpettai (HALT),AVN,E,HG1,MAS,SR,VELLORE,TAMIL NADU,
6693,Kanchipuram east (HALT),CJE,F,HG1,MAS,SR,KANCHIPURAM,TAMIL NADU,
6694,Maraimalai nagar (HALT),MMNK,F,HG1,MAS,SR,KANCHIPURAM,TAMIL NADU,
6695,Paranur (HALT),PWU,F,HG1,MAS,SR,KANCHIPURAM,TAMIL NADU,
6696,Potheri (HALT),POTI,F,HG1,MAS,SR,KANCHIPURAM,TAMIL NADU,
6697,Urappakkam (HALT),UPM,F,HG1,MAS,SR,KANCHIPURAM,TAMIL NADU,
6698,Acharapakkam (HALT),ACK,F,HG2,MAS,SR,KANCHIPURAM,TAMIL NADU,
6699,Akkampet (HALT),AKAT,F,HG2,MAS,SR,SPSR NELLORE,ANDHRA PRADESH,
6700,Melalathur (HALT),MEH,F,HG2,MAS,SR,VELLORE,TAMIL NADU,
6701,Villiambakkam (HALT),VB,F,HG2,MAS,SR,KANCHIPURAM,TAMIL NADU,
6702,Virinchipuram (HALT),VJ,F,HG2,MAS,SR,VELLORE,TAMIL NADU,
6703,Ichchiputtur (HALT),IPT,F,HG3,MAS,SR,VELLORE,TAMIL NADU,
6704,Nathapettai (HALT),NTT,F,HG3,MAS,SR,KANCHIPURAM,TAMIL NADU,
6705,Padalam (HALT),PTM,F,HG3,MAS,SR,KANCHIPURAM,TAMIL NADU,
6706,Padi (HALT),PADI,F,HG3,MAS,SR,CHENNAI,TAMIL NADU,
6707,Palayasivaram (HALT),PYV,F,HG3,MAS,SR,KANCHIPURAM,TAMIL NADU,
6708,Reddipalayam (HALT),RDY,F,HG3,MAS,SR,KANCHIPURAM,TAMIL NADU,
6709,Thakkolam (HALT),TKO,F,HG3,MAS,SR,VELLORE,TAMIL NADU,
6710,"Venkatanarasimharajuvarip
eta (HALT)",VKZ,F,HG3,MAS,SR,CHITTOOR,ANDHRA PRADESH,
6711,Chennai Central,MAS,A1,NSG1,MAS,SR,CHENNAI,TAMIL NADU,
6712,Chennai egmore,MS,A1,NSG1,MAS,SR,CHENNAI,TAMIL NADU,
6713,Tambaram,TBM,A,NSG1,MAS,SR,KANCHIPURAM,TAMIL NADU,
6714,Arakkonam jn,AJJ,A,NSG2,MAS,SR,VELLORE,TAMIL NADU,
6715,Avadi,AVD,B,NSG2,MAS,SR,THIRUVALLUR,TAMIL NADU,
6716,Chengalpattu jn.,CGL,A,NSG2,MAS,SR,KANCHIPURAM,TAMIL NADU,
6717,Katpadi,KPD,A,NSG2,MAS,SR,VELLORE,TAMIL NADU,
6718,Tiruvallur,TRL,B,NSG2,MAS,SR,THIRUVALLUR,TAMIL NADU,
6719,Guduvancheri,GI,D,NSG3,MAS,SR,KANCHIPURAM,TAMIL NADU,
6720,Jolarpettai,JTJ,A,NSG3,MAS,SR,VELLORE,TAMIL NADU,
6721,Mambalam,MBM,B,NSG3,MAS,SR,CHENNAI,TAMIL NADU,
6722,Perambur,PER,B,NSG3,MAS,SR,CHENNAI,TAMIL NADU,
6723,Perungalathur (FLAG),PRGL,D,NSG3,MAS,SR,KANCHIPURAM,TAMIL NADU,
6724,Kanchipuram,CJ,D,NSG4,MAS,SR,KANCHIPURAM,TAMIL NADU,
6725,Melmaruvathur,MLMR,B,NSG4,MAS,SR,KANCHIPURAM,TAMIL NADU,
6726,Singaperumalkoil,SKL,D,NSG4,MAS,SR,KANCHIPURAM,TAMIL NADU,
6727,Tiruttani,TRT,B,NSG4,MAS,SR,THIRUVALLUR,TAMIL NADU,
6728,Ambur,AB,B,NSG5,MAS,SR,VELLORE,TAMIL NADU,
6729,Ekambarakuppam (FLAG),EKM,D,NSG5,MAS,SR,CHITTOOR,ANDHRA PRADESH,
6730,Gudiyatham,GYM,D,NSG5,MAS,SR,VELLORE,TAMIL NADU,
6731,Kattangulathur,CTM,E,NSG5,MAS,SR,KANCHIPURAM,TAMIL NADU,
6732,Nayudupeta,NYP,D,NSG5,MAS,SR,SPSR NELLORE,ANDHRA PRADESH,
6733,Puttur,PUT,D,NSG5,MAS,SR,CHITTOOR,ANDHRA PRADESH,
6734,Sholinghur,SHU,D,NSG5,MAS,SR,VELLORE,TAMIL NADU,
6735,Sullurupeta,SPE,D,NSG5,MAS,SR,SPSR NELLORE,ANDHRA PRADESH,
6736,Tindivanam,TMV,D,NSG5,MAS,SR,VILLUPURAM,TAMIL NADU,
6737,Vandalur,VDR,D,NSG5,MAS,SR,TIRUCHIRAPPALLI,TAMIL NADU,
6738,Vaniyambadi,VN,D,NSG5,MAS,SR,VELLORE,TAMIL NADU,
6739,Walajaroad,WJR,D,NSG5,MAS,SR,VELLORE,TAMIL NADU,
6740,Anna nagar,ANNG,E,NSG6,MAS,SR,CHENNAI,TAMIL NADU,
6741,Arambakkam,AKM,E,NSG6,MAS,SR,THIRUVALLUR,TAMIL NADU,
6742,Chitteri,CTRE,E,NSG6,MAS,SR,VELLORE,TAMIL NADU,
6743,Doravari chatram,DVR,E,NSG6,MAS,SR,SPSR NELLORE,ANDHRA PRADESH,
6744,Elavur,ELR,E,NSG6,MAS,SR,THIRUVALLUR,TAMIL NADU,
6745,Karunguzhi,KGZ,E,NSG6,MAS,SR,KANCHIPURAM,TAMIL NADU,
6746,Kavanur,KVN,E,NSG6,MAS,SR,VELLORE,TAMIL NADU,
6747,Kettandapatti,KDY,E,NSG6,MAS,SR,VELLORE,TAMIL NADU,
6748,Latteri,LTI,E,NSG6,MAS,SR,VELLORE,TAMIL NADU,
6749,Maduranthagam,MMK,E,NSG6,MAS,SR,KANCHIPURAM,TAMIL NADU,
6750,Mailam,MTL,E,NSG6,MAS,SR,VILLUPURAM,TAMIL NADU,
6751,Melpatti,MPI,E,NSG6,MAS,SR,VELLORE,TAMIL NADU,
6752,Mukundarayapuram,MCN,E,NSG6,MAS,SR,VELLORE,TAMIL NADU,
6753,Mundiyambakkam,MYP,E,NSG6,MAS,SR,VILLUPURAM,TAMIL NADU,
6754,Nagari,NG,E,NSG6,MAS,SR,CHITTOOR,ANDHRA PRADESH,
6755,Odur,ODUR,E,NSG6,MAS,SR,SPSR NELLORE,ANDHRA PRADESH,
6756,Olakur,OLA,E,NSG6,MAS,SR,VILLUPURAM,TAMIL NADU,
6757,Otivakkam,OV,E,NSG6,MAS,SR,KANCHIPURAM,TAMIL NADU,
6758,Pachakuppam,PCKM,E,NSG6,MAS,SR,VELLORE,TAMIL NADU,
6759,Palur,PALR,E,NSG6,MAS,SR,KANCHIPURAM,TAMIL NADU,
6760,Pedapariya,PYA,E,NSG6,MAS,SR,SPSR NELLORE,ANDHRA PRADESH,
6761,Perani,PEI,E,NSG6,MAS,SR,VILLUPURAM,TAMIL NADU,
6762,Polireddypalem,PEL,E,NSG6,MAS,SR,SPSR NELLORE,ANDHRA PRADESH,
6763,Ponpadi,POI,E,NSG6,MAS,SR,THIRUVALLUR,TAMIL NADU,
6764,Pudi,PUDI,E,NSG6,MAS,SR,CHITTOOR,ANDHRA PRADESH,
6765,Sevur,SVUR,E,NSG6,MAS,SR,VELLORE,TAMIL NADU,
6766,Tada,TADA,E,NSG6,MAS,SR,SPSR NELLORE,ANDHRA PRADESH,
6767,Taduku,TDK,E,NSG6,MAS,SR,CHITTOOR,ANDHRA PRADESH,
6768,Thalangai,TUG,E,NSG6,MAS,SR,VELLORE,TAMIL NADU,
6769,Thiruvalam,THL,E,NSG6,MAS,SR,VELLORE,TAMIL NADU,
6770,Tirumalpur,TMLP,E,NSG6,MAS,SR,VELLORE,TAMIL NADU,
6771,Tozhupedu,TZD,E,NSG6,MAS,SR,KANCHIPURAM,TAMIL NADU,
6772,Valathoor,VLT,E,NSG6,MAS,SR,VELLORE,TAMIL NADU,
6773,Vepagunta,VGA,E,NSG6,MAS,SR,CHITTOOR,ANDHRA PRADESH,
6774,Vikravandi,VVN,E,NSG6,MAS,SR,VILLUPURAM,TAMIL NADU,
6775,Vinnamangalam,VGM,E,NSG6,MAS,SR,VELLORE,TAMIL NADU,
6776,Walajabad,WJ,E,NSG6,MAS,SR,KANCHIPURAM,TAMIL NADU,
6777,Chennai Beach,MSB,C,SG1,MAS,SR,CHENNAI,TAMIL NADU,
6778,Guindy,GDY,C,SG2,MAS,SR,CHENNAI,TAMIL NADU,
6779,Pazhavanthangal (FLAG),PZA,C,SG2,MAS,SR,KANCHIPURAM,TAMIL NADU,
6780,Velacheri,VLCY,C,SG2,MAS,SR,CHENNAI,TAMIL NADU,
6781,Ambattur,ABU,C,SG3,MAS,SR,THIRUVALLUR,TAMIL NADU,
6782,Annanur (HALT),ANNR,C,SG3,MAS,SR,THIRUVALLUR,TAMIL NADU,
6783,Anuppampattu (FLAG),APB,C,SG3,MAS,SR,THIRUVALLUR,TAMIL NADU,
6784,Atthipattu (FLAG),AIP,C,SG3,MAS,SR,THIRUVALLUR,TAMIL NADU,
6785,"Attipattupudunagar
(HALT)",AIPP,C,SG3,MAS,SR,THIRUVALLUR,TAMIL NADU,
6786,Basin bridge jn,BBQ,C,SG3,MAS,SR,CHENNAI,TAMIL NADU,
6787,Chennai Chetpet (FLAG),MSC,C,SG3,MAS,SR,CHENNAI,TAMIL NADU,
6788,Chennai fort (FLAG),MSF,C,SG3,MAS,SR,CHENNAI,TAMIL NADU,
6789,Chennai park,MPK,C,SG3,MAS,SR,CHENNAI,TAMIL NADU,
6790,Chepauk,MCPK,C,SG3,MAS,SR,CHENNAI,TAMIL NADU,
6791,Chintadripet,MCPT,C,SG3,MAS,SR,CHENNAI,TAMIL NADU,
6792,Chrompet (FLAG),CMP,C,SG3,MAS,SR,KANCHIPURAM,TAMIL NADU,
6793,Egattur (HALT),EGT,C,SG3,MAS,SR,THIRUVALLUR,TAMIL NADU,
6794,Ennore,ENR,C,SG3,MAS,SR,THIRUVALLUR,TAMIL NADU,
6795,Greenways road (FLAG),GWYR,C,SG3,MAS,SR,CHENNAI,TAMIL NADU,
6796,Gummidipundi,GPD,C,SG3,MAS,SR,THIRUVALLUR,TAMIL NADU,
6797,Hindu college (HALT),HC,C,SG3,MAS,SR,THIRUVALLUR,TAMIL NADU,
6798,Indiranagar (FLAG),INDR,C,SG3,MAS,SR,CHENNAI,TAMIL NADU,
6799,Kadambattur,KBT,C,SG3,MAS,SR,THIRUVALLUR,TAMIL NADU,
6800,Kasturibanagar (FLAG),KTBR,C,SG3,MAS,SR,CHENNAI,TAMIL NADU,
6801,Kathivakkam (FLAG),KAVM,C,SG3,MAS,SR,THIRUVALLUR,TAMIL NADU,
6802,Kavaraipettai,KVP,C,SG3,MAS,SR,THIRUVALLUR,TAMIL NADU,
6803,Kodambakkam,MKK,C,SG3,MAS,SR,CHENNAI,TAMIL NADU,
6804,Korattur (FLAG),KOTR,C,SG3,MAS,SR,THIRUVALLUR,TAMIL NADU,
6805,Korukkupet,KOK,C,SG3,MAS,SR,THIRUVALLUR,TAMIL NADU,
6806,Kotturpuram (FLAG),KTPM,C,SG3,MAS,SR,CHENNAI,TAMIL NADU,
6807,Light house (FLAG),MLHS,C,SG3,MAS,SR,CHENNAI,TAMIL NADU,
6808,Manavur (FLAG),MAF,C,SG3,MAS,SR,THIRUVALLUR,TAMIL NADU,
6809,Mandaiveli (FLAG),MNDY,C,SG3,MAS,SR,CHENNAI,TAMIL NADU,
6810,Meenambakkam,MN,C,SG3,MAS,SR,KANCHIPURAM,TAMIL NADU,
6811,Minjur,MJR,C,SG3,MAS,SR,THIRUVALLUR,TAMIL NADU,
6812,Moore Market Complex,MASS,C,SG3,MAS,SR,CHENNAI,TAMIL NADU,
6813,Mosur (HALT),MSU,C,SG3,MAS,SR,VELLORE,TAMIL NADU,
6814,Mundakakanni AmmanKoil,MKAK,C,SG3,MAS,SR,CHENNAI,TAMIL NADU,
6815,Nandiyambakkam (HALT),NPKM,C,SG3,MAS,SR,THIRUVALLUR,TAMIL NADU,
6816,Nemilicherry (HALT),NEC,C,SG3,MAS,SR,THIRUVALLUR,TAMIL NADU,
6817,Nungambakkam (FLAG),NBK,C,SG3,MAS,SR,CHENNAI,TAMIL NADU,
6818,Pallavaram,PV,C,SG3,MAS,SR,KANCHIPURAM,TAMIL NADU,
6819,Park town (FLAG),MPKT,C,SG3,MAS,SR,CHENNAI,TAMIL NADU,
6820,Pattabiram (FLAG),PAB,C,SG3,MAS,SR,THIRUVALLUR,TAMIL NADU,
6821,Pattabiram E-Depot,PRES,C,SG3,MAS,SR,THIRUVALLUR,TAMIL NADU,
6822,"Pattabiram military siding
(FLAG)",PTMS,C,SG3,MAS,SR,THIRUVALLUR,TAMIL NADU,
6823,Pattravakkam (FLAG),PVM,C,SG3,MAS,SR,THIRUVALLUR,TAMIL NADU,
6824,"Perambur carriage works
(FLAG)",PCW,C,SG3,MAS,SR,CHENNAI,TAMIL NADU,
6825,"Perambur loco works
(FLAG)",PEW,C,SG3,MAS,SR,CHENNAI,TAMIL NADU,
6826,Perungudi,PRGD,C,SG3,MAS,SR,CHENNAI,TAMIL NADU,
6827,Ponneri,PON,C,SG3,MAS,SR,THIRUVALLUR,TAMIL NADU,
6828,Puliamanagalam (HALT),PLMG,C,SG3,MAS,SR,VELLORE,TAMIL NADU,
6829,Putlur (HALT),PTLR,C,SG3,MAS,SR,THIRUVALLUR,TAMIL NADU,
6830,Royapuram (HALT),RPM,C,SG3,MAS,SR,CHENNAI,TAMIL NADU,
6831,Saidapet,SP,C,SG3,MAS,SR,CHENNAI,TAMIL NADU,
6832,Senjipanampakkam (HALT),SPAM,C,SG3,MAS,SR,THIRUVALLUR,TAMIL NADU,
6833,Sevvapet road,SVR,C,SG3,MAS,SR,THIRUVALLUR,TAMIL NADU,
6834,St.thomasmount,STM,C,SG3,MAS,SR,KANCHIPURAM,TAMIL NADU,
6835,"Tambaram sanitorium
(FLAG)",TBMS,C,SG3,MAS,SR,KANCHIPURAM,TAMIL NADU,
6836,Taramani,TRMN,C,SG3,MAS,SR,CHENNAI,TAMIL NADU,
6837,Thirumullaivoil (HALT),TMVL,C,SG3,MAS,SR,THIRUVALLUR,TAMIL NADU,
6838,Thiruninravur,TI,C,SG3,MAS,SR,THIRUVALLUR,TAMIL NADU,
6839,Tirumayilai,MTMY,C,SG3,MAS,SR,CHENNAI,TAMIL NADU,
6840,Tirusulam (FLAG),TLM,C,SG3,MAS,SR,KANCHIPURAM,TAMIL NADU,
6841,Tiruvalangadu,TO,C,SG3,MAS,SR,THIRUVALLUR,TAMIL NADU,
6842,Tiruvallikeni (FLAG),MTCN,C,SG3,MAS,SR,CHENNAI,TAMIL NADU,
6843,Tiruvanmiyur,TYMR,C,SG3,MAS,SR,CHENNAI,TAMIL NADU,
6844,Tiruvottiyur,TVT,C,SG3,MAS,SR,THIRUVALLUR,TAMIL NADU,
6845,Tondiarpet (FLAG),TNP,C,SG3,MAS,SR,THIRUVALLUR,TAMIL NADU,
6846,Veppambattu (FLAG),VEU,C,SG3,MAS,SR,THIRUVALLUR,TAMIL NADU,
6847,Villivakkam,VLK,C,SG3,MAS,SR,CHENNAI,TAMIL NADU,
6848,Voc nagar (HALT),VOC,C,SG3,MAS,SR,THIRUVALLUR,TAMIL NADU,
6849,Vyasarpadi jeeva (FLAG),VJM,C,SG3,MAS,SR,CHENNAI,TAMIL NADU,
6850,Washermanpet,WST,C,SG3,MAS,SR,CHENNAI,TAMIL NADU,
6851,Wimco nagar (FLAG),WCN,C,SG3,MAS,SR,THIRUVALLUR,TAMIL NADU,
6852,Azhwarkurichi (HALT),AZK,F,HG2,MDU,SR,TENKASI,TAMIL NADU,
6853,Chettiyapatti (HALT),CII,E,HG2,MDU,SR,TIRUCHIRAPPALLI,TAMIL NADU,
6854,Kailasapuram (HALT),KLPM,E,HG2,MDU,SR,TUTICORIN,TAMIL NADU,
6855,Karaikkurichchi (HALT),KARK,F,HG2,MDU,SR,TIRUNELVELI,TAMIL NADU,
6856,Kizha ambur (HALT),KIB,F,HG2,MDU,SR,TENKASI,TAMIL NADU,
6857,Kottaiyur (HALT),KTYR,E,HG2,MDU,SR,SIVAGANGA,TAMIL NADU,
6858,Kuri (HALT),KIF,F,HG2,MDU,SR,KOLLAM,KERALA,
6859,Madathukulam (HALT),MDKM,F,HG2,MDU,SR,TIRUPPUR,TAMIL NADU,
6860,Mandapam camp (HALT),MC,F,HG2,MDU,SR,RAMANATHAPURAM,TAMIL NADU,
6861,Tutimelur (HALT),TME,F,HG2,MDU,SR,TUTICORIN,TAMIL NADU,
6862,Valantaravai (HALT),VTV,F,HG2,MDU,SR,RAMANATHAPURAM,TAMIL NADU,
6863,Viravanallur (HALT),VVR,F,HG2,MDU,SR,TIRUNELVELI,TAMIL NADU,
6864,Aryankavu (HALT),AYV,F,HG3,MDU,SR,KOLLAM,KERALA,
6865,Chandanattop (HALT),CTPE,F,HG3,MDU,SR,KOLLAM,KERALA,
6866,Edapalayam (HALT),EDP,F,HG3,MDU,SR,KOLLAM,KERALA,
6867,Kalthurithi (HALT),KTHY,F,HG3,MDU,SR,KOLLAM,KERALA,
6868,Kundara east (HALT),KFV,F,HG3,MDU,SR,KOLLAM,KERALA,
6869,Nagamalai west (HALT),NGMW,F,HG3,MDU,SR,MADURAI,TAMIL NADU,
6870,Namanasamudram (HALT),NMN,F,HG3,MDU,SR,PUDUKKOTTAI,TAMIL NADU,
6871,Naraikkinar (Halt),NRK,E,HG3,MDU,SR,TIRUNELVELI,TAMIL NADU,
6872,Rajagambiram (HALT),RAGM,F,HG3,MDU,SR,SIVAGANGA,TAMIL NADU,
6873,Samudram (HALT),SMDM,F,HG3,MDU,SR,TIRUCHIRAPPALLI,TAMIL NADU,
6874,Vadpalanji (HALT),VAJ,F,HG3,MDU,SR,MADURAI,TAMIL NADU,
6875,Madurai jn,MDU,A1,NSG2,MDU,SR,MADURAI,TAMIL NADU,
6876,Dindigul jn,DG,A,NSG3,MDU,SR,DINDIGUL,TAMIL NADU,
6877,Rameswaram,RMM,A,NSG3,MDU,SR,RAMANATHAPURAM,TAMIL NADU,
6878,Tirunelveli jn,TEN,A,NSG3,MDU,SR,TIRUNELVELI,TAMIL NADU,
6879,Tuticorin,TN,A,NSG3,MDU,SR,TUTICORIN,TAMIL NADU,
6880,Karaikkudi jn,KKDI,B,NSG4,MDU,SR,SIVAGANGA,TAMIL NADU,
6881,Kovilpatti,CVP,A,NSG4,MDU,SR,TUTICORIN,TAMIL NADU,
6882,Palani,PLNI,E,NSG4,MDU,SR,DINDIGUL,TAMIL NADU,
6883,Ramanathapuram,RMD,B,NSG4,MDU,SR,RAMANATHAPURAM,TAMIL NADU,
6884,Tenkasi jn,TSI,B,NSG4,MDU,SR,TENKASI,TAMIL NADU,
6885,Tiruchendur,TCN,D,NSG4,MDU,SR,TUTICORIN,TAMIL NADU,
6886,Virudhunagar jn,VPT,A,NSG4,MDU,SR,VIRUDHUNAGAR,TAMIL NADU,
6887,Ambasamudram,ASD,E,NSG5,MDU,SR,TIRUNELVELI,TAMIL NADU,
6888,Devakottai road (FLAG),DKO,D,NSG5,MDU,SR,SIVAGANGA,TAMIL NADU,
6889,Kadayanallur,KDNL,D,NSG5,MDU,SR,TENKASI,TAMIL NADU,
6890,Kodaikkanal road,KQN,D,NSG5,MDU,SR,DINDIGUL,TAMIL NADU,
6891,Manamadurai jn,MNM,D,NSG5,MDU,SR,SIVAGANGA,TAMIL NADU,
6892,Nazareth,NZT,D,NSG5,MDU,SR,TUTICORIN,TAMIL NADU,
6893,Oddanchatram,ODC,E,NSG5,MDU,SR,DINDIGUL,TAMIL NADU,
6894,Paramakkudi,PMK,B,NSG5,MDU,SR,RAMANATHAPURAM,TAMIL NADU,
6895,Pudukkotai,PDKT,D,NSG5,MDU,SR,PUDUKKOTTAI,TAMIL NADU,
6896,Rajapalayam,RJPM,B,NSG5,MDU,SR,VIRUDHUNAGAR,TAMIL NADU,
6897,Sankarankovil,SNKL,D,NSG5,MDU,SR,TENKASI,TAMIL NADU,
6898,Sattur,SRT,B,NSG5,MDU,SR,VIRUDHUNAGAR,TAMIL NADU,
6899,Sengottai,SCT,B,NSG5,MDU,SR,TENKASI,TAMIL NADU,
6900,Sholavandan,SDN,E,NSG5,MDU,SR,MADURAI,TAMIL NADU,
6901,Sivaganga,SVGA,D,NSG5,MDU,SR,SIVAGANGA,TAMIL NADU,
6902,Sivakasi,SVKS,D,NSG5,MDU,SR,VIRUDHUNAGAR,TAMIL NADU,
6903,Srivilliputtur,SVPR,D,NSG5,MDU,SR,VIRUDHUNAGAR,TAMIL NADU,
6904,Thirupparankundram,TDN,D,NSG5,MDU,SR,MADURAI,TAMIL NADU,
6905,Tirumangalam,TMQ,D,NSG5,MDU,SR,MADURAI,TAMIL NADU,
6906,Tiruttangal (FLAG),TTL,D,NSG5,MDU,SR,VIRUDHUNAGAR,TAMIL NADU,
6907,Vanchi maniyachi JN,MEJ,D,NSG5,MDU,SR,TUTICORIN,TAMIL NADU,
6908,Akkaraippatti,API,E,NSG6,MDU,SR,DINDIGUL,TAMIL NADU,
6909,Alwar tirunagari (FLAG),AWT,E,NSG6,MDU,SR,TUTICORIN,TAMIL NADU,
6910,Ambaturai,ABI,E,NSG6,MDU,SR,DINDIGUL,TAMIL NADU,
6911,Andipatti,ADPT,E,NSG6,MDU,SR,THENI,TAMIL NADU,
6912,Arumuganeri,ANY,E,NSG6,MDU,SR,TUTICORIN,TAMIL NADU,
6913,Aruppukkottai,APK,E,NSG6,MDU,SR,VIRUDHUNAGAR,TAMIL NADU,
6914,Auvaneeswarem,AVS,E,NSG6,MDU,SR,KOLLAM,KERALA,
6915,Ayyalur,AYR,E,NSG6,MDU,SR,DINDIGUL,TAMIL NADU,
6916,Bhagavathipuram,BJM,E,NSG6,MDU,SR,TENKASI,TAMIL NADU,
6917,Bodinayakkanur,BDNK,E,NSG6,MDU,SR,THENI,TAMIL NADU,
6918,Chatrappatti,CHPT,E,NSG6,MDU,SR,DINDIGUL,TAMIL NADU,
6919,Cheran mahadevi,SMD,E,NSG6,MDU,SR,TIRUNELVELI,TAMIL NADU,
6920,Chettinad,CTND,E,NSG6,MDU,SR,SIVAGANGA,TAMIL NADU,
6921,Edamann,EDN,E,NSG6,MDU,SR,KOLLAM,KERALA,
6922,Ezhukone (FLAG),EKN,E,NSG6,MDU,SR,KOLLAM,KERALA,
6923,Gangaikondan,GDN,E,NSG6,MDU,SR,TIRUNELVELI,TAMIL NADU,
6924,Gomangalam,GMGM,E,NSG6,MDU,SR,COIMBATORE,TAMIL NADU,
6925,Kachchanavilai (FLAG),KCHV,E,NSG6,MDU,SR,TUTICORIN,TAMIL NADU,
6926,Kadambur,KDU,E,NSG6,MDU,SR,TUTICORIN,TAMIL NADU,
6927,Kallal,KAL,E,NSG6,MDU,SR,SIVAGANGA,TAMIL NADU,
6928,Kallidaikurichi (FLAG),KIC,E,NSG6,MDU,SR,TIRUNELVELI,TAMIL NADU,
6929,Kalligudi,KGD,E,NSG6,MDU,SR,VIRUDHUNAGAR,TAMIL NADU,
6930,Kalpattichatram,KFC,E,NSG6,MDU,SR,DINDIGUL,TAMIL NADU,
6931,Kayalpattinam (FLAG),KZY,E,NSG6,MDU,SR,TUTICORIN,TAMIL NADU,
6932,Keeranur,KRUR,E,NSG6,MDU,SR,PUDUKKOTTAI,TAMIL NADU,
6933,Kilakadaiyam,KKY,E,NSG6,MDU,SR,TIRUNELVELI,TAMIL NADU,
6934,Kilikollur,KLQ,E,NSG6,MDU,SR,KOLLAM,KERALA,
6935,Kizhapuliyur (FLAG),KYZ,E,NSG6,MDU,SR,TENKASI,TAMIL NADU,
6936,Kolathur,KLS,E,NSG6,MDU,SR,TIRUCHIRAPPALLI,TAMIL NADU,
6937,Kottarakara,KKZ,E,NSG6,MDU,SR,KOLLAM,KERALA,
6938,Kudalnagar,KON,E,NSG6,MDU,SR,MADURAI,TAMIL NADU,
6939,Kumaramangalam,KRMG,E,NSG6,MDU,SR,TRIUCHIRAPPALLI,TAMIL NADU,
6940,Kundara,KUV,E,NSG6,MDU,SR,KOLLAM,KERALA,
6941,Kurumbur (FLAG),KZB,E,NSG6,MDU,SR,TUTICORIN,TAMIL NADU,
6942,Madurai east (FLAG),MES,E,NSG6,MDU,SR,MADURAI,TAMIL NADU,
6943,Maivadi road,MVRD,E,NSG6,MDU,SR,TIRUPPUR,TAMIL NADU,
6944,Manaparai,MPA,E,NSG6,MDU,SR,TIRUCHIRAPPALLI,TAMIL NADU,
6945,Mandapam,MMM,E,NSG6,MDU,SR,RAMANATHAPURAM,TAMIL NADU,
6946,Melakkonnakkulam,MEKM,E,NSG6,MDU,SR,SIVAGANGA,TAMIL NADU,
6947,Mettur (FLAG),MTE,E,NSG6,MDU,SR,TENKASI,TAMIL NADU,
6948,Milavittan,MVN,E,NSG6,MDU,SR,TUTICORIN,TAMIL NADU,
6949,Narikkudi,NKK,E,NSG6,MDU,SR,VIRUDHUNAGAR,TAMIL NADU,
6950,New Aryankavu,AYVN,E,NSG6,MDU,SR,KOLLAM,KERALA,
6951,Ottakkal (FLAG),OKL,E,NSG6,MDU,SR,KOLLAM,KERALA,
6952,Palayamkottai (FLAG),PCO,E,NSG6,MDU,SR,TIRUNELVELI,TAMIL NADU,
6953,Pambakovil shandy,PBKS,E,NSG6,MDU,SR,TENKASI,TAMIL NADU,
6954,Pamban (Flag),PBM,E,NSG6,MDU,SR,RAMANATHAPURAM,TAMIL NADU,
6955,Panangudi,PNGI,E,NSG6,MDU,SR,SIVAGANGA,TAMIL NADU,
6956,Pavurchatram,PCM,E,NSG6,MDU,SR,TENKASI,TAMIL NADU,
6957,Pettai (FLAG),PEA,E,NSG6,MDU,SR,TIRUNELVELI,TAMIL NADU,
6958,Punalur,PUU,E,NSG6,MDU,SR,KOLLAM,KERALA,
6959,Punggudi,PUG,E,NSG6,MDU,SR,TIRUCHIRAPPALLI,TAMIL NADU,
6960,Pushpattur,PPTR,E,NSG6,MDU,SR,DINDIGUL,TAMIL NADU,
6961,Ravanasamudram (FLAG),RVS,E,NSG6,MDU,SR,TENKASI,TAMIL NADU,
6962,Samayanallur,SER,E,NSG6,MDU,SR,MADURAI,TAMIL NADU,
6963,Sattirakkudi,SQD,E,NSG6,MDU,SR,RAMANATHAPURAM,TAMIL NADU,
6964,Seydunganallur,SDNR,E,NSG6,MDU,SR,TUTICORIN,TAMIL NADU,
6965,Silaiman,ILA,E,NSG6,MDU,SR,MADURAI,TAMIL NADU,
6966,Srivaikuntam,SVV,E,NSG6,MDU,SR,TUTICORIN,TAMIL NADU,
6967,Sudiyur,SUX,E,NSG6,MDU,SR,RAMANATHAPURAM,TAMIL NADU,
6968,Talaiyuthu,TAY,E,NSG6,MDU,SR,TIRUNELVELI,TAMIL NADU,
6969,Tamaraipadi,TMP,E,NSG6,MDU,SR,DINDIGUL,TAMIL NADU,
6970,Tattaparai,TIP,E,NSG6,MDU,SR,TUTICORIN,TAMIL NADU,
6971,Teni,TENI,E,NSG6,MDU,SR,THENI,TAMIL NADU,
6972,Tenmalai,TML,E,NSG6,MDU,SR,KOLLAM,KERALA,
6973,Thathankulam (FLAG),TTQ,E,NSG6,MDU,SR,TUTICORIN,TAMIL NADU,
6974,Tiruchchuli,TCH,E,NSG6,MDU,SR,VIRUDHUNAGAR,TAMIL NADU,
6975,Tirumayam,TYM,E,NSG6,MDU,SR,PUDUKKOTTAI,TAMIL NADU,
6976,Tirunelveli town (Flag),TYT,E,NSG6,MDU,SR,TIRUNELVELI,TAMIL NADU,
6977,Tiruppachetti,TPC,E,NSG6,MDU,SR,SIVAGANGA,TAMIL NADU,
6978,Tiruppuvanam,TVN,E,NSG6,MDU,SR,SIVAGANGA,TAMIL NADU,
6979,Tulukapatti,TY,E,NSG6,MDU,SR,VIRUDHUNAGAR,TAMIL NADU,
6980,Uchippuli,UCP,E,NSG6,MDU,SR,RAMANATHAPURAM,TAMIL NADU,
6981,Udumalaippettai,UDT,E,NSG6,MDU,SR,TIRUPPUR,TAMIL NADU,
6982,Usilampatti,USLP,E,NSG6,MDU,SR,MADURAI,TAMIL NADU,
6983,Vadamadurai,VDM,E,NSG6,MDU,SR,DINDIGUL,TAMIL NADU,
6984,Vadipatti,VDP,E,NSG6,MDU,SR,MADURAI,TAMIL NADU,
6985,Vaiyampatti,VPJ,E,NSG6,MDU,SR,DINDIGUL,TAMIL NADU,
6986,Vellanur,VEL,E,NSG6,MDU,SR,PUDUKKOTTAI,TAMIL NADU,
6987,Melattur (HALT),MLTR,F,HG1,PGT,SR,MALAPPURAM,KERALA,
6988,Pattikkad (HALT),PKQ,F,HG1,PGT,SR,MALAPPURAM,KERALA,
6989,Chandera (HALT),CDRA,F,HG2,PGT,SR,KASARAGOD,KERALA,
6990,Chemancheri (HALT),CMC,F,HG2,PGT,SR,KOZHIKODE,KERALA,
6991,Cherukara (HALT),CQA,F,HG2,PGT,SR,MALAPPURAM,KERALA,
6992,Kalanad (HALT),KLAD,F,HG2,PGT,SR,KASARAGOD,KERALA,
6993,Kulukkallur (HALT),KZC,F,HG2,PGT,SR,PALAKKAD,KERALA,
6994,Mukkali (HALT),MUKE,F,HG2,PGT,SR,KOZHIKODE,KERALA,
6995,Nadapuram road (HALT),NAU,F,HG2,PGT,SR,KOZHIKODE,KERALA,
6996,Todiyappulam (HALT),TDPM,F,HG2,PGT,SR,MALAPPURAM,KERALA,
6997,Tuvvur (HALT),TUV,F,HG2,PGT,SR,MALAPPURAM,KERALA,
6998,Vadanamkurushshi (HALT),VDKS,F,HG2,PGT,SR,PALAKKAD,KERALA,
6999,Vallapuzha (HALT),VPZ,F,HG2,PGT,SR,PALAKKAD,KERALA,
7000,Vellayil (HALT),VLL,F,HG2,PGT,SR,KOZHIKODE,KERALA,
7001,Anamalai road (HALT),ANM,F,HG3,PGT,SR,COIMBATORE,TAMIL NADU,
7002,Chirakkal (HALT),CQL,F,HG3,PGT,SR,KANNUR,KERALA,
7003,Dharmadam (HALT),DMD,F,HG3,PGT,SR,KANNUR,KERALA,
7004,Iringal (HALT),IGL,F,HG3,PGT,SR,KOZHIKODE,KERALA,
7005,Kodumunda (HALT),KODN,F,HG3,PGT,SR,PALAKKAD,KERALA,
7006,Mankara (HALT),MNY,E,HG3,PGT,SR,PALAKKAD,KERALA,
7007,Palappuram (HALT),PLPM,F,HG3,PGT,SR,PALAKKAD,KERALA,
7008,Perashshannur (HALT),PEU,F,HG3,PGT,SR,MALAPPURAM,KERALA,
7009,Vadakannikapuram (HALT),VDK,F,HG3,PGT,SR,PALAKKAD,KERALA,
7010,Vellarakkad (HALT),VEK,F,HG3,PGT,SR,KASARAGOD,KERALA,
7011,Kozhikkode,CLT,A1,NSG2,PGT,SR,KOZHIKODE,KERALA,
7012,Kannur,CAN,A,NSG3,PGT,SR,KANNUR,KERALA,
7013,Mangalore Central,MAQ,A,NSG3,PGT,SR,DAKSHINA KANNADA,KARNATAKA,
7014,Mangalore jn,MAJN,A,NSG3,PGT,SR,DAKSHINA KANNADA,KARNATAKA,
7015,Palakkad jn.,PGT,A,NSG3,PGT,SR,PALAKKAD,KERALA,
7016,Shoranur jn.,SRR,A,NSG3,PGT,SR,PALAKKAD,KERALA,
7017,Thalassery,TLY,A,NSG3,PGT,SR,KANNUR,KERALA,
7018,Tirur,TIR,A,NSG3,PGT,SR,MALAPPURAM,KERALA,
7019,Vadakara,BDJ,A,NSG3,PGT,SR,KOZHIKODE,KERALA,
7020,Bekal Fort flag),BFR,E,NSG4,PGT,SR,KASARAGOD,KERALA,
7021,Kanhangad,KZE,A,NSG4,PGT,SR,KASARAGOD,KERALA,
7022,Kasargod,KGQ,A,NSG4,PGT,SR,KASARAGOD,KERALA,
7023,Kuttipuram,KTU,B,NSG4,PGT,SR,MALAPPURAM,KERALA,
7024,Mahe,MAHE,D,NSG4,PGT,SR,KOZHIKODE,KERALA,
7025,Ottappalam,OTP,B,NSG4,PGT,SR,PALAKKAD,KERALA,
7026,Payyannur,PAY,A,NSG4,PGT,SR,KANNUR,KERALA,
7027,Quilandi,QLD,B,NSG4,PGT,SR,KOZHIKODE,KERALA,
7028,Ullal,ULL,E,NSG4,PGT,SR,DAKSHINA KANNADA,KARNATAKA,
7029,Angadipuram,AAM,D,NSG5,PGT,SR,MALAPPURAM,KERALA,
7030,Charvattur,CHV,D,NSG5,PGT,SR,KASARAGOD,KERALA,
7031,Ferok,FK,D,NSG5,PGT,SR,KOZHIKODE,KERALA,
7032,Kannapuram,KPQ,D,NSG5,PGT,SR,KANNUR,KERALA,
7033,Kumbla,KMQ,D,NSG5,PGT,SR,KASARAGOD,KERALA,
7034,Nilambur road,NIL,D,NSG5,PGT,SR,MALAPPURAM,KERALA,
7035,Nileshwar,NLE,D,NSG5,PGT,SR,KASARAGOD,KERALA,
7036,Palakkad town,PGTN,D,NSG5,PGT,SR,PALAKKAD,KERALA,
7037,Parapanangadi,PGI,D,NSG5,PGT,SR,MALAPPURAM,KERALA,
7038,Pattambi,PTB,D,NSG5,PGT,SR,PALAKKAD,KERALA,
7039,Payangadi,PAZ,D,NSG5,PGT,SR,KANNUR,KERALA,
7040,Pollachi,POY,E,NSG5,PGT,SR,COIMBATORE,TAMIL NADU,
7041,Tanur,TA,D,NSG5,PGT,SR,MALAPPURAM,KERALA,
7042,Vaniyambalam,VNB,D,NSG5,PGT,SR,MALAPPURAM,KERALA,
7043,Elattur,ETR,E,NSG6,PGT,SR,KOZHIKODE,KERALA,
7044,Elimala (FLAG),ELM,E,NSG6,PGT,SR,KANNUR,KERALA,
7045,Etakkot,ETK,E,NSG6,PGT,SR,KANNUR,KERALA,
7046,Ettimadai,ETMD,E,NSG6,PGT,SR,COIMBATORE,TAMIL NADU,
7047,"Jagannath temple gate
(FLAG)",JGE,E,NSG6,PGT,SR,KANNUR,KERALA,
7048,Jokatte,JOKT,-,NSG6,PGT,SR,Dakshin Kannad,Karnataka,
7049,Kadalundi,KN,E,NSG6,PGT,SR,KOZHIKODE,KERALA,
7050,Kallayi,KUL,E,NSG6,PGT,SR,KOZHIKODE,KERALA,
7051,Kanjikode,KJKD,E,NSG6,PGT,SR,PALAKKAD,KERALA,
7052,Kannur south,CS,E,NSG6,PGT,SR,KANNUR,KERALA,
7053,Karakad,KRKD,E,NSG6,PGT,SR,PALAKKAD,KERALA,
7054,Kinattukkadavu,CNV,E,NSG6,PGT,SR,COIMBATORE,TAMIL NADU,
7055,Kollengode,KLGD,E,NSG6,PGT,SR,PALAKKAD,KERALA,
7056,Kotikulam,KQK,E,NSG6,PGT,SR,KASARAGOD,KERALA,
7057,Lakkiti,LDY,E,NSG6,PGT,SR,PALAKKAD,KERALA,
7058,Madukarai,MDKI,E,NSG6,PGT,SR,COIMBATORE,TAMIL NADU,
7059,Manjeshwar,MJS,E,NSG6,PGT,SR,KASARAGOD,KERALA,
7060,Mannanur,MNUR,E,NSG6,PGT,SR,PALAKKAD,KERALA,
7061,Minatchipuram,MXM,E,NSG6,PGT,SR,PALAKKAD,KERALA,
7062,Muthalamada,MMDA,E,NSG6,PGT,SR,PALAKKAD,KERALA,
7063,Pallipuram,PUM,E,NSG6,PGT,SR,PALAKKAD,KERALA,
7064,Pappinisseri (FLAG),PPNS,E,NSG6,PGT,SR,KANNUR,KERALA,
7065,Parli,PLL,E,NSG6,PGT,SR,PALAKKAD,KERALA,
7066,Payyoli (FLAG),PYOL,E,NSG6,PGT,SR,KASARAGOD,KERALA,
7067,Pudunagaram,PDGM,E,NSG6,PGT,SR,PALAKKAD,KERALA,
7068,Tikkotti,TKT,E,NSG6,PGT,SR,KASARAGOD,KERALA,
7069,Tirunnavaya,TUA,E,NSG6,PGT,SR,MALAPPURAM,KERALA,
7070,Trikarpur (FLAG),TKQ,E,NSG6,PGT,SR,KASARAGOD,KERALA,
7071,Uppala,UAA,E,NSG6,PGT,SR,DAKSHINA KANNADA,KARNATAKA,
7072,Valapattanam,VAPM,E,NSG6,PGT,SR,KANNUR,KERALA,
7073,Vallikunnu (FLAG),VLI,E,NSG6,PGT,SR,MALAPPURAM,KERALA,
7074,Walayar,WRA,E,NSG6,PGT,SR,PALAKKAD,KERALA,
7075,West Hill,WH,E,NSG6,PGT,SR,KOZHIKODE,KERALA,
7076,Villiyanur (HALT),VI,F,HG1,TPJ,SR,PONDICHERRY,PUDUCHERRY,
7077,Aiyanapuram (HALT),AYN,E,HG2,TPJ,SR,THANJAVUR,TAMIL NADU,
7078,Ammapet (HALT),AMT,E,HG2,TPJ,SR,THANJAVUR,TAMIL NADU,
7079,Darasuram (HALT),DSM,E,HG2,TPJ,SR,THANJAVUR,TAMIL NADU,
7080,Manjattidal (HALT),MCJ,E,HG2,TPJ,SR,TIRUCHIRAPPALLI,TAMIL NADU,
7081,Nidur (HALT),NID,E,HG2,TPJ,SR,NAGAPATTINAM,TAMIL NADU,
7082,Parangipettai (HALT),PO,E,HG2,TPJ,SR,CUDDALORE,TAMIL NADU,
7083,Pichchandar Koil (HALT),BXS,F,HG2,TPJ,SR,TIRUCHIRAPPALLI,TAMIL NADU,
7084,Swamimalai (HALT),SWI,E,HG2,TPJ,SR,THANJAVUR,TAMIL NADU,
7085,"Tiruchchirappalli palakarai
(HALT)",TPE,E,HG2,TPJ,SR,TIRUCHIRAPPALLI,TAMIL NADU,
7086,Tiruvidaimarudur (HALT),TDR,E,HG2,TPJ,SR,THANJAVUR,TAMIL NADU,
7087,Valavanur (HALT),VRA,F,HG2,TPJ,SR,VILLUPURAM,TAMIL NADU,
7088,Velippalaiyam (HALT),VXM,F,HG2,TPJ,SR,NAGAPATTINAM,TAMIL NADU,
7089,Vellore town (HALT),VT,F,HG2,TPJ,SR,VELLORE,TAMIL NADU,
7090,"Vriddhachalam town
(HALT)",VRT,E,HG2,TPJ,SR,CUDDALORE,TAMIL NADU,
7091,Adhichchanur (HALT),ACN,F,HG3,TPJ,SR,TIRUVANNAMALAI,TAMIL NADU,
7092,Adiyakkamangalam (HALT),AYM,F,HG3,TPJ,SR,THIRUVARUR,TAMIL NADU,
7093,Alattambadi (HALT),ATB,E,HG3,TPJ,SR,THIRUVARUR,TAMIL NADU,
7094,Ammanur (HALT),AMNR,F,HG3,TPJ,SR,THIRUVARUR,TAMIL NADU,
7095,Andampallam (HALT),AND,F,HG3,TPJ,SR,TIRUVANNAMALAI,TAMIL NADU,
7096,Andanappettai (HALT),APE,F,HG3,TPJ,SR,NAGAPATTINAM,TAMIL NADU,
7097,Ayandur (HALT),AYD,F,HG3,TPJ,SR,VILLUPURAM,TAMIL NADU,
7098,Ayyampet (HALT),AZP,E,HG3,TPJ,SR,THANJAVUR,TAMIL NADU,
7099,Capper quarry (HALT),CQS,F,HG3,TPJ,SR,CUDDALORE,TAMIL NADU,
7100,Ichchangadu (HALT),ICGH,F,HG3,TPJ,SR,ARIYALUR,TAMIL NADU,
7101,"Kandanur puduvayal
(HALT)",KNPL,E,HG3,TPJ,SR,SIVAGANGA,TAMIL NADU,
7102,Kattur (HALT),KTTR,E,HG3,TPJ,SR,TIRUCHIRAPPALLI,TAMIL NADU,
7103,Koyilvenni (HALT),KYV,F,HG3,TPJ,SR,THIRUVARUR,TAMIL NADU,
7104,Kudikadu (HALT),KXO,E,HG3,TPJ,SR,THANJAVUR,TAMIL NADU,
7105,Kuthur (HALT),KOQ,F,HG3,TPJ,SR,NAGAPATTINAM,TAMIL NADU,
7106,Madimangalam (HALT),MCL,F,HG3,TPJ,SR,TIRUVANNAMALAI,TAMIL NADU,
7107,Manali (HALT),MNLI,F,HG3,TPJ,SR,THIRUVARUR,TAMIL NADU,
7108,Mangudi (HALT),MAX,F,HG3,TPJ,SR,THIRUVARUR,TAMIL NADU,
7109,Mavur road (HALT),MARD,E,HG3,TPJ,SR,THIRUVARUR,TAMIL NADU,
7110,Muthupettai (HALT),MTT,E,HG3,TPJ,SR,THIRUVARUR,TAMIL NADU,
7111,Narasinganpet (HALT),NPT,E,HG3,TPJ,SR,THANJAVUR,TAMIL NADU,
7112,Onnupuram (HALT),OPM,F,HG3,TPJ,SR,TIRUVANNAMALAI,TAMIL NADU,
7113,Ottankadu (HALT),TCT,F,HG3,TPJ,SR,THIRUVARUR,TAMIL NADU,
7114,Pasupathikoil (HALT),PVL,E,HG3,TPJ,SR,THANJAVUR,TAMIL NADU,
7115,Pennathur (HALT),PNTR,F,HG3,TPJ,SR,VELLORE,TAMIL NADU,
7116,Punthottam Halt,POM,E,HG3,TPJ,SR,THIRUVARUR,TAMIL NADU,
7117,Sedarampattu (HALT),SDPT,F,HG3,TPJ,SR,TIRUVANNAMALAI,TAMIL NADU,
7118,"Tirumalairayan Pattinam
(HALT)",TMPT,F,HG3,TPJ,SR,KARAIKAL,PUDUCHERRY,
7119,Tirumathikunnam (HALT),TMU,E,HG3,TPJ,SR,THIRUVARUR,TAMIL NADU,
7120,Tirunageswaram (HALT),TRM,E,HG3,TPJ,SR,THANJAVUR,TAMIL NADU,
7121,Tondamanpatti (HALT),TOM,F,HG3,TPJ,SR,TIRUCHIRAPPALLI,TAMIL NADU,
7122,Uthamar kovil (HALT),UKV,F,HG3,TPJ,SR,TIRUCHIRAPPALLI,TAMIL NADU,
7123,Valaramanikkam (HALT),VMM,F,HG3,TPJ,SR,PUDUKKOTTAI,TAMIL NADU,
7124,Vallampadugai (HALT),VMP,F,HG3,TPJ,SR,CUDDALORE,TAMIL NADU,
7125,Varakalpattu (HALT),VKP,E,HG3,TPJ,SR,CUDDALORE,TAMIL NADU,
7126,Vellur (HALT),VER,F,HG3,TPJ,SR,ARIYALUR,TAMIL NADU,
7127,Thanjavur jn,TJ,A,NSG3,TPJ,SR,THANJAVUR,TAMIL NADU,
7128,Tiruchchirappalli jn,TPJ,A,NSG3,TPJ,SR,TIRUCHIRAPPALLI,TAMIL NADU,
7129,Villupuram jn.,VM,A,NSG3,TPJ,SR,VILLUPURAM,TAMIL NADU,
7130,Kumbakonam,KMU,A,NSG4,TPJ,SR,THANJAVUR,TAMIL NADU,
7131,Mayiladuthurai jn.,MV,A,NSG4,TPJ,SR,NAGAPATTINAM,TAMIL NADU,
7132,Nagappattinam,NGT,B,NSG4,TPJ,SR,NAGAPATTINAM,TAMIL NADU,
7133,Puducherry,PDY,B,NSG4,TPJ,SR,PONDICHERRY,PUDUCHERRY,
7134,Ariyalur,ALU,B,NSG5,TPJ,SR,ARIYALUR,TAMIL NADU,
7135,Chidambaram,CDM,D,NSG5,TPJ,SR,CUDDALORE,TAMIL NADU,
7136,Cuddalore port jn.,CUPJ,E,NSG5,TPJ,SR,CUDDALORE,TAMIL NADU,
7137,Karaikal,KIK,E,NSG5,TPJ,SR,KARAIKAL,PUDUCHERRY,
7138,Lalgudi,LLI,D,NSG5,TPJ,SR,TIRUCHIRAPPALLI,TAMIL NADU,
7139,Mannargudi,MQ,D,NSG5,TPJ,SR,THIRUVARUR,TAMIL NADU,
7140,Nagore,NCR,D,NSG5,TPJ,SR,NAGAPATTINAM,TAMIL NADU,
7141,Nidamangalam,NMJ,D,NSG5,TPJ,SR,THIRUVARUR,TAMIL NADU,
7142,Papanasam (FLAG),PML,E,NSG5,TPJ,SR,THANJAVUR,TAMIL NADU,
7143,Sirkazhi,SY,D,NSG5,TPJ,SR,NAGAPATTINAM,TAMIL NADU,
7144,Srirangam,SRGM,D,NSG5,TPJ,SR,TIRUCHIRAPPALLI,TAMIL NADU,
7145,Thirukkovilur,TRK,E,NSG5,TPJ,SR,VILLUPURAM,TAMIL NADU,
7146,Thiruvarur jn.,TVR,D,NSG5,TPJ,SR,THIRUVARUR,TAMIL NADU,
7147,Tiruchchirappalli fort,TP,D,NSG5,TPJ,SR,TIRUCHIRAPPALLI,TAMIL NADU,
7148,Tiruppadirippuliyur,TDPR,D,NSG5,TPJ,SR,CUDDALORE,TAMIL NADU,
7149,Tiruvannamalai,TNM,E,NSG5,TPJ,SR,TIRUVANNAMALAI,TAMIL NADU,
7150,Tiruverumbur,TRB,D,NSG5,TPJ,SR,TIRUCHIRAPPALLI,TAMIL NADU,
7151,Velankanni,VLNK,D,NSG5,TPJ,SR,NAGAPATTINAM,TAMIL NADU,
7152,Vellore cantonment,VLR,E,NSG5,TPJ,SR,VELLORE,TAMIL NADU,
7153,Vriddhachalam jn.,VRI,B,NSG5,TPJ,SR,CUDDALORE,TAMIL NADU,
7154,Adirampattinam,AMM,E,NSG6,TPJ,SR,THANJAVUR,TAMIL NADU,
7155,Aduturai,ADT,E,NSG6,TPJ,SR,THANJAVUR,TAMIL NADU,
7156,Agaram sibbandi,AGM,E,NSG6,TPJ,SR,TIRUVANNAMALAI,TAMIL NADU,
7157,Agastiampalli,AGX,E,NSG6,TPJ,SR,NAGAPATTINAM,TAMIL NADU,
7158,Alakkudi,ALK,E,NSG6,TPJ,SR,THANJAVUR,TAMIL NADU,
7159,Alapakam,ALP,E,NSG6,TPJ,SR,CUDDALORE,TAMIL NADU,
7160,Anandatandavapuram,ANP,E,NSG6,TPJ,SR,NAGAPATTINAM,TAMIL NADU,
7161,Arantangi,ATQ,E,NSG6,TPJ,SR,PUDUKKOTTAI,TAMIL NADU,
7162,Arni road,ARV,E,NSG6,TPJ,SR,TIRUVANNAMALAI,TAMIL NADU,
7163,Ayingudi,AYI,E,NSG6,TPJ,SR,PUDUKKOTTAI,TAMIL NADU,
7164,Budalur,BAL,D,NSG6,TPJ,SR,THANJAVUR,TAMIL NADU,
7165,Chinnababu samudram,CBU,E,NSG6,TPJ,SR,VILLUPURAM,TAMIL NADU,
7166,Ichchangadu,ICG,E,NSG6,TPJ,SR,ARIYALUR,TAMIL NADU,
7167,Kallagam,KLGM,E,NSG6,TPJ,SR,ARIYALUR,TAMIL NADU,
7168,Kallakkudi palanganatham,KKPM,E,NSG6,TPJ,SR,ARIYALUR,TAMIL NADU,
7169,Kandambakkam,KDMD,E,NSG6,TPJ,SR,VILLUPURAM,TAMIL NADU,
7170,Kaniyambadi,KNB,E,NSG6,TPJ,SR,VELLORE,TAMIL NADU,
7171,Kannamangalam,KMM,E,NSG6,TPJ,SR,VELLORE,TAMIL NADU,
7172,Kille,KII,E,NSG6,TPJ,SR,CUDDALORE,TAMIL NADU,
7173,Kizhvelur,KVL,E,NSG6,TPJ,SR,NAGAPATTINAM,TAMIL NADU,
7174,Kollidam,CLN,E,NSG6,TPJ,SR,NAGAPATTINAM,TAMIL NADU,
7175,Koradacheri,KDE,E,NSG6,TPJ,SR,THIRUVARUR,TAMIL NADU,
7176,kULIKARAI,KU,E,NSG6,TPJ,SR,THIRUVARUR,TAMIL NADU,
7177,Kurinjipadi,KJPD,E,NSG6,TPJ,SR,CUDDALORE,TAMIL NADU,
7178,Kutralam,KTM,E,NSG6,TPJ,SR,NAGAPATTINAM,TAMIL NADU,
7179,Mambalapattu,MMP,E,NSG6,TPJ,SR,VILLUPURAM,TAMIL NADU,
7180,Mathur,MTUR,E,NSG6,TPJ,SR,ARIYALUR,TAMIL NADU,
7181,Melpattambakkam,MBU,E,NSG6,TPJ,SR,CUDDALORE,TAMIL NADU,
7182,Nannilam,NNM,E,NSG6,TPJ,SR,THIRUVARUR,TAMIL NADU,
7183,Nellikuppam,NPM,E,NSG6,TPJ,SR,CUDDALORE,TAMIL NADU,
7184,Neyveli,NVL,E,NSG6,TPJ,SR,CUDDALORE,TAMIL NADU,
7185,Ottakovil,OTK,E,NSG6,TPJ,SR,ARIYALUR,TAMIL NADU,
7186,Pandaravadai,PDV,E,NSG6,TPJ,SR,THANJAVUR,TAMIL NADU,
7187,Panruti,PRT,E,NSG6,TPJ,SR,CUDDALORE,TAMIL NADU,
7188,Parikkal,PRKL,E,NSG6,TPJ,SR,VILLUPURAM,TAMIL NADU,
7189,Pattukottai,PKT,E,NSG6,TPJ,SR,THANJAVUR,TAMIL NADU,
7190,Pennadam (FLAG),PNDM,E,NSG6,TPJ,SR,CUDDALORE,TAMIL NADU,
7191,Peralam .,PEM,E,NSG6,TPJ,SR,THIRUVARUR,TAMIL NADU,
7192,Peravuruni,PVI,E,NSG6,TPJ,SR,THANJAVUR,TAMIL NADU,
7193,Periyakottai,PYK,-,NSG6,TPJ,SR,SIVAGANGA,TAMIL NADU,
7194,Polur,PRL,E,NSG6,TPJ,SR,TIRUVANNAMALAI,TAMIL NADU,
7195,Ponmalai (golden rock),GOC,E,NSG6,TPJ,SR,TIRUCHIRAPPALLI,TAMIL NADU,
7196,Puduchattiram,PUC,E,NSG6,TPJ,SR,CUDDALORE,TAMIL NADU,
7197,Pullambadi,PMB,E,NSG6,TPJ,SR,TIRUCHIRAPPALLI,TAMIL NADU,
7198,Puvanur,PVN,E,NSG6,TPJ,SR,CUDDALORE,TAMIL NADU,
7199,Saliyamangalam,SMM,E,NSG6,TPJ,SR,THANJAVUR,TAMIL NADU,
7200,Sendurai,SNDI,E,NSG6,TPJ,SR,ARIYALUR,TAMIL NADU,
7201,Serndanur,SXR,E,NSG6,TPJ,SR,VILLUPURAM,TAMIL NADU,
7202,Sillakkudi,SLTH,E,NSG6,TPJ,SR,PERAMBALUR,TAMIL NADU,
7203,Solagampatti,SGM,E,NSG6,TPJ,SR,TIRUCHIRAPPALLI,TAMIL NADU,
7204,Sundaraperumal Koil,SPL,E,NSG6,TPJ,SR,THANJAVUR,TAMIL NADU,
7205,Talanallur,TLNR,E,NSG6,TPJ,SR,CUDDALORE,TAMIL NADU,
7206,Tandarai,TNI,E,NSG6,TPJ,SR,TIRUVANNAMALAI,TAMIL NADU,
7207,Thiruthuraiyur,TUY,E,NSG6,TPJ,SR,CUDDALORE,TAMIL NADU,
7208,Tillaivilagam,TAM,E,NSG6,TPJ,SR,THIRUVARUR,TAMIL NADU,
7209,Tiruchchirappalli town,TPTN,E,NSG6,TPJ,SR,TIRUCHIRAPPALLI,TAMIL NADU,
7210,Tirunelikkaval,TNK,E,NSG6,TPJ,SR,THIRUVARUR,TAMIL NADU,
7211,Tiruturaipundi jn.,TTP,E,NSG6,TPJ,SR,THIRUVARUR,TAMIL NADU,
7212,Tiruvennainallur road,TVNL,E,NSG6,TPJ,SR,VILLUPURAM,TAMIL NADU,
7213,Titte,TT,E,NSG6,TPJ,SR,THANJAVUR,TAMIL NADU,
7214,Turinjapuram,TJM,E,NSG6,TPJ,SR,TIRUVANNAMALAI,TAMIL NADU,
7215,Ulundurpet,ULU,E,NSG6,TPJ,SR,VILLUPURAM,TAMIL NADU,
7216,Uttangal mangalam,UMG,E,NSG6,TPJ,SR,CUDDALORE,TAMIL NADU,
7217,Vadalur,VLU,E,NSG6,TPJ,SR,CUDDALORE,TAMIL NADU,
7218,Vaithisvarankoil,VDL,E,NSG6,TPJ,SR,NAGAPATTINAM,TAMIL NADU,
7219,Valadi,VLDE,E,NSG6,TPJ,SR,TIRUCHIRAPPALLI,TAMIL NADU,
7220,Venkatesapuram,VKM,E,NSG6,TPJ,SR,VILLUPURAM,TAMIL NADU,
7221,KAVALANDE H,KVE,NA,HG1,MYS,SWR,MYSURU,KARNATAKA,
7222,ARALAGUPPE H,ARGP,F,HG2,MYS,SWR,TUMAKURU,KARNATAKA,
7223,ARJUNAHALLI H,ARNH,HA,HG2,MYS,SWR,MYSURU,KARNATAKA,
7224,BADANAGUPPE H,BDGP,NA,HG2,MYS,SWR,CHAMARAJANAGARA,KARNATAKA,
7225,BANA SHANKARI H,BNK,F,HG2,MYS,SWR,TUMAKURU,KARNATAKA,
7226,BIRAHALLI H,BRBL,F,HG2,MYS,SWR,MANDYA,KARNATAKA,
7227,CHINNADAGUDIHUNDI H,CGHD,NA,HG2,MYS,SWR,MYSURU,KARNATAKA,
7228,DORNAHALLI,DOY,NA,HG2,MYS,SWR,MYSURU,KARNATAKA,
7229,HAMPAPURA,HPA,NA,HG2,MYS,SWR,MYSURU,KARNATAKA,
7230,KONANUR H,KRNU,NA,HG2,MYS,SWR,MYSURU,KARNATAKA,
7231,KRISHNARAJASAGARA,KJS,F,HG2,MYS,SWR,MANDYA,KARNATAKA,
7232,NARASAMBUDHI H,NBU,NA,HG2,MYS,SWR,MYSURU,KARNATAKA,
7233,SHIVAMOGGA H.,SME,F,HG2,MYS,SWR,SHIVAMOGGA,KARNATAKA,
7234,SHRI SHARADA NAGAR,SSNH,NA,HG2,MYS,SWR,TUMAKURU,KARNATAKA,
7235,SRAVANUR H,SRVN,F,HG2,MYS,SWR,HASSAN,KARNATAKA,
7236,SUJATAPURAM H,SJPM,NA,HG2,MYS,SWR,MYSURU,KARNATAKA,
7237,TANDAVAPURA H,TXM,NA,HG2,MYS,SWR,MYSURU,KARNATAKA,
7238,ADDERI H,AEX,F,HG3,MYS,SWR,SHIVAMOGGA,KARNATAKA,
7239,ADIHALLI,ADHL,E,HG3,MYS,SWR,HASSAN,KARNATAKA,
7240,ANNECHAKANAHALLI H,ANC,F,HG3,MYS,SWR,HASSAN,KARNATAKA,
7241,ARABAGATTA HALT,ABGT,F,HG3,MYS,SWR,CHITRADURGA,KARNATAKA,
7242,ARASALU H,ARU,F,HG3,MYS,SWR,SHIVAMOGGA,KARNATAKA,
7243,BAJAKARE H,BAJE,F,HG3,MYS,SWR,DAKSHINA KANNADA,KARNATAKA,
7244,BETTADNAGENHALLI H,BTGH,F,HG3,MYS,SWR,CHITRADURGA,KARNATAKA,
7245,BISALEHALLI,BLHI,NA,HG3,MYS,SWR,CHIKKAMAGALURU,KARNATAKA,
7246,CHANDRAGIRI KOPPAL H,CGKR,HALT,HG3,MYS,SWR,MANDYA,KARNATAKA,
7247,CHIKKANDAWADI H,CKVD,F,HG3,MYS,SWR,CHITRADURGA,KARNATAKA,
7248,HANUMANAHALI H,HNH,F,HG3,MYS,SWR,DAVANGERE,KARNATAKA,
7249,HARNAHALLI H,HNHL,F,HG3,MYS,SWR,DAVANGERE,KARNATAKA,
7250,KALLUR YEDAHALLI H,KLYH,F,HG3,MYS,SWR,MYSURU,KARNATAKA,
7251,KANIURU H,KNYR,F,HG3,MYS,SWR,DAKSHINA KANNADA,KARNATAKA,
7252,KANIVEHALLI,KNVH,F,HG3,MYS,SWR,CHIKKAMAGALURU,KARNATAKA,
7253,KENCHANALU H,KCLA,F,HG3,MYS,SWR,SHIVAMOGGA,KARNATAKA,
7254,KODIMBALA H,KDBA,F,HG3,MYS,SWR,DAKSHINA KANNADA,KARNATAKA,
7255,KONAGAVALLI H,KGVE,NA,HG3,MYS,SWR,SHIVAMOGGA,KARNATAKA,
7256,KORANAHALLI H,KRNH,A,HG3,MYS,SWR,CHIKKAMAGALURU,KARNATAKA,
7257,MARIYAL G VADI,MRLA,F,HG3,MYS,SWR,CHAMARAJANAGARA,KARNATAKA,
7258,NULENURU H,NLNR,HA,HG3,MYS,SWR,CHITRADURGA,KARNATAKA,
7259,ALUR,ALUR,F,"Not Opened
for Traffic",MYS,SWR,HASSAN,KARNATAKA,
7260,BELLENAHALLI,BNHL,E,"Not Opened
for Traffic",MYS,SWR,CHIKKAMAGALURU,KARNATAKA,
7261,DONIGAL,DOGL,E,"Not Opened
for Traffic",MYS,SWR,HASSAN,KARNATAKA,
7262,KORAVANGALA,KRVL,NA,"Not Opened
for Traffic",MYS,SWR,HASSAN,KARNATAKA,
7263,SHRIVAGILU,SVGL,E,"Not Opened
for traffic",MYS,SWR,DAKSHINA KANNADA,KARNATAKA,
7264,YEDAKUMERI,YDK,E,"Not opened
for Traffic",MYS,SWR,HASSAN,KARNATAKA,
7265,MYSURU JN.,MYS,A,NSG2,MYS,SWR,MYSURU,KARNATAKA,
7266,DAVANGERE,DVG,A,NSG3,MYS,SWR,DAVANGERE,KARNATAKA,
7267,ARSIKERE JN.,ASK,B,NSG4,MYS,SWR,HASSAN,KARNATAKA,
7268,BIRUR JN.,RRB,B,NSG4,MYS,SWR,CHIKKAMAGALURU,KARNATAKA,
7269,CHAMARAJANAGAR,CMNR,D,NSG4,MYS,SWR,CHAMARAJANAGARA,KARNATAKA,
7270,HARIHAR,HRR,B,NSG4,MYS,SWR,DAVANGERE,KARNATAKA,
7271,HASSAN,HAS,B,NSG4,MYS,SWR,HASSAN,KARNATAKA,
7272,NANAJANGUD TOWN,NTW,NA,NSG4,MYS,SWR,MYSURU,KARNATAKA,
7273,SAGAR-JAMBAGARU,SRF,E,NSG4,MYS,SWR,SHIVAMOGGA,KARNATAKA,
7274,SHIVAMOGGA TOWN,SMET,A,NSG4,MYS,SWR,SHIVAMOGGA,KARNATAKA,
7275,SHRIRANGAPATTANA,S,D,NSG4,MYS,SWR,MANDYA,KARNATAKA,
7276,SUBRAHMANYA ROAD,SBHR,D,NSG4,MYS,SWR,DAKSHINA KANNADA,KARNATAKA,
7277,BHADRAVATI,BDVT,B,NSG5,MYS,SWR,SHIVAMOGGA,KARNATAKA,
7278,CHAMARAJAPURAM,CMJ,NA,NSG5,MYS,SWR,MYSURU,KARNATAKA,
7279,CHIKJAJUR JN.,JRU,D,NSG5,MYS,SWR,CHITRADURGA,KARNATAKA,
7280,CHIKKAMAGALURU,CMGR,E,NSG5,MYS,SWR,CHIKKAMAGALURU,KARNATAKA,
7281,CHITRADURG,CTA,D,NSG5,MYS,SWR,CHITRADURGA,KARNATAKA,
7282,HOLE NARSIPUR,HLN,NA,NSG5,MYS,SWR,HASSAN,KARNATAKA,
7283,KABAKAPUTTUR,KBPR,NA,NSG5,MYS,SWR,DAKSHINA KANNADA,KARNATAKA,
7284,KADUR,DRU,D,NSG5,MYS,SWR,CHIKKAMAGALURU,KARNATAKA,
7285,KRISHNARAJANAGAR,KRNR,NA,NSG5,MYS,SWR,MYSURU,KARNATAKA,
7286,MMAILARA HAVERI,HVR,B,NSG5,MYS,SWR,HAVERI,KARNATAKA,
7287,PANDAVAPURA,PANP,D,NSG5,MYS,SWR,MANDYA,KARNATAKA,
7288,RANIBENNUR,RNR,D,NSG5,MYS,SWR,HAVERI,KARNATAKA,
7289,TALGUPPA,TLGP,E,NSG5,MYS,SWR,SHIVAMOGGA,KARNATAKA,
7290,TARIKERE,TKE,D,NSG5,MYS,SWR,CHIKKAMAGALURU,KARNATAKA,
7291,TIPTUR,TTR,D,NSG5,MYS,SWR,TUMAKURU,KARNATAKA,
7292,AJJAMPUR,AJP,E,NSG6,MYS,SWR,CHIKKAMAGALURU,KARNATAKA,
7293,AKKIHEBBALU,AKK,E,NSG6,MYS,SWR,MANDYA,KARNATAKA,
7294,AMARAVATHI CLNY,AVC,E,NSG6,MYS,SWR,DAVANGERE,KARNATAKA,
7295,AMMASANDRA,AMSA,E,NSG6,MYS,SWR,TUMAKURU,KARNATAKA,
7296,AMRITAPURA,AMC,E,NSG6,MYS,SWR,CHITRADURGA,KARNATAKA,
7297,ANANDAPURAM H,ANF,E,NSG6,MYS,SWR,SHIVAMOGGA,KARNATAKA,
7298,ASHOKAPURAM,AP,E,NSG6,MYS,SWR,MYSURU,KARNATAKA,
7299,BAGESHAPURA,BGPA,E,NSG6,MYS,SWR,HASSAN,KARNATAKA,
7300,BALENAHALLI,BAHI,E,NSG6,MYS,SWR,CHITRADURGA,KARNATAKA,
7301,BALLEKERE H.,BLKR,E,NSG6,MYS,SWR,CHIKKAMAGALURU,KARNATAKA,
7302,BANASANDRA,BSN,E,NSG6,MYS,SWR,TUMAKURU,KARNATAKA,
7303,BANAVAR,BVR,E,NSG6,MYS,SWR,HASSAN,KARNATAKA,
7304,BANTAWALA,BNTL,E,NSG6,MYS,SWR,DAKSHINA KANNADA,KARNATAKA,
7305,BELAGULA,BLGA,E,NSG6,MYS,SWR,MANDYA,KARNATAKA,
7306,BENNEHALLI,BEHI,E,NSG6,MYS,SWR,DAVANGERE,KARNATAKA,
7307,BOMMAGUNDANAKERE,BOMN,E,NSG6,MYS,SWR,CHITRADURGA,KARNATAKA,
7308,BYADGI,BYD,NA,NSG6,MYS,SWR,HAVERI,KARNATAKA,
7309,BYADRAHALLI,BDRL,E,NSG6,MYS,SWR,BENGALURU URBAN,KARNATAKA,
7310,CHALGERI,CLI,E,NSG6,MYS,SWR,HAVERI,KARNATAKA,
7311,CHALLAKERE,CHKE,E,NSG6,MYS,SWR,CHITRADURGA,KARNATAKA,
7312,DEVANUR,VNR,NA,NSG6,MYS,SWR,CHIKKAMAGALURU,KARNATAKA,
7313,DEVARGUDDA,DAD,E,NSG6,MYS,SWR,HAVERI,KARNATAKA,
7314,HABANGHATTA,HHT,E,NSG6,MYS,SWR,HASSAN,KARNATAKA,
7315,HALIYURU H,HLV,E,NSG6,MYS,SWR,CHITRADURGA,KARNATAKA,
7316,HARAPANAHALLI,HPHI,E,NSG6,MYS,SWR,DAVANGERE,KARNATAKA,
7317,HOLALKERE,HLK,E,NSG6,MYS,SWR,CHITRADURGA,KARNATAKA,
7318,HONNAVALLI ROAD,HVL,E,NSG6,MYS,SWR,TUMAKURU,KARNATAKA,
7319,HOSA AGRAHARA,HAH,NA,NSG6,MYS,SWR,MYSURU,KARNATAKA,
7320,HOSADURGA ROAD,HSD,E,NSG6,MYS,SWR,CHITRADURGA,KARNATAKA,
7321,KADAKOLA,KDO,NA,NSG6,MYS,SWR,MYSURU,KARNATAKA,
7322,KARDI,RDI,NA,NSG6,MYS,SWR,TUMAKURU,KARNATAKA,
7323,KODAGANUR,KAG,E,NSG6,MYS,SWR,DAVANGERE,KARNATAKA,
7324,KUMSI H,KMSI,E,NSG6,MYS,SWR,SHIVAMOGGA,KARNATAKA,
7325,MANDAGERE,MGF,E,NSG6,MYS,SWR,MANDYA,KARNATAKA,
7326,MASARAHALLI,MSS,E,NSG6,MYS,SWR,SHIVAMOGGA,KARNATAKA,
7327,MAVINKERE,MVC,E,NSG6,MYS,SWR,HASSAN,KARNATAKA,
7328,MAYAKONDA,MYK,E,NSG6,MYS,SWR,DAVANGERE,KARNATAKA,
7329,MOLAKALMURU,MOMU,E,NSG6,MYS,SWR,CHITRADURGA,KARNATAKA,
7330,NAGANAHALLI,NHY,E,NSG6,MYS,SWR,MANDYA,KARNATAKA,
7331,NAGAVANGALA,NVF,NA,NSG6,MYS,SWR,CHIKKAMAGALURU,KARNATAKA,
7332,NARIMOGARU,NRJ,E,NSG6,MYS,SWR,DAKSHINA KANNADA,KARNATAKA,
7333,NERALAKATTE H,NRF,E,NSG6,MYS,SWR,DAKSHINA KANNADA,KARNATAKA,
7334,RAMAGIRI,RGI,E,NSG6,MYS,SWR,CHITRADURGA,KARNATAKA,
7335,SAGARAKATTE,STE,E,NSG6,MYS,SWR,MYSURU,KARNATAKA,
7336,SAKHARAYAPATNA,SHYP,E,NSG6,MYS,SWR,CHIKKAMAGALURU,KARNATAKA,
7337,SAKLESHPUR,SKLR,E,NSG6,MYS,SWR,HASSAN,KARNATAKA,
7338,SASALU,SLU,E,NSG6,MYS,SWR,CHITRADURGA,KARNATAKA,
7339,SHIVANI,SHV,E,NSG6,MYS,SWR,CHIKKAMAGALURU,KARNATAKA,
7340,SIVAPUR,SPV,E,NSG6,MYS,SWR,CHIKKAMAGALURU,KARNATAKA,
7341,TALAKU,THKU,E,NSG6,MYS,SWR,CHITRADURGA,KARNATAKA,
7342,TELIGI,TLGI,E,NSG6,MYS,SWR,DAVANGERE,KARNATAKA,
7343,TOLAHUNSE,THN,E,NSG6,MYS,SWR,DAVANGERE,KARNATAKA,
7344,YEDAMANGALA H,YDM,E,NSG6,MYS,SWR,DAKSHINA KANNADA,KARNATAKA,
7345,BELANDUR ROAD HALT,BLRR,F,HG2,SBC,SWR,BENGALURU RURAL,KARNATAKA,
7346,BEML NAGAR HALT,BEML,F,HG2,SBC,SWR,KOLAR,KARNATAKA,
7347,"BHAIRANAYAKANA HALLI
HALT",BNKH,F,HG2,SBC,SWR,CHIKKABALLAPURA,KARNATAKA,
7348,DOBBESPET HALT,DBS,F,HG2,SBC,SWR,CHIKKABALLAPURA,KARNATAKA,
7349,HEGGERE HALT,HEI,F,HG2,SBC,SWR,TUMAKURU,KARNATAKA,
7350,HOODI HALT,HDIH,F,HG2,SBC,SWR,BENGALURU URBAN,KARNATAKA,
7351,JNANABHARATHI HALT,GNB,F,HG2,SBC,SWR,BENGALURU RURAL,KARNATAKA,
7352,KODIGEHALLI HALT,KDGH,F,HG2,SBC,SWR,BENGALURU RURAL,KARNATAKA,
7353,KRISHNADEVARAYA HALT,KNDV,F,HG2,SBC,SWR,BENGALURU RURAL,KARNATAKA,
7354,"MUDDALINGANAHALLI
HALT",MDLL,F,HG2,SBC,SWR,CHIKKABALLAPURA,KARNATAKA,
7355,MUTTAMPATTI HALT,MPC,F,HG2,SBC,SWR,DHARMAPURI,TAMIL NADU,
7356,SOLADEVANAHALLI,SDVL,F,HG2,SBC,SWR,CBP,KARNATAKA,
7357,AVATIHALLI HALT,AVT,F,HG3,SBC,SWR,CHIKKABALLAPURA,KARNATAKA,
7358,BETTAHALSOOR HALT,TLS,F,HG3,SBC,SWR,CHIKKABALLAPURA,KARNATAKA,
7359,"BYATARAYANAHALLI
HALT",BFW,E,HG3,SBC,SWR,KOLAR,KARNATAKA,
7360,CHINNAKOTE HALT,CNKH,,HG3,SBC,SWR,KOLAR,KARNATAKA,
7361,DALSANUR HALT,DNU,,HG3,SBC,SWR,KOLAR,KARNATAKA,
7362,DODANAATA HALT,DTT,,HG3,SBC,SWR,CHIKKABALLAPURA,KARNATAKA,
7363,DODJALA HALT,DJL,F,HG3,SBC,SWR,CHIKKABALLAPURA,KARNATAKA,
7364,GIDNAHALLI HALT,GDH,,HG3,SBC,SWR,CHIKKABALLAPURA,KARNATAKA,
7365,HUDUKULA HALT,HUD,,HG3,SBC,SWR,KOLAR,KARNATAKA,
7366,HUNASENAHALLI HALT,HUN,,HG3,SBC,SWR,KOLAR,KARNATAKA,
7367,JANAGHATTA HALT,GJT,,HG3,SBC,SWR,KOLAR,KARNATAKA,
7368,KAMASAMUDRAM HALT,KSM H,E,HG3,SBC,SWR,KOLAR,KARNATAKA,
7369,KETOHALLI HALT,KHLL,F,HG3,SBC,SWR,BENGALURU RURAL,KARNATAKA,
7370,KOTACHERUVU HALT,KTCR H,F,HG3,SBC,SWR,ANANTAPUR,ANDHRA PRADESH,
7371,MARALAHALLI,MZV,,HG3,SBC,SWR,KOLAR,KARNATAKA,
7372,NANDI HALT,NDY,F,HG3,SBC,SWR,CHIKKABALLAPURA,KARNATAKA,
7373,SEMMANDAPPATTI HALT,SMDT,F,HG3,SBC,SWR,SALEM,TAMIL NADU,
7374,SOMESWARA HALT,SMWA,E,HG3,SBC,SWR,CHIKKABALLAPURA,KARNATAKA,
7375,THURANDAHALLI HALT,GKV,,HG3,SBC,SWR,KOLAR,KARNATAKA,
7376,VARADAPURA,VRDP,F,HG3,SBC,SWR,KOLAR,KARNATAKA,
7377,VENKATAGIRIKOTE HALT,VTE,F,HG3,SBC,SWR,CHIKKABALLAPURA,KARNATAKA,
7378,VIDURASWATTHA HALT,VWA,E,HG3,SBC,SWR,CHIKKABALLAPURA,KARNATAKA,
7379,KSR BENGALURU,SBC,A1,NSG1,SBC,SWR,BENGALURU URBAN,KARNATAKA,
7380,YESVANTPUR,YPR,A1,NSG2,SBC,SWR,BENGALURU URBAN,KARNATAKA,
7381,"BANGALORE
CANTONMENT",BNC,A,NSG3,SBC,SWR,BENGALURU URBAN,KARNATAKA,
7382,BANGARPET,BWT,A,NSG3,SBC,SWR,KOLAR,KARNATAKA,
7383,KENGERI,KGI,A,NSG3,SBC,SWR,BENGALURU RURAL,KARNATAKA,
7384,KRISHNARAJPURAM,KJM,A,NSG3,SBC,SWR,BENGALURU URBAN,KARNATAKA,
7385,MANDYA,MYA,B,NSG3,SBC,SWR,MANDYA,KARNATAKA,
7386,CHANNAPATNA,CPT,D,NSG4,SBC,SWR,BENGALURU RURAL,KARNATAKA,
7387,HINDUPUR,HUP,B,NSG4,SBC,SWR,ANANTAPUR,ANDHRA PRADESH,
7388,HOSUR,HSRA,B,NSG4,SBC,SWR,KRISHNAGIRI,TAMIL NADU,
7389,KUPPAM,KPN,D,NSG4,SBC,SWR,CHITTOOR,ANDHRA PRADESH,
7390,MALUR,MLO,D,NSG4,SBC,SWR,KOLAR,KARNATAKA,
7391,RAMANAGARAM,RMGM,D,NSG4,SBC,SWR,BENGALURU RURAL,KARNATAKA,
7392,"SATHYA SAI PRASANTI
NILAYAM",SSPN,A,NSG4,SBC,SWR,ANANTAPUR,ANDHRA PRADESH,
7393,TUMAKURU,TK,B,NSG4,SBC,SWR,TUMAKURU,KARNATAKA,
7394,WHITEFIELD,WFD,D,NSG4,SBC,SWR,BENGALURU RURAL,KARNATAKA,
7395,YELAHANKA,YNK,B,NSG4,SBC,SWR,BENGALURU RURAL,KARNATAKA,
7396,BAIYYAPPANAHALLI,BYPL,D,NSG5,SBC,SWR,BENGALURU URBAN,KARNATAKA,
7397,BANASWADI,BAND,B,NSG5,SBC,SWR,BENGALURU URBAN,KARNATAKA,
7398,BANGALORE EAST,BNCE,B,NSG5,SBC,SWR,BENGALURU URBAN,KARNATAKA,
7399,BIDADI,BID,E,NSG5,SBC,SWR,BENGALURU RURAL,KARNATAKA,
7400,CHAMPION,CHU,D,NSG5,SBC,SWR,KOLAR,KARNATAKA,
7401,CHIKBANAVAR,BAW,D,NSG5,SBC,SWR,BENGALURU RURAL,KARNATAKA,
7402,COROMANDEL,COL,D,NSG5,SBC,SWR,KOLAR,KARNATAKA,
7403,DHARMAPURI,DPJ,D,NSG5,SBC,SWR,DHARMAPURI,TAMIL NADU,
7404,DODBALLAPUR,DBU,E,NSG5,SBC,SWR,CHIKKABALLAPURA,KARNATAKA,
7405,GAURIBIDANUR,GBD,D,NSG5,SBC,SWR,CHIKKABALLAPURA,KARNATAKA,
7406,KARMELARAM,CRLM,E,NSG5,SBC,SWR,BENGALURU RURAL,KARNATAKA,
7407,MADDUR,MAD,D,NSG5,SBC,SWR,MANDYA,KARNATAKA,
7408,MALLESWARAM,MWM,D,NSG5,SBC,SWR,BENGALURU RURAL,KARNATAKA,
7409,NAYANDAHALLI,NYH,D,NSG5,SBC,SWR,BENGALURU RURAL,KARNATAKA,
7410,OORGAUM,OGM,D,NSG5,SBC,SWR,KOLAR,KARNATAKA,
7411,PENUKONDA,PKD,D,NSG5,SBC,SWR,ANANTAPUR,ANDHRA PRADESH,
7412,TYAKAL,TCL,E,NSG5,SBC,SWR,KOLAR,KARNATAKA,
7413,ANEKAL ROAD,AEK,E,NSG6,SBC,SWR,BENGALURU RURAL,KARNATAKA,
7414,B G NAGAR,BGNR,F,NSG6,SBC,SWR,MANDYA,KARNATAKA,
7415,BASAMPALLE,BSPL,E,NSG6,SBC,SWR,ANANTAPUR,ANDHRA PRADESH,
7416,BISANATHAM,BSM,E,NSG6,SBC,SWR,KOLAR,KARNATAKA,
7417,CHAKARLAPALLI,CPL,E,NSG6,SBC,SWR,ANANTAPUR,ANDHRA PRADESH,
7418,CHANNASANDRA,CSDR,E,NSG6,SBC,SWR,BENGALURU URBAN,KARNATAKA,
7419,CHENNARAYANAPATNA,CNPA,,NSG6,SBC,SWR,HASSAN,KARNATAKA,
7420,CHIKBALLAPUR,CBP,E,NSG6,SBC,SWR,CHIKKABALLAPURA,KARNATAKA,
7421,CHINTAMANI,CMY,E,NSG6,SBC,SWR,CHIKKABALLAPURA,KARNATAKA,
7422,DEVANAHALLI,DHL,E,NSG6,SBC,SWR,CHIKKABALLAPURA,KARNATAKA,
7423,DEVARAPALLI,DPE,E,NSG6,SBC,SWR,ANANTAPUR,ANDHRA PRADESH,
7424,DEVNGONTHI,DKN,E,NSG6,SBC,SWR,CHIKKABALLAPURA,KARNATAKA,
7425,DODBELE,DBL,E,NSG6,SBC,SWR,BENGALURU URBAN,KARNATAKA,
7426,GOLHALLI,GHL,E,NSG6,SBC,SWR,CHIKKABALLAPURA,KARNATAKA,
7427,GUBBI,GBB,E,NSG6,SBC,SWR,TUMAKURU,KARNATAKA,
7428,GUDUPALLI,GDP,E,NSG6,SBC,SWR,CHITTOOR,ANDHRA PRADESH,
7429,HANAKERE,HNK,E,NSG6,SBC,SWR,MANDYA,KARNATAKA,
7430,HEBBAL,HEB,E,NSG6,SBC,SWR,BENGALURU URBAN,KARNATAKA,
7431,HEELALIGE,HLE,E,NSG6,SBC,SWR,BENGALURU RURAL,KARNATAKA,
7432,HEJJALA,HJL,E,NSG6,SBC,SWR,BENGALURU RURAL,KARNATAKA,
7433,HIREHALLI,HHL,E,NSG6,SBC,SWR,TUMAKURU,KARNATAKA,
7434,HIRISAVE,HISE,F,NSG6,SBC,SWR,HASSAN,KARNATAKA,
7435,KARUVALLI,KVLR,E,NSG6,SBC,SWR,SALEM,TAMIL NADU,
7436,KELAMANGALAM,KMLM,E,NSG6,SBC,SWR,DHARMAPURI,TAMIL NADU,
7437,KOLAR,KQZ,E,NSG6,SBC,SWR,KOLAR,KARNATAKA,
7438,KUNIGAL,KIGL,F,NSG6,SBC,SWR,BENGALURU RURAL,KARNATAKA,
7439,KYATSANDRA,KIAT,E,NSG6,SBC,SWR,TUMAKURU,KARNATAKA,
7440,LOTTEGOLHALLI HALT,LOGH,F,NSG6,SBC,SWR,BENGALURU URBAN,KARNATAKA,
7441,MAKALIDURGA,MKL,E,NSG6,SBC,SWR,CHIKKABALLAPURA,KARNATAKA,
7442,MAKKAJIPALLI,MKJ,E,NSG6,SBC,SWR,ANANTAPUR,ANDHRA PRADESH,
7443,MALLASANDRA,MLSA,E,NSG6,SBC,SWR,TUMAKURU,KARNATAKA,
7444,MALUGUR,MLU,F,NSG6,SBC,SWR,ANANTAPUR,ANDHRA PRADESH,
7445,MARANAYAKANAHALLI,MNKH,,NSG6,SBC,SWR,,,
7446,MARANDAHALLI,MZU,F,NSG6,SBC,SWR,DHARMAPURI,TAMIL NADU,
7447,MARIKUPPAM,MKM,E,NSG6,SBC,SWR,KOLAR,KARNATAKA,
7448,MULANUR,MAR,E,NSG6,SBC,SWR,CHITTOOR,ANDHRA PRADESH,
7449,NAGASAMUDRAM,NGM,E,NSG6,SBC,SWR,ANANTAPUR,ANDHRA PRADESH,
7450,NARAYANAPURAM,NRYP,E,NSG6,SBC,SWR,ANANTAPUR,ANDHRA PRADESH,
7451,NELAMANGALA,NMGA,F,NSG6,SBC,SWR,BENGALURU URBAN,KARNATAKA,
7452,NIDAVANDA,NDV,E,NSG6,SBC,SWR,CHIKKABALLAPURA,KARNATAKA,
7453,NITTUR,NTR,E,NSG6,SBC,SWR,TUMAKURU,KARNATAKA,
7454,ODDARAHALLI,ORH,E,NSG6,SBC,SWR,CHIKKABALLAPURA,KARNATAKA,
7455,PALAKKODU,PCV,E,NSG6,SBC,SWR,DHARMAPURI,KARNATAKA,
7456,PATCHUR,PU,E,NSG6,SBC,SWR,TIRUVANNAMALAI,TAMIL NADU,
7457,PERIYANAGATHUNAI,PRNT,E,NSG6,SBC,SWR,KRISHNAGIRI,TAMIL NADU,
7458,RAJANKUNTI,RNN,E,NSG6,SBC,SWR,CHIKKABALLAPURA,KARNATAKA,
7459,RANGEPALLI,REPI,F,NSG6,SBC,SWR,ANANTAPUR,ANDHRA PRADESH,
7460,RAYAKKOTTAI,RYC,E,NSG6,SBC,SWR,DHARMAPURI,TAMIL NADU,
7461,SAMPIGE ROAD,SPGR,E,NSG6,SBC,SWR,TUMAKURU,KARNATAKA,
7462,SAMUDHRAVALLI,DSVS,,NSG6,SBC,SWR,HASSAN,KARNATAKA,
7463,SETTIHALLI,SET,E,NSG6,SBC,SWR,BENGALURU RURAL,KARNATAKA,
7464,SHANTHIGRAMA,SIGA,,NSG6,SBC,SWR,HASSAN,KARNATAKA,
7465,SHRAVANABELAGOLA,SBGA,F,NSG6,SBC,SWR,HASSAN,KARNATAKA,
7466,SIDLAGHATTA,IDT,,NSG6,SBC,SWR,CHIKKABALLAPURA,KARNATAKA,
7467,"SIR M VISVESVARAYA (T)
BENGALURU",SMVB,,NSG6,SBC,SWR,BENGALURU URBAN,KARNATAKA,
7468,SIVADI,SZV,E,NSG6,SBC,SWR,DHARMAPURI,TAMIL NADU,
7469,SOLUR,SOLR,F,NSG6,SBC,SWR,CHIKKABALLAPURA,KARNATAKA,
7470,SOMANAYAKANAPATTI,SKPT,E,NSG6,SBC,SWR,TIRUVANNAMALAI,TAMIL NADU,
7471,SRINIVASPURA,SVS,E,NSG6,SBC,SWR,KOLAR,KARNATAKA,
7472,THONDEBHAVI,TDV,E,NSG6,SBC,SWR,CHIKKABALLAPURA,KARNATAKA,
7473,TIPPASANDRA,TASA,F,NSG6,SBC,SWR,BENGALURU RURAL,KARNATAKA,
7474,TOPPUR,TPP,E,NSG6,SBC,SWR,SALEM,TAMIL NADU,
7475,YEDIYURU,YY,F,NSG6,SBC,SWR,BENGALURU RURAL,KARNATAKA,
7476,YELIYUR,Y,E,NSG6,SBC,SWR,MANDYA,KARNATAKA,
7477,"KEMPEGOWDA
INTERNATIONAL AIRPORT
HALT",KIAD H,,,SBC,SWR,,,
7478,NIDAGHATTA HALT,NXH,,,SBC,SWR,,,
7479,GANGAVATHI,GGVT,NA,HG1,UBL,SWR,KOPPAL,KARNATAKA,
7480,BAGEWADI H,BGWD,HA,HG2,UBL,SWR,BELAGAVI,KARNATAKA,
7481,BALLARI CANTT.,BYC,F,HG2,UBL,SWR,BALLARI,KARNATAKA,
7482,IBRAHIMPUR H,IMR,F,HG2,UBL,SWR,VIJAYAPURA,KARNATAKA,
7483,KADLIMATTI .H,KLM,F,HG2,UBL,SWR,BAGALKOTE,KARNATAKA,
7484,KALASA H,KALS,F,HG2,UBL,SWR,DHARWAD,KARNATAKA,
7485,KALSUR H,KVS,F,HG2,UBL,SWR,HAVERI,KARNATAKA,
7486,KUDALA SANGAMA ROAD,KSAR,HA,HG2,UBL,SWR,BAGALKOTE,KARNATAKA,
7487,PADNUR H,PDNR,F,HG2,UBL,SWR,VIJAYAPURA,KARNATAKA,
7488,PARAKANHATTI H,PRKH,F,HG2,UBL,SWR,BELAGAVI,KARNATAKA,
7489,SULERJAVALGE,SLGE,F,HG2,UBL,SWR,SOLAPUR,MAHARASHTRA,
7490,ANGADGERI H,ANGR,HA,HG3,UBL,SWR,VIJAYAPURA,KARNATAKA,
7491,BENAL H,BENL,HA,HG3,UBL,SWR,VIJAYAPURA,KARNATAKA,
7492,BUDAGUMPA,BDGU,HA,HG3,UBL,SWR,KOPPAL,KARNATAKA,
7493,CHIKKABENAKAL,CKBK,E,HG3,UBL,SWR,KOPPAL,KARNATAKA,
7494,CHORGI H,CHRG,F,HG3,UBL,SWR,VIJAYAPURA,KARNATAKA,
7495,DABOLIM H,DBM,HA,HG3,UBL,SWR,SOUTH GOA,GOA,
7496,HAMPAPATNAM,HPM,NA,HG3,UBL,SWR,BALLARI,KARNATAKA,
7497,HIRE-SHELLIKERI,HESK,F,HG3,UBL,SWR,BAGALKOTE,KARNATAKA,
7498,HITNAL H,HTNL,F,HG3,UBL,SWR,KOPPAL,KARNATAKA,
7499,HONAGANAHALLI .H,HOH,F,HG3,UBL,SWR,VIJAYAPURA,KARNATAKA,
7500,IDALHOND HALT,IDJ,F,HG3,UBL,SWR,BELAGAVI,KARNATAKA,
7501,JABBALGUDDA,JBGD,NA,HG3,UBL,SWR,KOPPAL,KARNATAKA,
7502,KADRIDEVARPALLI,KRYP,NA,HG3,UBL,SWR,ANANTAPUR,ANDHRA PRADESH,
7503,KALGURKI H,KGIH,HA,HG3,UBL,SWR,VIJAYAPURA,KARNATAKA,
7504,KARATAGI,KTGG,NA,HG3,UBL,SWR,KOPPAL,KARNATAKA,
7505,KERAKALAMATTI,KKMI,E,HG3,UBL,SWR,BAGALKOTE,KARNATAKA,
7506,KHAJJIDONI,KJDI,E,HG3,UBL,SWR,BAGALKOTE,KARNATAKA,
7507,KUDGI H,KDGI,NA,HG3,UBL,SWR,VIJAYAPURA,KARNATAKA,
7508,KYATANAKERI ROAD H,KTK,F,HG3,UBL,SWR,VIJAYAPURA,KARNATAKA,
7509,MALAVI,MVY,NA,HG3,UBL,SWR,BALLARI,KARNATAKA,
7510,MARIYAMANAHALLI,MMI,NA,HG3,UBL,SWR,BALLARI,KARNATAKA,
7511,NAVANAGAR HALT,NANH,NA,HG3,UBL,SWR,BAGALKOTE,KARNATAKA,
7512,SANJUJA-DA-AREYAL H,SJDA,F,HG3,UBL,SWR,SOUTH GOA,GOA,
7513,SIDDAPUR GRAMA,SIDG,NA,HG3,UBL,SWR,KOPPAL,KARNATAKA,
7514,SITIMANI,SII,F,HG3,UBL,SWR,VIJAYAPURA,KARNATAKA,
7515,SOMAN KATTI,SMKT,F,HG3,UBL,SWR,GADAG,KARNATAKA,
7516,SRIRAMANAGAR H,SRNM,NA,HG3,UBL,SWR,KOPPAL,KARNATAKA,
7517,SULIKERI,SIKI,E,HG3,UBL,SWR,BAGALKOTE,KARNATAKA,
7518,TUNGABHADRA DAM,TBDM,NA,HG3,UBL,SWR,BALLARI,KARNATAKA,
7519,YARAGOPPA H,YGA,NA,HG3,UBL,SWR,BAGALKOTE,KARNATAKA,
7520,BAYALUVADDIGERI,BYO,F,"Not Opened
for Traffic",UBL,SWR,BALLARI,KARNATAKA,
7521,BINKADKATTI,BKIT,NA,"Not opened
for Traffic",UBL,SWR,GADAG,KARNATAKA,
7522,CHICKASHELIKERI,CASK,F,"Not opened
for Traffic",UBL,SWR,BAGALKOTE,KARNATAKA,
7523,DUDHSAGAR WATER FALL,DWF,NA,"Not Opened
for Traffic",UBL,SWR,SOUTH GOA,GOA,
7524,GUNDA ROAD JN.,GDJ,NA,"Not Opened
for Traffic",UBL,SWR,BALLARI,KARNATAKA,
7525,HALGERI HALT,HLGR,F,"Not Opened
for Traffic",UBL,SWR,KOPPAL,KARNATAKA,
7526,HALIGUDI H,HAG,HA,"Not Opened
for Traffic",UBL,SWR,GADAG,KARNATAKA,
7527,KASHANATTI,KHST,F,"Not opened
for Traffic",UBL,SWR,DHARWAD,KARNATAKA,
7528,KONDIKOPPA,KNKP,F,"Not Opened
for Traffic",UBL,SWR,GADAG,KARNATAKA,
7529,MAVINAHALLI H,MVHL,F,"Not Opened
for traffic",UBL,SWR,VIJAYAPURA,KARNATAKA,
7530,NAGARGALI,NAG,E,"Not Opened
for traffic",UBL,SWR,BELAGAVI,KARNATAKA,
7531,PAPINAYAKANAHALLI,PKL,NA,"Not Opened
for traffic",UBL,SWR,BALLARI,KARNATAKA,
7532,PULAKURTHI,PLQ,NA,"Not Opened
for traffic",UBL,SWR,ANANTAPUR,ANDHRA PRADESH,
7533,RAMGAD,RMGD,NA,"Not Opened
for traffic",UBL,SWR,BALLARI,KARNATAKA,
7534,RANAJITPURA,RNJP,NA,"Not Opened
for traffic",UBL,SWR,BALLARI,KARNATAKA,
7535,SHINGATAGERI,SXH,NA,"Not Opened
for traffic",UBL,SWR,DHARWAD,KARNATAKA,
7536,SHIVATHANA,SVTN,NA,"Not Opened
for traffic",UBL,SWR,BELAGAVI,KARNATAKA,
7537,BALLARI JN.,BAY,A,NSG3,UBL,SWR,BALLARI,KARNATAKA,
7538,BELAGAVI,BGM,A,NSG3,UBL,SWR,BELAGAVI,KARNATAKA,
7539,DHARWAD,DWR,A,NSG3,UBL,SWR,DHARWAD,KARNATAKA,
7540,SSS HUBBALLI JN,UBL,A,NSG3,UBL,SWR,DHARWAD,KARNATAKA,
7541,VASCO-DA-GAMA,VSG,A,NSG3,UBL,SWR,SOUTH GOA,GOA,
7542,GADAG JN.,GDG,B,NSG4,UBL,SWR,GADAG,KARNATAKA,
7543,HOSAPETE JN.,HPT,A,NSG4,UBL,SWR,BALLARI,KARNATAKA,
7544,LONDA JN.,LD,B,NSG4,UBL,SWR,BELAGAVI,KARNATAKA,
7545,VIJAYAPURA,BJP,A,NSG4,UBL,SWR,VIJAYAPURA,KARNATAKA,
7546,ALMATTI,LMT,D,NSG5,UBL,SWR,VIJAYAPURA,KARNATAKA,
7547,ALNAVAR JN.,LWR,D,NSG5,UBL,SWR,DHARWAD,KARNATAKA,
7548,BADAMI,BDM,D,NSG5,UBL,SWR,BAGALKOTE,KARNATAKA,
7549,BAGALKOT,BGK,B,NSG5,UBL,SWR,BAGALKOTE,KARNATAKA,
7550,BASAVANA BAGEVADI RO,BSRX,E,NSG5,UBL,SWR,VIJAYAPURA,KARNATAKA,
7551,GHATPRABHA,GPB,D,NSG5,UBL,SWR,BELAGAVI,KARNATAKA,
7552,GOKAK ROAD,GKK,NA,NSG5,UBL,SWR,BELAGAVI,KARNATAKA,
7553,INDI ROAD,IDR,D,NSG5,UBL,SWR,VIJAYAPURA,KARNATAKA,
7554,KOPPAL,KBL,B,NSG5,UBL,SWR,KOPPAL,KARNATAKA,
7555,KUDACHI,KUD,D,NSG5,UBL,SWR,BELAGAVI,KARNATAKA,
7556,MUNIRABAD,MRB,D,NSG5,UBL,SWR,KOPPAL,KARNATAKA,
7557,RAYADURG,RDG,D,NSG5,UBL,SWR,ANANTAPUR,ANDHRA PRADESH,
7558,RAYBAG,RBG,D,NSG5,UBL,SWR,BELAGAVI,KARNATAKA,
7559,SANVORDEM CHUCH,SVM,D,NSG5,UBL,SWR,SOUTH GOA,GOA,
7560,TORANAGALLU JN.,TNGL,B,NSG5,UBL,SWR,BALLARI,KARNATAKA,
7561,UGAR KHURD,UGR,NA,NSG5,UBL,SWR,BELAGAVI,KARNATAKA,
7562,YALVIGI,YLG,D,NSG5,UBL,SWR,HAVERI,KARNATAKA,
7563,AMBEWADI,AVA,E,NSG6,UBL,SWR,BELAGAVI,KARNATAKA,
7564,ANNIGERI,NGR,E,NSG6,UBL,SWR,DHARWAD,KARNATAKA,
7565,BALGANUR,BLR,E,NSG6,UBL,SWR,GADAG,KARNATAKA,
7566,BANNI KOPPA,BNA,E,NSG6,UBL,SWR,KOPPAL,KARNATAKA,
7567,BHANAPUR,BNP,E,NSG6,UBL,SWR,KOPPAL,KARNATAKA,
7568,CANSAULIM,CSM,E,NSG6,UBL,SWR,SOUTH GOA,GOA,
7569,CASTLE ROCK,CLR,E,NSG6,UBL,SWR,UTTARA KANNADA,KARNATAKA,
7570,CHANDAR GOA,CNR,E,NSG6,UBL,SWR,SOUTH GOA,GOA,
7571,CHIKODI ROAD,CKR,F,NSG6,UBL,SWR,BELAGAVI,KARNATAKA,
7572,CHINCHLI,CNC,E,NSG6,UBL,SWR,BELAGAVI,KARNATAKA,
7573,DAROJI,DAJ,E,NSG6,UBL,SWR,BALLARI,KARNATAKA,
7574,DESUR,DUR,E,NSG6,UBL,SWR,BELAGAVI,KARNATAKA,
7575,DEVARAYI,DEV,E,NSG6,UBL,SWR,BELAGAVI,KARNATAKA,
7576,GADIGANURU,GNR,E,NSG6,UBL,SWR,BALLARI,KARNATAKA,
7577,GINIGERA,GIN,E,NSG6,UBL,SWR,KOPPAL,KARNATAKA,
7578,GUDGERI,GDI,E,NSG6,UBL,SWR,DHARWAD,KARNATAKA,
7579,GULEDAGUDDA ROAD,GED,E,NSG6,UBL,SWR,BAGALKOTE,KARNATAKA,
7580,GUNJI,GNJ,E,NSG6,UBL,SWR,BELAGAVI,KARNATAKA,
7581,HAGARIBOMMANAHALLI,HBI,F,NSG6,UBL,SWR,BALLARI,KARNATAKA,
7582,HARLAPUR,RLP,E,NSG6,UBL,SWR,GADAG,KARNATAKA,
7583,HEBSUR,HBS,E,NSG6,UBL,SWR,DHARWAD,KARNATAKA,
7584,HOLE ALUR,HLAR,E,NSG6,UBL,SWR,GADAG,KARNATAKA,
7585,HOMBAL,HBL,E,NSG6,UBL,SWR,GADAG,KARNATAKA,
7586,HULKOTI,LKT,E,NSG6,UBL,SWR,GADAG,KARNATAKA,
7587,JADRAMA KUNTI,JRKT,E,NSG6,UBL,SWR,BAGALKOTE,KARNATAKA,
7588,JUMNAL,JML,E,NSG6,UBL,SWR,VIJAYAPURA,KARNATAKA,
7589,KALEM,KM,E,NSG6,UBL,SWR,SOUTH GOA,GOA,
7590,KAMBARGANVI,KBI,E,NSG6,UBL,SWR,DHARWAD,KARNATAKA,
7591,KANGINHAL,KGX,E,NSG6,UBL,SWR,GADAG,KARNATAKA,
7592,KARAJGI,KJG,E,NSG6,UBL,SWR,HAVERI,KARNATAKA,
7593,KHANAPUR,KNP,E,NSG6,UBL,SWR,BELAGAVI,KARNATAKA,
7594,KOTTURU,KTY,E,NSG6,UBL,SWR,BALLARI,KARNATAKA,
7595,KUDATINI,KDN,E,NSG6,UBL,SWR,BALLARI,KARNATAKA,
7596,KULEM,QLM,E,NSG6,UBL,SWR,SOUTH GOA,GOA,
7597,KUNDGOL,KNO,NA,NSG6,UBL,SWR,DHARWAD,KARNATAKA,
7598,KUSUGALL,KUG,E,NSG6,UBL,SWR,DHARWAD,KARNATAKA,
7599,KYARKOP,KRKP,E,NSG6,UBL,SWR,DHARWAD,KARNATAKA,
7600,LACHYAN,LHN,E,NSG6,UBL,SWR,VIJAYAPURA,KARNATAKA,
7601,LAKHMAPUR,LKY,E,NSG6,UBL,SWR,BAGALKOTE,KARNATAKA,
7602,MALLAPUR,MLP,E,NSG6,UBL,SWR,GADAG,KARNATAKA,
7603,MINCHNAL,MNL,E,NSG6,UBL,SWR,VIJAYAPURA,KARNATAKA,
7604,MUGAD,MGD,E,NSG6,UBL,SWR,DHARWAD,KARNATAKA,
7605,MUGALOLLI H,MGL,E,NSG6,UBL,SWR,BAGALKOTE,KARNATAKA,
7606,MULVAD,MVD,E,NSG6,UBL,SWR,VIJAYAPURA,KARNATAKA,
7607,NAVALGUND ROAD,NVD,F,NSG6,UBL,SWR,DHARWAD,KARNATAKA,
7608,NAVALUR,NVU,E,NSG6,UBL,SWR,DHARWAD,KARNATAKA,
7609,NIMBAL,NBL,E,NSG6,UBL,SWR,VIJAYAPURA,KARNATAKA,
7610,OBALAPURAM,OBM,E,NSG6,UBL,SWR,ANANTAPUR,ANDHRA PRADESH,
7611,PACHHAPUR,PCH,E,NSG6,UBL,SWR,BELAGAVI,KARNATAKA,
7612,SAMBRE,SXB,E,NSG6,UBL,SWR,BELAGAVI,KARNATAKA,
7613,SANKAVAL,SKVL,E,NSG6,UBL,SWR,SOUTH GOA,GOA,
7614,SAUNSHI,SNH,E,NSG6,UBL,SWR,DHARWAD,KARNATAKA,
7615,SAVANUR,SVNR,E,NSG6,UBL,SWR,HAVERI,KARNATAKA,
7616,SHEDBAL,SED,E,NSG6,UBL,SWR,BELAGAVI,KARNATAKA,
7617,SISVINHALLI,SVHE,E,NSG6,UBL,SWR,DHARWAD,KARNATAKA,
7618,SOMALAPURAM,SLM,E,NSG6,UBL,SWR,ANANTAPUR,ANDHRA PRADESH,
7619,SOMPUR ROAD,SOQ,E,NSG6,UBL,SWR,GADAG,KARNATAKA,
7620,SULADHAL,SUL,E,NSG6,UBL,SWR,BELAGAVI,KARNATAKA,
7621,SULEBHAVI,SBH,E,NSG6,UBL,SWR,BELAGAVI,KARNATAKA,
7622,TADWAL,TVL,E,NSG6,UBL,SWR,SOLAPUR,MAHARASHTRA,
7623,TAVARGATTI,TVG,E,NSG6,UBL,SWR,BELAGAVI,KARNATAKA,
7624,TINAI GHAT,TGT,E,NSG6,UBL,SWR,UTTARA KANNADA,KARNATAKA,
7625,UNKAL,UNK,E,NSG6,UBL,SWR,DHARWAD,KARNATAKA,
7626,VIJAYANAGAR,VJR,E,NSG6,UBL,SWR,SANGLI,MAHARASHTRA,
7627,VYASA COLONY JN,VC,E,NSG6,UBL,SWR,BALLARI,KARNATAKA,
7628,VYASANKERI,VYS,NA,NSG6,UBL,SWR,BALLARI,KARNATAKA,
7629,WANDAL,WDL,E,NSG6,UBL,SWR,VIJAYAPURA,KARNATAKA,
7630,KARIGANURU,KGW,F,"Only for
Goods",UBL,SWR,BALLARI,KARNATAKA,
7631,BANNIHATTI,BNHT,NA,"Only for
Goods Traffic",UBL,SWR,BALLARI,KARNATAKA,
7632,MARMAGAO HARBOUR,MRH,NA,"Only for
Goods Traffic",UBL,SWR,SOUTH GOA,GOA,
7633,JAKANUR H,JAK,F,,UBL,SWR,GADAG,KARNATAKA,
7634,SWAMIHALLI,SMLI,NA,,UBL,SWR,BALLARI,KARNATAKA,
7635,YESHWANTNAGAR,YTG,NA,,UBL,SWR,BALLARI,KARNATAKA,
7636,LUKWASA,LWS,F,HG2,BPL,WCR,SHIVPURI,MADHYA PRADESH,
7637,RAGHOGARH,RGG,F,HG2,BPL,WCR,GUNA,MADHYA PRADESH,
7638,CHAUHANI,CAZ,F,HG3,BPL,WCR,SHAJAPUR,MADHYA PRADESH,
7639,KHAIGAON,KHA,F,HG3,BPL,WCR,EAST NIMAR,MADHYA PRADESH,
7640,KHAJURI,KAW,F,HG3,BPL,WCR,SHIVPURI,MADHYA PRADESH,
7641,KHONKER,KCR,F,HG3,BPL,WCR,SHIVPURI,MADHYA PRADESH,
7642,RAISERJAGIR,RSJ,F,HG3,BPL,WCR,SHIVPURI,MADHYA PRADESH,
7643,RENHAT,RENH,F,HG3,BPL,WCR,GWALIOR,MADHYA PRADESH,
7644,TARAVATA,TRWT,F,HG3,BPL,WCR,GUNA,MADHYA PRADESH,
7645,UDYANKHERI,UDK,F,HG3,BPL,WCR,RAJGARH,MADHYA PRADESH,
7646,BHOPAL JN.,BPL,A1,NSG2,BPL,WCR,BHOPAL,MADHYA PRADESH,
7647,RANI KAMALAPATI,RKMP,A,NSG2,BPL,WCR,BHOPAL,MADHYA PRADESH,
7648,BINA JN.,BINA,A,NSG3,BPL,WCR,SAGAR,MADHYA PRADESH,
7649,ITARSI JN.,ET,A,NSG3,BPL,WCR,HOSHANGABAD,MADHYA PRADESH,
7650,GANJ BASODA,BAQ,B,NSG4,BPL,WCR,VIDISHA,MADHYA PRADESH,
7651,GUNA,GUNA,B,NSG4,BPL,WCR,GUNA,MADHYA PRADESH,
7652,HOSHANGABAD,HBD,A,NSG4,BPL,WCR,HOSHANGABAD,MADHYA PRADESH,
7653,SANCHI,SCI,B,NSG4,BPL,WCR,RAISEN,MADHYA PRADESH,
7654,SHIVPURI,SVPI,B,NSG4,BPL,WCR,SHIVPURI,MADHYA PRADESH,
7655,VIDISHA,BHS,A,NSG4,BPL,WCR,VIDISHA,MADHYA PRADESH,
7656,ASHOK NAGAR,ASKN,D,NSG5,BPL,WCR,ASHOKNAGAR,MADHYA PRADESH,
7657,BANAPURA,BPF,D,NSG5,BPL,WCR,HOSHANGABAD,MADHYA PRADESH,
7658,BIYAVRA RAJGARH,BRRG,D,NSG5,BPL,WCR,RAJGARH,MADHYA PRADESH,
7659,CHACHAURA-BINAGANJ,CBK,E,NSG5,BPL,WCR,RAJGARH,MADHYA PRADESH,
7660,CHHANERA,CAER,D,NSG5,BPL,WCR,EAST NIMAR,MADHYA PRADESH,
7661,HARDA,HD,B,NSG5,BPL,WCR,HARDA,MADHYA PRADESH,
7662,KHIRKIYA,KKN,D,NSG5,BPL,WCR,HARDA,MADHYA PRADESH,
7663,MANDI BAMORA,MABA,D,NSG5,BPL,WCR,SAGAR,MADHYA PRADESH,
7664,MANDI DIP,MDDP,D,NSG5,BPL,WCR,RAISEN,MADHYA PRADESH,
7665,MUNGAOLI,MNV,D,NSG5,BPL,WCR,ASHOKNAGAR,MADHYA PRADESH,
7666,PACHOR ROAD,PFR,E,NSG5,BPL,WCR,RAJGARH,MADHYA PRADESH,
7667,RUTHIYAI,RTA,D,NSG5,BPL,WCR,GUNA,MADHYA PRADESH,
7668,S.HIRDARAMNAGAR,SHRN,D,NSG5,BPL,WCR,BHOPAL,MADHYA PRADESH,
7669,SHAJAPUR,SFY,E,NSG5,BPL,WCR,SHAJAPUR,MADHYA PRADESH,
7670,TIMARNI,TBN,D,NSG5,BPL,WCR,HARDA,MADHYA PRADESH,
7671,BADARWAS,BDWS,E,NSG6,BPL,WCR,SHIVPURI,MADHYA PRADESH,
7672,BARETH,BET,E,NSG6,BPL,WCR,VIDISHA,MADHYA PRADESH,
7673,BARKHERA,BKA,E,NSG6,BPL,WCR,RAISEN,MADHYA PRADESH,
7674,BARUD,BRUD,E,NSG6,BPL,WCR,EAST NIMAR,MADHYA PRADESH,
7675,BHIRINGI,BRI,E,NSG6,BPL,WCR,HARDA,MADHYA PRADESH,
7676,BIR,BIR,E,NSG6,BPL,WCR,EAST NIMAR,MADHYA PRADESH,
7677,BUDNI,BNI,E,NSG6,BPL,WCR,SEHORE,MADHYA PRADESH,
7678,CHARKHERA,CRK,E,NSG6,BPL,WCR,HARDA,MADHYA PRADESH,
7679,CHARKHERA KHURD,CKKD,E,NSG6,BPL,WCR,EAST NIMAR,MADHYA PRADESH,
7680,DAGAR KHEDI,DRHI,E,NSG6,BPL,WCR,EAST NIMAR,MADHYA PRADESH,
7681,DEWANGANJ,DWG,E,NSG6,BPL,WCR,RAISEN,MADHYA PRADESH,
7682,DHARMKUNDI,DKI,E,NSG6,BPL,WCR,HOSHANGABAD,MADHYA PRADESH,
7683,DULARIYA,DRA,E,NSG6,BPL,WCR,HOSHANGABAD,MADHYA PRADESH,
7684,GHATIGAON,GHAI,E,NSG6,BPL,WCR,GWALIOR,MADHYA PRADESH,
7685,GULABGANJ,GLG,D,NSG6,BPL,WCR,VIDISHA,MADHYA PRADESH,
7686,GUNERU BAMORI,GVB,E,NSG6,BPL,WCR,ASHOKNAGAR,MADHYA PRADESH,
7687,HINOTIA PIPALKHERA,HPKA,E,NSG6,BPL,WCR,ASHOKNAGAR,MADHYA PRADESH,
7688,KALHAR,KAH,E,NSG6,BPL,WCR,VIDISHA,MADHYA PRADESH,
7689,KANJIYA,KXB,E,NSG6,BPL,WCR,SAGAR,MADHYA PRADESH,
7690,KOLARAS,KLRS,E,NSG6,BPL,WCR,SHIVPURI,MADHYA PRADESH,
7691,KUMBHRAJ,KHRJ,E,NSG6,BPL,WCR,GUNA,MADHYA PRADESH,
7692,KURWAI-KETHORA,KIKA,E,NSG6,BPL,WCR,VIDISHA,MADHYA PRADESH,
7693,MABAN,MABN,E,NSG6,BPL,WCR,GUNA,MADHYA PRADESH,
7694,MAHADEOKHEDI,MDVK,E,NSG6,BPL,WCR,SAGAR,MADHYA PRADESH,
7695,MAHUGARHA,MUGA,E,NSG6,BPL,WCR,GUNA,MADHYA PRADESH,
7696,MATHELA,MTA,E,NSG6,BPL,WCR,EAST NIMAR,MADHYA PRADESH,
7697,MISROD,MSO,E,NSG6,BPL,WCR,BHOPAL,MADHYA PRADESH,
7698,MIYANA,MINA,E,NSG6,BPL,WCR,GUNA,MADHYA PRADESH,
7699,MOHANA,MOJ,E,NSG6,BPL,WCR,GWALIOR,MADHYA PRADESH,
7700,OBAIDULLA GANJ,ODG,E,NSG6,BPL,WCR,RAISEN,MADHYA PRADESH,
7701,ORR,ORR,E,NSG6,BPL,WCR,ASHOKNAGAR,MADHYA PRADESH,
7702,PABAI,PAI,E,NSG6,BPL,WCR,VIDISHA,MADHYA PRADESH,
7703,PADARKHEDA,PARH,F,NSG6,BPL,WCR,SHIVPURI,MADHYA PRADESH,
7704,PAGARA,PGA,E,NSG6,BPL,WCR,GUNA,MADHYA PRADESH,
7705,PAGDHAL,PGL,E,NSG6,BPL,WCR,HOSHANGABAD,MADHYA PRADESH,
7706,PALASNER,PAL,E,NSG6,BPL,WCR,HARDA,MADHYA PRADESH,
7707,PANIHAR,PNHR,E,NSG6,BPL,WCR,GWALIOR,MADHYA PRADESH,
7708,PARBANA MAU,PQU,E,NSG6,BPL,WCR,RAJGARH,MADHYA PRADESH,
7709,PILIGHAT,PIGT,E,NSG6,BPL,WCR,ASHOKNAGAR,MADHYA PRADESH,
7710,PIPRAIGAON,PIA,E,NSG6,BPL,WCR,ASHOKNAGAR,MADHYA PRADESH,
7711,POWERKHEDA,PRKD,E,NSG6,BPL,WCR,HOSHANGABAD,MADHYA PRADESH,
7712,RAHATWAS,RTWS,E,NSG6,BPL,WCR,ASHOKNAGAR,MADHYA PRADESH,
7713,RATIKHEDA,RIKA,E,NSG6,BPL,WCR,ASHOKNAGAR,MADHYA PRADESH,
7714,SALAMATPUR,SMT,E,NSG6,BPL,WCR,RAISEN,MADHYA PRADESH,
7715,SARANGPUR,SFW,E,NSG6,BPL,WCR,RAJGARH,MADHYA PRADESH,
7716,SEMAKHEDI,SRKI,E,NSG6,BPL,WCR,SAGAR,MADHYA PRADESH,
7717,SHADHORAGAON,SHDR,E,NSG6,BPL,WCR,ASHOKNAGAR,MADHYA PRADESH,
7718,SINDURIA-KACHARI,SFZ,E,NSG6,BPL,WCR,RAJGARH,MADHYA PRADESH,
7719,SUKHI SEWANIYAN,SUW,E,NSG6,BPL,WCR,BHOPAL,MADHYA PRADESH,
7720,SUMER,SUMR,E,NSG6,BPL,WCR,VIDISHA,MADHYA PRADESH,
7721,SURGAON BANJARI,SGBJ,E,NSG6,BPL,WCR,EAST NIMAR,MADHYA PRADESH,
7722,TALVADYA,TLV,D,NSG6,BPL,WCR,EAST NIMAR,MADHYA PRADESH,
7723,VIJAYPUR,VJP,E,NSG6,BPL,WCR,GUNA,MADHYA PRADESH,
7724,DAMAY,DMYA,F,HG2,JBP,WCR,UMARIA,MADHYA PRADESH,
7725,MADHAVNAGAR ROAD,MDRR,F,HG2,JBP,WCR,KATNI,MADHYA PRADESH,
7726,NEW KATNI JN.,NKJ,F,HG2,JBP,WCR,KATNI,MADHYA PRADESH,
7727,SANSARPUR,SNRR,F,HG2,JBP,WCR,KATNI,MADHYA PRADESH,
7728,SHANKARPUR BHADAURA,SKBR,E,HG2,JBP,WCR,SINGRAULI,MADHYA PRADESH,
7729,BARA,BARA,F,HG3,JBP,WCR,SHAHDOL,MADHYA PRADESH,
7730,DANGIDHAR,DGD,F,HG3,JBP,WCR,SAGAR,MADHYA PRADESH,
7731,GHUNWARA,GNWA,NA,HG3,JBP,WCR,SATNA,MADHYA PRADESH,
7732,HATI,HATI,F,HG3,JBP,WCR,SATNA,MADHYA PRADESH,
7733,JUNHETA,JHT,F,HG3,JBP,WCR,HOSHANGABAD,MADHYA PRADESH,
7734,KANCHANPUR ROAD,KNC,F,HG3,JBP,WCR,SIDHI,MADHYA PRADESH,
7735,LAKHAKERA,LEK,F,HG3,JBP,WCR,KATNI,MADHYA PRADESH,
7736,JABALPUR,JBP,A1,NSG2,JBP,WCR,JABALPUR,MADHYA PRADESH,
7737,KATNI JN,KTE,A,NSG3,JBP,WCR,KATNI,MADHYA PRADESH,
7738,MAIHAR,MYR,A,NSG3,JBP,WCR,SATNA,MADHYA PRADESH,
7739,REWA,REWA,A,NSG3,JBP,WCR,REWA,MADHYA PRADESH,
7740,SATNA,STA,A,NSG3,JBP,WCR,SATNA,MADHYA PRADESH,
7741,SAUGOR,SGO,A,NSG3,JBP,WCR,SAGAR,MADHYA PRADESH,
7742,DAMOH,DMO,A,NSG4,JBP,WCR,DAMOH,MADHYA PRADESH,
7743,KATNI MURWARA,KMZ,B,NSG4,JBP,WCR,KATNI,MADHYA PRADESH,
7744,NARSINGHPUR,NU,B,NSG4,JBP,WCR,NARSINGHPUR,MADHYA PRADESH,
7745,PIPARIYA,PPI,A,NSG4,JBP,WCR,HOSHANGABAD,MADHYA PRADESH,
7746,BANDAKPUR,BNU,D,NSG5,JBP,WCR,DAMOH,MADHYA PRADESH,
7747,BANKHEDI,BKH,D,NSG5,JBP,WCR,HOSHANGABAD,MADHYA PRADESH,
7748,BARGAWAN,BRGW,E,NSG5,JBP,WCR,SINGRAULI,MADHYA PRADESH,
7749,BEOHARI,BEHR,D,NSG5,JBP,WCR,SHAHDOL,MADHYA PRADESH,
7750,BINA MALKHEDI,MAKR,E,NSG5,JBP,WCR,SAGAR,MADHYA PRADESH,
7751,GADARWARA,GAR,B,NSG5,JBP,WCR,NARSINGHPUR,MADHYA PRADESH,
7752,JAITWAR,JTW,D,NSG5,JBP,WCR,SATNA,MADHYA PRADESH,
7753,KARELI,KY,D,NSG5,JBP,WCR,NARSINGHPUR,MADHYA PRADESH,
7754,KATNI SOUTH,KTES,E,NSG5,JBP,WCR,KATNI,MADHYA PRADESH,
7755,KHURAI,KYE,D,NSG5,JBP,WCR,SAGAR,MADHYA PRADESH,
7756,MADAN MAHAL,MML,B,NSG5,JBP,WCR,JABALPUR,MADHYA PRADESH,
7757,MAKRONIA,MKRN,D,NSG5,JBP,WCR,SAGAR,MADHYA PRADESH,
7758,PATHARIA,PHA,D,NSG5,JBP,WCR,DAMOH,MADHYA PRADESH,
7759,SARAIGRAM,SGAM,E,NSG5,JBP,WCR,SINGRAULI,MADHYA PRADESH,
7760,SHRIDHAM,SRID,D,NSG5,JBP,WCR,NARSINGHPUR,MADHYA PRADESH,
7761,SIHORA ROAD,SHR,D,NSG5,JBP,WCR,JABALPUR,MADHYA PRADESH,
7762,SOHAGPUR,SGP,D,NSG5,JBP,WCR,HOSHANGABAD,MADHYA PRADESH,
7763,ADHARTAL,ADTL,E,NSG6,JBP,WCR,JABALPUR,MADHYA PRADESH,
7764,AMDARA,UDR,E,NSG6,JBP,WCR,SATNA,MADHYA PRADESH,
7765,ASLANA,ANA,E,NSG6,JBP,WCR,DAMOH,MADHYA PRADESH,
7766,BAGAHAI ROAD,BGHI,E,NSG6,JBP,WCR,SATNA,MADHYA PRADESH,
7767,BAGHORA,BJQ,E,NSG6,JBP,WCR,SAGAR,MADHYA PRADESH,
7768,BAGRA TAWA,BGTA,E,NSG6,JBP,WCR,HOSHANGABAD,MADHYA PRADESH,
7769,BAKHLETA,BQQ,E,NSG6,JBP,WCR,KATNI,MADHYA PRADESH,
7770,BANSAPAHAR,BNSP,NA,NSG6,JBP,WCR,CHITRAKOOT,UTTAR PRADESH,
7771,BELKHERA,BELD,E,NSG6,JBP,WCR,NARSINGHPUR,MADHYA PRADESH,
7772,BHADANPUR,BUU,E,NSG6,JBP,WCR,SATNA,MADHYA PRADESH,
7773,BHARSENDI,BSDL,E,NSG6,JBP,WCR,SINGRAULI,MADHYA PRADESH,
7774,BHERAGHAT,BRGT,E,NSG6,JBP,WCR,JABALPUR,MADHYA PRADESH,
7775,BHITONI,BHTN,E,NSG6,JBP,WCR,JABALPUR,MADHYA PRADESH,
7776,BIJAYSOTA,VST,E,NSG6,JBP,WCR,SHAHDOL,MADHYA PRADESH,
7777,BIKRAMPUR,BMR,E,NSG6,JBP,WCR,NARSINGHPUR,MADHYA PRADESH,
7778,BOHANI,BNE,E,NSG6,JBP,WCR,NARSINGHPUR,MADHYA PRADESH,
7779,CHATENI,CTJ,E,NSG6,JBP,WCR,SHAHDOL,MADHYA PRADESH,
7780,CHITAHRA,CTHR,E,NSG6,JBP,WCR,SATNA,MADHYA PRADESH,
7781,DEORAGRAM,DRGM,E,NSG6,JBP,WCR,SINGRAULI,MADHYA PRADESH,
7782,DEORI,DOE,E,NSG6,JBP,WCR,JABALPUR,MADHYA PRADESH,
7783,DUBRI KALAN,BARD,E,NSG6,JBP,WCR,SIDHI,MADHYA PRADESH,
7784,DUNDI,DDCE,E,NSG6,JBP,WCR,JABALPUR,MADHYA PRADESH,
7785,GAJARA BAHARA,GAJB,E,NSG6,JBP,WCR,SINGRAULI,MADHYA PRADESH,
7786,GANESHGANJ,GAJ,E,NSG6,JBP,WCR,SAGAR,MADHYA PRADESH,
7787,GHAT PINDRAI,GPC,E,NSG6,JBP,WCR,NARSINGHPUR,MADHYA PRADESH,
7788,GHATERA,GEA,E,NSG6,JBP,WCR,DAMOH,MADHYA PRADESH,
7789,GIRWAR,GW,E,NSG6,JBP,WCR,SAGAR,MADHYA PRADESH,
7790,GOLAPATTI,GTY,E,NSG6,JBP,WCR,DAMOH,MADHYA PRADESH,
7791,GOSALPUR,GSPR,E,NSG6,JBP,WCR,JABALPUR,MADHYA PRADESH,
7792,GURAMKHEDI,GMD,E,NSG6,JBP,WCR,HOSHANGABAD,MADHYA PRADESH,
7793,GURRA,GRO,E,NSG6,JBP,WCR,HOSHANGABAD,MADHYA PRADESH,
7794,HARDUA,HDU,E,NSG6,JBP,WCR,KATNI,MADHYA PRADESH,
7795,HINAUTA RAMBAN,HNM,E,NSG6,JBP,WCR,SATNA,MADHYA PRADESH,
7796,ISARWARA,ISH,E,NSG6,JBP,WCR,SAGAR,MADHYA PRADESH,
7797,JERUWA KHERA,JRK,E,NSG6,JBP,WCR,SAGAR,MADHYA PRADESH,
7798,JOBA,JOBA,E,NSG6,JBP,WCR,SIDHI,MADHYA PRADESH,
7799,JUKEHI,JKE,E,NSG6,JBP,WCR,SATNA,MADHYA PRADESH,
7800,KAIMA,KMA,E,NSG6,JBP,WCR,SATNA,MADHYA PRADESH,
7801,KARAK-BEL,KKB,E,NSG6,JBP,WCR,NARSINGHPUR,MADHYA PRADESH,
7802,KARHIYA-BHADELI,KYX,E,NSG6,JBP,WCR,DAMOH,MADHYA PRADESH,
7803,KATANGI KHURD,KTKD,E,NSG6,JBP,WCR,KATNI,MADHYA PRADESH,
7804,KHANNA BANJARI,KHBJ,E,NSG6,JBP,WCR,KATNI,MADHYA PRADESH,
7805,KHUTAHA,KTHA,E,NSG6,JBP,WCR,SATNA,MADHYA PRADESH,
7806,LAGARGAWAN,LGCE,E,NSG6,JBP,WCR,SATNA,MADHYA PRADESH,
7807,LIDHORA KHURD,LDA,E,NSG6,JBP,WCR,SAGAR,MADHYA PRADESH,
7808,MAHROI,MFQ,E,NSG6,JBP,WCR,UMARIA,MADHYA PRADESH,
7809,MAJHAULI,MZHL,E,NSG6,JBP,WCR,SINGRAULI,MADHYA PRADESH,
7810,MAJHGAWAN,MJG,E,NSG6,JBP,WCR,SATNA,MADHYA PRADESH,
7811,MAJHGAWANPHATAK,MJGP,E,NSG6,JBP,WCR,KATNI,MADHYA PRADESH,
7812,MARKUNDI,MKD,E,NSG6,JBP,WCR,CHITRAKOOT,UTTAR PRADESH,
7813,MARWASGRAM,MWJ,E,NSG6,JBP,WCR,SIDHI,MADHYA PRADESH,
7814,NARIAOLI,NOI,E,NSG6,JBP,WCR,SAGAR,MADHYA PRADESH,
7815,NIWAR,NWR,E,NSG6,JBP,WCR,KATNI,MADHYA PRADESH,
7816,NIWAS ROAD,NWB,E,NSG6,JBP,WCR,SINGRAULI,MADHYA PRADESH,
7817,PAKARIA ROAD,PKRD,E,NSG6,JBP,WCR,SATNA,MADHYA PRADESH,
7818,PATOHAN,PTHD,E,NSG6,JBP,WCR,KATNI,MADHYA PRADESH,
7819,PATWARA,PTWA,E,NSG6,JBP,WCR,KATNI,MADHYA PRADESH,
7820,PIPARIYA KALAN,PWK,E,NSG6,JBP,WCR,KATNI,MADHYA PRADESH,
7821,RITHI,REI,E,NSG6,JBP,WCR,KATNI,MADHYA PRADESH,
7822,SAGMA,SAGM,E,NSG6,JBP,WCR,SATNA,MADHYA PRADESH,
7823,SAGONI,SAO,E,NSG6,JBP,WCR,DAMOH,MADHYA PRADESH,
7824,SAKARIYA,SKAR,E,NSG6,JBP,WCR,SATNA,MADHYA PRADESH,
7825,SALAIA,SYA,E,NSG6,JBP,WCR,DAMOH,MADHYA PRADESH,
7826,SALHANA,SLHA,E,NSG6,JBP,WCR,KATNI,MADHYA PRADESH,
7827,SALICHAUKA ROAD,SCKR,E,NSG6,JBP,WCR,HOSHANGABAD,MADHYA PRADESH,
7828,SLEEMANABAD RAOD,SBD,E,NSG6,JBP,WCR,KATNI,MADHYA PRADESH,
7829,SONTALAI,SQL,E,NSG6,JBP,WCR,HOSHANGABAD,MADHYA PRADESH,
7830,SUMRERI,SMRR,E,NSG6,JBP,WCR,SAGAR,MADHYA PRADESH,
7831,SURASARAIGHAT-JHARA,SSGJ,F,NSG6,JBP,WCR,SINGRAULI,MADHYA PRADESH,
7832,TIKARIA,TKYR,E,NSG6,JBP,WCR,CHITRAKOOT,UTTAR PRADESH,
7833,TURKI ROAD,TZR,E,NSG6,JBP,WCR,SATNA,MADHYA PRADESH,
7834,UNCHHERA,UHR,E,NSG6,JBP,WCR,SATNA,MADHYA PRADESH,
7835,"DHINDHORA-
HUKMIKHEDA",DNHK,F,HG2,KOTA,WCR,KARAULI,RAJASTHAN,
7836,CHANDRESAL,CDSL,F,HG3,KOTA,WCR,KOTA,RAJASTHAN,
7837,CHURAMAN NAGRI,CRG,F,HG3,KOTA,WCR,MATHURA,UTTAR PRADESH,
7838,JAICHOLI,JCU,F,HG3,KOTA,WCR,BHARATPUR,RAJASTHAN,
7839,RANIKUND RARAH,RKR,F,HG3,KOTA,WCR,BHARATPUR,RAJASTHAN,
7840,SALABAD,SABD,F,HG3,KOTA,WCR,BHARATPUR,RAJASTHAN,
7841,SIKRODA MINA,SKDM,F,HG3,KOTA,WCR,KARAULI,RAJASTHAN,
7842,KOTA JN.,KOTA,A1,NSG2,KOTA,WCR,KOTA,RAJASTHAN,
7843,BHARATPUR,BTE,A,NSG3,KOTA,WCR,BHARATPUR,RAJASTHAN,
7844,SAWAI MADHOPUR JN.,SWM,A,NSG3,KOTA,WCR,SAWAI MADHOPUR,RAJASTHAN,
7845,BUNDI,BUDI,B,NSG4,KOTA,WCR,BUNDI,RAJASTHAN,
7846,DAKANIYA TALAV,DKNT,D,NSG4,KOTA,WCR,KOTA,RAJASTHAN,
7847,GANGAPUR CITY,GGC,B,NSG4,KOTA,WCR,SAWAI MADHOPUR,RAJASTHAN,
7848,HINDAUN CITY,HAN,B,NSG4,KOTA,WCR,KARAULI,RAJASTHAN,
7849,RAMGANJ MANDI,RMA,B,NSG4,KOTA,WCR,KOTA,RAJASTHAN,
7850,BARAN,BAZ,D,NSG5,KOTA,WCR,BARAN,RAJASTHAN,
7851,BAYANA JN.,BXN,D,NSG5,KOTA,WCR,BHARATPUR,RAJASTHAN,
7852,BHAWANI MANDI,BWM,B,NSG5,KOTA,WCR,JHALAWAR,RAJASTHAN,
7853,CHAUMAHLA,CMU,D,NSG5,KOTA,WCR,JHALAWAR,RAJASTHAN,
7854,CHHABRA GUGOR,CAG,D,NSG5,KOTA,WCR,BARAN,RAJASTHAN,
7855,INDRAGARH SUMERGANJ,IDG,D,NSG5,KOTA,WCR,BUNDI,RAJASTHAN,
7856,JHALAWAR CITY,JLWC,E,NSG5,KOTA,WCR,JHALAWAR,RAJASTHAN,
7857,LAKHERI,LKE,D,NSG5,KOTA,WCR,BUNDI,RAJASTHAN,
7858,SHAMGARH,SGZ,D,NSG5,KOTA,WCR,MANDSAUR,MADHYA PRADESH,
7859,SHRI MAHAVEERJI,SMBJ,D,NSG5,KOTA,WCR,KARAULI,RAJASTHAN,
7860,SHRI-MAHAVEERJI,SMVJ,D,NSG5,KOTA,WCR,KARAULI,RAJASTHAN,
7861,SUWASRA,SVA,D,NSG5,KOTA,WCR,MANDSAUR,MADHYA PRADESH,
7862,VIKRAMGARH ALOT,VMA,D,NSG5,KOTA,WCR,UJJAIN,MADHYA PRADESH,
7863,ALNIYA,ALNI,E,NSG6,KOTA,WCR,KOTA,RAJASTHAN,
7864,AMLI,AMLI,E,NSG6,KOTA,WCR,TONK,RAJASTHAN,
7865,ANTAH,ATH,E,NSG6,KOTA,WCR,BARAN,RAJASTHAN,
7866,ARNETHA,ARE,E,NSG6,KOTA,WCR,BUNDI,RAJASTHAN,
7867,ATRU,ATRU,E,NSG6,KOTA,WCR,BARAN,RAJASTHAN,
7868,BARUNDANI,BNDI,E,NSG6,KOTA,WCR,BHILWARA,RAJASTHAN,
7869,BASSI BERISAL,BSSL,E,NSG6,KOTA,WCR,CHITTORGARH,RAJASTHAN,
7870,BHONRA,BON,E,NSG6,KOTA,WCR,KOTA,RAJASTHAN,
7871,BHULON,BLO,E,NSG6,KOTA,WCR,BARAN,RAJASTHAN,
7872,BIJORA,BJK,E,NSG6,KOTA,WCR,BARAN,RAJASTHAN,
7873,CHAURAKHERI,CRKR,E,NSG6,KOTA,WCR,GUNA,MADHYA PRADESH,
7874,CHHAJAWA,CJW,E,NSG6,KOTA,WCR,BARAN,RAJASTHAN,
7875,CHHOTI ODAI,COO,E,NSG6,KOTA,WCR,SAWAI MADHOPUR,RAJASTHAN,
7876,DADHDEVI,DDV,E,NSG6,KOTA,WCR,KOTA,RAJASTHAN,
7877,DARA,DARA,E,NSG6,KOTA,WCR,KOTA,RAJASTHAN,
7878,DHARNAODA,DHR,E,NSG6,KOTA,WCR,GUNA,MADHYA PRADESH,
7879,DHAURMUI JAGHINA,DUM,E,NSG6,KOTA,WCR,BHARATPUR,RAJASTHAN,
7880,DHUANKHERI,DKRA,E,NSG6,KOTA,WCR,MANDSAUR,MADHYA PRADESH,
7881,DIGOD,DXD,E,NSG6,KOTA,WCR,KOTA,RAJASTHAN,
7882,DUMARIYA,DY,E,NSG6,KOTA,WCR,BHARATPUR,RAJASTHAN,
7883,FATEH SINGHPURA,FSP,E,NSG6,KOTA,WCR,KARAULI,RAJASTHAN,
7884,GAROT,GOH,E,NSG6,KOTA,WCR,MANDSAUR,MADHYA PRADESH,
7885,GHATA-KA-VARANA,GKB,E,NSG6,KOTA,WCR,BUNDI,RAJASTHAN,
7886,GURLA,GQL,E,NSG6,KOTA,WCR,KOTA,RAJASTHAN,
7887,JAJAN PATTI,JJA,E,NSG6,KOTA,WCR,MATHURA,UTTAR PRADESH,
7888,JALINDRI,JNRI,E,NSG6,KOTA,WCR,BHILWARA,RAJASTHAN,
7889,JHALAWAR ROAD,JHW,E,NSG6,KOTA,WCR,JHALAWAR,RAJASTHAN,
7890,JHALRAPATAN,JAPN,A,NSG6,KOTA,WCR,JHALAWAR,RAJASTHAN,
7891,JULMI,JLF,E,NSG6,KOTA,WCR,KOTA,RAJASTHAN,
7892,JUNAKHERA,JAKA,E,NSG6,KOTA,WCR,JHALAWAR,RAJASTHAN,
7893,KANWALPURA,KIW,E,NSG6,KOTA,WCR,KOTA,RAJASTHAN,
7894,KAPREN,KPZ,E,NSG6,KOTA,WCR,BUNDI,RAJASTHAN,
7895,KELA DEVI,KEV,E,NSG6,KOTA,WCR,BHARATPUR,RAJASTHAN,
7896,KESHOLI,KOLI,E,NSG6,KOTA,WCR,BARAN,RAJASTHAN,
7897,KESHORAI. PATAN,KPTN,E,NSG6,KOTA,WCR,BUNDI,RAJASTHAN,
7898,KHANDIP,KNDP,E,NSG6,KOTA,WCR,SAWAI MADHOPUR,RAJASTHAN,
7899,KURLASI,KRLS,E,NSG6,KOTA,WCR,MANDSAUR,MADHYA PRADESH,
7900,KUSHTALA,KTA,E,NSG6,KOTA,WCR,SAWAI MADHOPUR,RAJASTHAN,
7901,LABAN,LBN,E,NSG6,KOTA,WCR,BUNDI,RAJASTHAN,
7902,LALPUR UMRI,LRU,E,NSG6,KOTA,WCR,SAWAI MADHOPUR,RAJASTHAN,
7903,LUNI RICHHA,LNR,E,NSG6,KOTA,WCR,RATLAM,MADHYA PRADESH,
7904,MAHIDPUR ROAD,MEP,E,NSG6,KOTA,WCR,UJJAIN,MADHYA PRADESH,
7905,MALARNA,MLZ,E,NSG6,KOTA,WCR,SAWAI MADHOPUR,RAJASTHAN,
7906,MANDALGARH,MLGH,E,NSG6,KOTA,WCR,BHILWARA,RAJASTHAN,
7907,MOKHOLI,MXL,E,NSG6,KOTA,WCR,SAWAI MADHOPUR,RAJASTHAN,
7908,MORAK,MKX,E,NSG6,KOTA,WCR,KOTA,RAJASTHAN,
7909,MOTIPURA CHAUKI,MTPC,E,NSG6,KOTA,WCR,BARAN,RAJASTHAN,
7910,MURHESI RAMPUR,MSRP,E,NSG6,KOTA,WCR,MATHURA,UTTAR PRADESH,
7911,NARAYANPUR TATWARA,NNW,E,NSG6,KOTA,WCR,SAWAI MADHOPUR,RAJASTHAN,
7912,NATHUKHERI,NKH,E,NSG6,KOTA,WCR,MANDSAUR,MADHYA PRADESH,
7913,NIMODA,NMD,E,NSG6,KOTA,WCR,KARAULI,RAJASTHAN,
7914,PARSOLI,PSLI,E,NSG6,KOTA,WCR,CHITTORGARH,RAJASTHAN,
7915,PILODA,PDZ,E,NSG6,KOTA,WCR,SAWAI MADHOPUR,RAJASTHAN,
7916,PINGORA,PNGR,E,NSG6,KOTA,WCR,BHARATPUR,RAJASTHAN,
7917,PIPALDA ROAD,POR,E,NSG6,KOTA,WCR,BARAN,RAJASTHAN,
7918,RANTHAMBHOR,RNT,E,NSG6,KOTA,WCR,SAWAI MADHOPUR,RAJASTHAN,
7919,RAVTHA ROAD,RDT,E,NSG6,KOTA,WCR,KOTA,RAJASTHAN,
7920,RAWANJNA DUNGAR,RWJ,E,NSG6,KOTA,WCR,SAWAI MADHOPUR,RAJASTHAN,
7921,ROHAL KHURD,RLK,E,NSG6,KOTA,WCR,UJJAIN,MADHYA PRADESH,
7922,SALPURA,SYL,E,NSG6,KOTA,WCR,BARAN,RAJASTHAN,
7923,SEWAR,SWAR,E,NSG6,KOTA,WCR,BHARATPUR,RAJASTHAN,
7924,SHRI KALYANPURA,SKPA,E,NSG6,KOTA,WCR,KOTA,RAJASTHAN,
7925,SHYAMPURA,SMPA,E,NSG6,KOTA,WCR,BHILWARA,RAJASTHAN,
7926,SOGARIA,SGAC,A,NSG6,KOTA,WCR,KOTA,RAJASTHAN,
7927,SRINAGAR,SNAR,E,NSG6,KOTA,WCR,BUNDI,RAJASTHAN,
7928,SUNDLAK,SDLK,E,NSG6,KOTA,WCR,BARAN,RAJASTHAN,
7929,TALAVLI,TLZ,E,NSG6,KOTA,WCR,JHALAWAR,RAJASTHAN,
7930,THALERA,THEA,E,NSG6,KOTA,WCR,BUNDI,RAJASTHAN,
7931,THURIA,THUR,E,NSG6,KOTA,WCR,UJJAIN,MADHYA PRADESH,
7932,UPARMAL,URML,E,NSG6,KOTA,WCR,BHILWARA,RAJASTHAN,
7933,BHATARIYA,BTYA,E,HG3,ADI,WR,MAHESANA,GUJARAT,
7934,BHATSAR,BATS,E,HG3,ADI,WR,PATAN,GUJARAT,
7935,DETHLI,DHLI,E,HG3,ADI,WR,MAHESANA,GUJARAT,
7936,DHANPURA,DNPR,E,HG3,ADI,WR,MAHESANA,GUJARAT,
7937,GHUMASAN,GUS,A,HG3,ADI,WR,MAHESANA,GUJARAT,
7938,GUNJA,GUJ,E,HG3,ADI,WR,MAHESANA,GUJARAT,
7939,HAPA ROAD,HPRD,E,HG3,ADI,WR,SABAR KANTHA,GUJARAT,
7940,JADAR,JADR,E,HG3,ADI,WR,SABAR KANTHA,GUJARAT,
7941,JALIYA MATH,JLM,E,HG3,ADI,WR,GANDHINAGAR,GUJARAT,
7942,KHARI AMARPURA,KIA,E,HG3,ADI,WR,SABAR KANTHA,GUJARAT,
7943,KHERALU,KRU,E,HG3,ADI,WR,MAHESANA,GUJARAT,
7944,KHEROL,KOY,E,HG3,ADI,WR,SABAR KANTHA,GUJARAT,
7945,MAHADEVPURA,MHDP,E,HG3,ADI,WR,SABAR KANTHA,GUJARAT,
7946,MEDRA,MDRA,E,HG3,ADI,WR,GANDHINAGAR,GUJARAT,
7947,PANCHOT,PHC,E,HG3,ADI,WR,MAHESANA,GUJARAT,
7948,PUDGAM GANESHPURA,PDGP,E,HG3,ADI,WR,MAHESANA,GUJARAT,
7949,RANDALA,RLD,E,HG3,ADI,WR,MAHESANA,GUJARAT,
7950,SAHIJPUR,SAHP,F,HG3,ADI,WR,AHMADABAD,GUJARAT,
7951,SANKHARI,SNHR,E,HG3,ADI,WR,PATAN,GUJARAT,
7952,SELAVI,SHLV,E,HG3,ADI,WR,PATAN,GUJARAT,
7953,VADALI,VAE,E,HG3,ADI,WR,SABAR KANTHA,GUJARAT,
7954,VARETHA,VTDI,E,HG3,ADI,WR,MAHESANA,GUJARAT,
7955,VENPURA,VNP,E,HG3,ADI,WR,MAHESANA,GUJARAT,
7956,VIROCHANNAGAR,VCN,E,HG3,ADI,WR,AHMADABAD,GUJARAT,
7957,AHMEDABAD JN.,ADI,A1,NSG1,ADI,WR,AHMADABAD,GUJARAT,
7958,BHUJ,BHUJ,A,NSG3,ADI,WR,KACHCHH,GUJARAT,
7959,GANDHIDHAM JN.,GIMB,B,NSG3,ADI,WR,KACHCHH,GUJARAT,
7960,PALANPUR JN.,PNU,A,NSG3,ADI,WR,BANAS KANTHA,GUJARAT,
7961,MAHESANA JN.,MSH,A,NSG4,ADI,WR,MAHESANA,GUJARAT,
7962,MANINAGAR,MAN,D,NSG4,ADI,WR,AHMADABAD,GUJARAT,
7963,PATAN,PTN,D,NSG4,ADI,WR,PATAN,GUJARAT,
7964,SAMAKHIALI JN.,SIOB,B,NSG4,ADI,WR,KACHCHH,GUJARAT,
7965,SIDDHAPUR,SID,D,NSG4,ADI,WR,PATAN,GUJARAT,
7966,UNJHA,UJA,D,NSG4,ADI,WR,MAHESANA,GUJARAT,
7967,VIRAMGAM JN.,VG,A,NSG4,ADI,WR,AHMADABAD,GUJARAT,
7968,ADIPUR,AI,D,NSG5,ADI,WR,KACHCHH,GUJARAT,
7969,ANJAR,AJE,D,NSG5,ADI,WR,KACHCHH,GUJARAT,
7970,BHACHAU,BCOB,B,NSG5,ADI,WR,KACHCHH,GUJARAT,
7971,CHANDLODIYA,CLDY,E,NSG5,ADI,WR,AHMADABAD,GUJARAT,
7972,DHRANGANDHRA,DHG,D,NSG5,ADI,WR,SURENDRANAGAR,GUJARAT,
7973,GANDHINAGAR CAPITAL,GNC,D,NSG5,ADI,WR,GANDHINAGAR,GUJARAT,
7974,KALOL,KLL,D,NSG5,ADI,WR,GANDHINAGAR,GUJARAT,
7975,SABARMATI BG,SBT,D,NSG5,ADI,WR,AHMADABAD,GUJARAT,
7976,SABARMATI MG,SBI,D,NSG5,ADI,WR,AHMADABAD,GUJARAT,
7977,ADESAR,AAR,F,NSG6,ADI,WR,KACHCHH,GUJARAT,
7978,ADRAJ MOTI,AJM,E,NSG6,ADI,WR,GANDHINAGAR,GUJARAT,
7979,AMBLI ROAD,ABD,E,NSG6,ADI,WR,AHMADABAD,GUJARAT,
7980,AMBLIYASAN,UMN,E,NSG6,ADI,WR,MAHESANA,GUJARAT,
7981,ASARVA JN.,ASV,E,NSG6,ADI,WR,AHMADABAD,GUJARAT,
7982,BHABHAR,BAH,F,NSG6,ADI,WR,BANAS KANTHA,GUJARAT,
7983,BHANDU-MOTIDAU,BHU,E,NSG6,ADI,WR,MAHESANA,GUJARAT,
7984,BHANKODA,BKD,E,NSG6,ADI,WR,AHMADABAD,GUJARAT,
7985,BHILDI JN.,BLDI,E,NSG6,ADI,WR,BANAS KANTHA,GUJARAT,
7986,BHIMASAR,BMSR,E,NSG6,ADI,WR,KACHCHH,GUJARAT,
7987,Bhoyani,BHAN,E,NSG6,ADI,WR,MAHESANA,GUJARAT,
7988,BHUTAKIYA BHIMASAR,BUBR,E,NSG6,ADI,WR,KACHCHH,GUJARAT,
7989,CHANDISAR,CDS,F,NSG6,ADI,WR,BANAS KANTHA,GUJARAT,
7990,CHANDKHEDA ROAD,CDK,E,NSG6,ADI,WR,AHMADABAD,GUJARAT,
7991,CHHANSARA,CASA,E,NSG6,ADI,WR,PATAN,GUJARAT,
7992,CHHAPI,CHP,E,NSG6,ADI,WR,BANAS KANTHA,GUJARAT,
7993,CHHARODI,CE,A,NSG6,ADI,WR,AHMADABAD,GUJARAT,
7994,CHIRAI,CHIB,E,NSG6,ADI,WR,KACHCHH,GUJARAT,
7995,CHITROD,COE,E,NSG6,ADI,WR,KACHCHH,GUJARAT,
7996,DABHODA,DBO,E,NSG6,ADI,WR,GANDHINAGAR,GUJARAT,
7997,DANGARWA,DNW,E,NSG6,ADI,WR,MAHESANA,GUJARAT,
7998,DEVGAM,DVGM,E,NSG6,ADI,WR,BANAS KANTHA,GUJARAT,
7999,DHANAKWADA,DKW,E,NSG6,ADI,WR,BANAS KANTHA,GUJARAT,
8000,DHAREWADA,DRW,E,NSG6,ADI,WR,BANAS KANTHA,GUJARAT,
8001,DHINOJ,DHJ,E,NSG6,ADI,WR,PATAN,GUJARAT,
8002,DISA,DISA,E,NSG6,ADI,WR,BANAS KANTHA,GUJARAT,
8003,DIYODAR,DEOR,F,NSG6,ADI,WR,BANAS KANTHA,GUJARAT,
8004,GARMADI,GM,E,NSG6,ADI,WR,PATAN,GUJARAT,
8005,HALVAD,HVD,E,NSG6,ADI,WR,MORBI,GUJARAT,
8006,HIMMATNAGAR,HMT,E,NSG6,ADI,WR,SABAR KANTHA,GUJARAT,
8007,IDAR,IDAR,E,NSG6,ADI,WR,SABAR KANTHA,GUJARAT,
8008,JAGUDAN,JDN,E,NSG6,ADI,WR,MAHESANA,GUJARAT,
8009,JAKHVADA,JKA,E,NSG6,ADI,WR,AHMADABAD,GUJARAT,
8010,JAKSI,JKS,E,NSG6,ADI,WR,AHMADABAD,GUJARAT,
8011,JASALI,JSI,F,NSG6,ADI,WR,BANAS KANTHA,GUJARAT,
8012,JHULASAN,JUL,E,NSG6,ADI,WR,MAHESANA,GUJARAT,
8013,JOTANA,JTN,E,NSG6,ADI,WR,MAHESANA,GUJARAT,
8014,Kadi,KADI,E,NSG6,ADI,WR,MAHESANA,GUJARAT,
8015,KAMLI,KMLI,E,NSG6,ADI,WR,MAHESANA,GUJARAT,
8016,KATOSAN- ROAD,KTRD,E,NSG6,ADI,WR,AHMADABAD,GUJARAT,
8017,KHODIYAR,KHD,E,NSG6,ADI,WR,AHMADABAD,GUJARAT,
8018,KIDIYANAGAR,KYG,F,NSG6,ADI,WR,KACHCHH,GUJARAT,
8019,KUKMA,KEMA,E,NSG6,ADI,WR,KACHCHH,GUJARAT,
8020,LAKADIYA,LKZ,E,NSG6,ADI,WR,KACHCHH,GUJARAT,
8021,LAKHAPAT,LAA,E,NSG6,ADI,WR,KACHCHH,GUJARAT,
8022,LINCH,LCH,E,NSG6,ADI,WR,MAHESANA,GUJARAT,
8023,LORWADA,LW,F,NSG6,ADI,WR,BANAS KANTHA,GUJARAT,
8024,MALIYA MIYANA JN,MALB,E,NSG6,ADI,WR,MORBI,GUJARAT,
8025,MITHA,MITA,E,NSG6,ADI,WR,BANAS KANTHA,GUJARAT,
8026,NANDOL DAHEGAM,NHM,E,NSG6,ADI,WR,GANDHINAGAR,GUJARAT,
8027,NARODA,NRD,E,NSG6,ADI,WR,AHMADABAD,GUJARAT,
8028,PADAMPUR,PDF,F,NSG6,ADI,WR,KACHCHH,GUJARAT,
8029,PIPLEE,PLE,E,NSG6,ADI,WR,PATAN,GUJARAT,
8030,PIPRALA,PFL,F,NSG6,ADI,WR,PATAN,GUJARAT,
8031,PRANTIJ,PRJ,E,NSG6,ADI,WR,SABAR KANTHA,GUJARAT,
8032,RADHANPUR,RDHP,E,NSG6,ADI,WR,PATAN,GUJARAT,
8033,RAKHIYAL,RKH,E,NSG6,ADI,WR,GANDHINAGAR,GUJARAT,
8034,RANUJ (JN),RUJ,E,NSG6,ADI,WR,PATAN,GUJARAT,
8035,RATNAL,RUT,E,NSG6,ADI,WR,KACHCHH,GUJARAT,
8036,SANAND,SAU,E,NSG6,ADI,WR,AHMADABAD,GUJARAT,
8037,SANTALPUR,SNLR,E,NSG6,ADI,WR,PATAN,GUJARAT,
8038,SARDARGRAM,SDGM,E,NSG6,ADI,WR,AHMADABAD,GUJARAT,
8039,SHIVALAKHA,SIA,E,NSG6,ADI,WR,KACHCHH,GUJARAT,
8040,SONASAN.,SNSN,E,NSG6,ADI,WR,SABAR KANTHA,GUJARAT,
8041,TALOD,TOD,E,NSG6,ADI,WR,SABAR KANTHA,GUJARAT,
8042,UMARDESHI,UM,E,NSG6,ADI,WR,BANAS KANTHA,GUJARAT,
8043,VADNAGAR,VDG,E,NSG6,ADI,WR,MAHESANA,GUJARAT,
8044,VAGHPURA,VU,E,NSG6,ADI,WR,PATAN,GUJARAT,
8045,VARAHI,VRX,E,NSG6,ADI,WR,PATAN,GUJARAT,
8046,VATVA,VTA,E,NSG6,ADI,WR,AHMADABAD,GUJARAT,
8047,VIJAPUR,VJF,E,NSG6,ADI,WR,MAHESANA,GUJARAT,
8048,VISNAGAR,VNG,E,NSG6,ADI,WR,MAHESANA,GUJARAT,
8049,VONDH,VONB,E,NSG6,ADI,WR,KACHCHH,GUJARAT,
8050,BETAWAD,BEW,F,HG2,BCT,WR,DHULE,MAHARASHTRA,
8051,ANAVAL,ANW,F,HG3,BCT,WR,SURAT,GUJARAT,
8052,ANCHELI,ACL,F,HG3,BCT,WR,NAVSARI,GUJARAT,
8053,BAGUMRA,BGMR,F,HG3,BCT,WR,SURAT,GUJARAT,
8054,BAGWADA,BAGD,F,HG3,BCT,WR,VALSAD,MAHARASHTRA,
8055,BHONE,BHNE,F,HG3,BCT,WR,JALGAON,MAHARASHTRA,
8056,BORDI ROAD,BRRD,F,HG3,BCT,WR,PALGHAR,MAHARASHTRA,
8057,CHIKHLI ROAD,CIO,F,HG3,BCT,WR,NAVSARI,GUJARAT,
8058,DHOLIKUVA,DOLK,F,HG3,BCT,WR,NAVSARI,GUJARAT,
8059,DOSVADA,DSD,F,HG3,BCT,WR,TAPI,GUJARAT,
8060,DUNGARDA,DNGD,F,HG3,BCT,WR,TAPI,GUJARAT,
8061,GANDEVI,GNV,F,HG3,BCT,WR,NAVSARI,GUJARAT,
8062,GANDHISMRITI,GNST,F,HG3,BCT,WR,NAVSARI,GUJARAT,
8063,HOL,HOL,F,HG3,BCT,WR,DHULE,MAHARASHTRA,
8064,JORA-VASAN,JRS,F,HG3,BCT,WR,VALSAD,GUJARAT,
8065,KALA-AMBA,KMB,F,HG3,BCT,WR,NAVSARI,GUJARAT,
8066,KEVDI ROAD,KVO,F,HG3,BCT,WR,SURAT,GUJARAT,
8067,MANGROLIA,MGRL,F,HG3,BCT,WR,SURAT,GUJARAT,
8068,RANKUVA,RW,F,HG3,BCT,WR,NAVSARI,GUJARAT,
8069,SONSHELU,SNSL,F,HG3,BCT,WR,DHULE,MAHARASHTRA,
8070,MUMBAI CENTRAL,MMCT,A1,NSG1,BCT,WR,MUMBAI,MAHARASHTRA,
8071,SURAT,ST,A1,NSG1,BCT,WR,SURAT,GUJARAT,
8072,BANDRA TERMINUS,BDTS,A1,NSG2,BCT,WR,MUMBAI,MAHARASHTRA,
8073,NAVSARI,NVS,A,NSG2,BCT,WR,NAVSARI,GUJARAT,
8074,BILLIMORA JN.,BIM,B,NSG3,BCT,WR,NAVSARI,GUJARAT,
8075,UDHNA JN.,UDN,A,NSG3,BCT,WR,SURAT,GUJARAT,
8076,VALSAD,BL,A,NSG3,BCT,WR,VALSAD,GUJARAT,
8077,VAPI,VAPI,A,NSG3,BCT,WR,VALSAD,GUJARAT,
8078,DONDAICHA,DDE,D,NSG4,BCT,WR,DHULE,MAHARASHTRA,
8079,UDVADA,UVD,B,NSG4,BCT,WR,VALSAD,GUJARAT,
8080,UMBERGAON ROAD,UBR,D,NSG4,BCT,WR,VALSAD,GUJARAT,
8081,AMALNER,AN,D,NSG5,BCT,WR,JALGAON,MAHARASHTRA,
8082,AMALSAD,AML,D,NSG5,BCT,WR,NAVSARI,GUJARAT,
8083,BHILAD,BLD,D,NSG5,BCT,WR,VALSAD,GUJARAT,
8084,CHALTHAN,CHM,D,NSG5,BCT,WR,SURAT,GUJARAT,
8085,DHARANGAON,DXG,D,NSG5,BCT,WR,JALGAON,MAHARASHTRA,
8086,MAROLI,MRL,D,NSG5,BCT,WR,NAVSARI,GUJARAT,
8087,NANDURBAR,NDB,B,NSG5,BCT,WR,NANDURBAR,MAHARASHTRA,
8088,SACHIN,SCH,D,NSG5,BCT,WR,SURAT,GUJARAT,
8089,SANJAN,SJN,D,NSG5,BCT,WR,VALSAD,GUJARAT,
8090,VYARA,VYA,E,NSG5,BCT,WR,TAPI,GUJARAT,
8091,ATUL,ATUL,E,NSG6,BCT,WR,VALSAD,GUJARAT,
8092,BARDOLI,BIY,E,NSG6,BCT,WR,SURAT,GUJARAT,
8093,BHADBHUNJA,BBAI,E,NSG6,BCT,WR,TAPI,GUJARAT,
8094,BHADWAD,BAWD,E,NSG6,BCT,WR,NANDURBAR,MAHARASHTRA,
8095,BHESTAN,BHET,E,NSG6,BCT,WR,SURAT,GUJARAT,
8096,BHORTEX,BRTK,E,NSG6,BCT,WR,JALGAON,MAHARASHTRA,
8097,CHAUPALE,CUE,E,NSG6,BCT,WR,NANDURBAR,MAHARASHTRA,
8098,CHAVALKHEDE,CHLK,E,NSG6,BCT,WR,JALGAON,MAHARASHTRA,
8099,CHINCHPADA,CPD,E,NSG6,BCT,WR,NANDURBAR,MAHARASHTRA,
8100,DHEKVAD,DWD,E,NSG6,BCT,WR,NANDURBAR,MAHARASHTRA,
8101,DUNGRI,DGI,E,NSG6,BCT,WR,VALSAD,GUJARAT,
8102,GANGADHRA,GGAR,E,NSG6,BCT,WR,SURAT,GUJARAT,
8103,GHOLWAD,GVD,D,NSG6,BCT,WR,PALGHAR,MAHARASHTRA,
8104,KAHER,KRAI,E,NSG6,BCT,WR,TAPI,GUJARAT,
8105,KARAMBELI,KEB,E,NSG6,BCT,WR,VALSAD,GUJARAT,
8106,KHANDBARA,KBH,E,NSG6,BCT,WR,NANDURBAR,MAHARASHTRA,
8107,KHATGAON,KHTG,E,NSG6,BCT,WR,NANDURBAR,MAHARASHTRA,
8108,KIKAKUI ROAD,KKRD,E,NSG6,BCT,WR,TAPI,GUJARAT,
8109,KOLDE,KFF,E,NSG6,BCT,WR,NANDURBAR,MAHARASHTRA,
8110,LAKKADKOT,LKKD,E,NSG6,BCT,WR,TAPI,GUJARAT,
8111,MADHI,MID,E,NSG6,BCT,WR,SURAT,GUJARAT,
8112,NARDANA,NDN,D,NSG6,BCT,WR,DHULE,MAHARASHTRA,
8113,NAVAPUR,NWU,D,NSG6,BCT,WR,NANDURBAR,"MAHARASHTRA/GUJARA
T",
8114,PADSE,PDP,E,NSG6,BCT,WR,JALGAON,MAHARASHTRA,
8115,PALDHI,PLD,E,NSG6,BCT,WR,JALGAON,MAHARASHTRA,
8116,PARDI,PAD,E,NSG6,BCT,WR,VALSAD,GUJARAT,
8117,RANALA,RNL,E,NSG6,BCT,WR,NANDURBAR,MAHARASHTRA,
8118,SINDKHEDA,SNK,E,NSG6,BCT,WR,DHULE,MAHARASHTRA,
8119,TAKARKHEDA,TKHE,E,NSG6,BCT,WR,JALGAON,MAHARASHTRA,
8120,TIMBARVA,TBV,E,NSG6,BCT,WR,SURAT,GUJARAT,
8121,TISI,TISI,E,NSG6,BCT,WR,NANDURBAR,MAHARASHTRA,
8122,UKAI SONGADH,USD,E,NSG6,BCT,WR,TAPI,GUJARAT,
8123,UNAI AND VANSDA ROAD,UNI,E,NSG6,BCT,WR,NAVSARI,GUJARAT,
8124,VEDCHHA,VDH,E,NSG6,BCT,WR,VALSAD,GUJARAT,
8125,VIKHRAN ROAD,VKH,E,NSG6,BCT,WR,DHULE,MAHARASHTRA,
8126,WAGHAI,WGI,E,NSG6,BCT,WR,NAVSARI,GUJARAT,
8127,ANDHERI,ADH,C,SG1,BCT,WR,MUMBAI,MAHARASHTRA,
8128,BANDRA,BA,C,SG1,BCT,WR,MUMBAI,MAHARASHTRA,
8129,BHAYANDER,BYR,C,SG1,BCT,WR,MUMBAI,MAHARASHTRA,
8130,BOISAR,BOR,C,SG1,BCT,WR,PALGHAR,MAHARASHTRA,
8131,BORIVALI,BVI,A1,SG1,BCT,WR,MUMBAI,MAHARASHTRA,
8132,CHURCHGATE,CCG,C,SG1,BCT,WR,MUMBAI,MAHARASHTRA,
8133,DADAR,DDR,C,SG1,BCT,WR,MUMBAI,MAHARASHTRA,
8134,DAHISAR,DIC,C,SG1,BCT,WR,MUMBAI,MAHARASHTRA,
8135,GOREGAON,GMN,C,SG1,BCT,WR,MUMBAI,MAHARASHTRA,
8136,JOGESHWARI,JOS,C,SG1,BCT,WR,MUMBAI,MAHARASHTRA,
8137,KANDIVALI,KILE,C,SG1,BCT,WR,MUMBAI,MAHARASHTRA,
8138,KHAR ROAD,KHAR,C,SG1,BCT,WR,MUMBAI,MAHARASHTRA,
8139,MAHIM JN.,MM,C,SG1,BCT,WR,MUMBAI,MAHARASHTRA,
8140,MALAD,MDD,C,SG1,BCT,WR,MUMBAI,MAHARASHTRA,
8141,MIRA ROAD,MIRA,C,SG1,BCT,WR,MUMBAI,MAHARASHTRA,
8142,NALLASOPARA,NSP,C,SG1,BCT,WR,PALGHAR,MAHARASHTRA,
8143,SANTACRUZ,STC,C,SG1,BCT,WR,MUMBAI,MAHARASHTRA,
8144,VASAI ROAD,BSR,C,SG1,BCT,WR,PALGHAR,MAHARASHTRA,
8145,VILLE PARLE,VLP,C,SG1,BCT,WR,MUMBAI,MAHARASHTRA,
8146,VIRAR,VR,C,SG1,BCT,WR,PALGHAR,MAHARASHTRA,
8147,CHARNI ROAD,CYR,C,SG2,BCT,WR,MUMBAI,MAHARASHTRA,
8148,GRANT ROAD,GTR,C,SG2,BCT,WR,MUMBAI,MAHARASHTRA,
8149,LOWER PAREL,PL,C,SG2,BCT,WR,MUMBAI,MAHARASHTRA,
8150,MAHALAXMI,MX,C,SG2,BCT,WR,MUMBAI,MAHARASHTRA,
8151,MARINE LINES,MEL,C,SG2,BCT,WR,MUMBAI,MAHARASHTRA,
8152,MATUNGA ROAD,MRU,C,SG2,BCT,WR,MUMBAI,MAHARASHTRA,
8153,NAIGAON,NIG,C,SG2,BCT,WR,PALGHAR,MAHARASHTRA,
8154,PALGHAR,PLG,C,SG2,BCT,WR,PALGHAR,MAHARASHTRA,
8155,PRABHADEVI,PBHD,C,SG2,BCT,WR,MUMBAI,MAHARASHTRA,
8156,DAHANU ROAD,DRD,C,SG3,BCT,WR,PALGHAR,MAHARASHTRA,
8157,KELVE ROAD,KLV,C,SG3,BCT,WR,PALGHAR,MAHARASHTRA,
8158,RAM MANDIR,RMAR,C,SG3,BCT,WR,MUMBAI,MAHARASHTRA,
8159,SAPHALE,SAH,C,SG3,BCT,WR,PALGHAR,MAHARASHTRA,
8160,UMROLI,UOI,F,SG3,BCT,WR,PALGHAR,MAHARASHTRA,
8161,VAITARNA,VTN,C,SG3,BCT,WR,PALGHAR,MAHARASHTRA,
8162,VANGAON,VGN,C,SG3,BCT,WR,PALGHAR,MAHARASHTRA,
8163,NAR TOWN,NTN,F,HG1,BRC,WR,ANAND,GUJARAT,
8164,AGAS,AGAS,F,HG2,BRC,WR,ANAND,GUJARAT,
8165,JABUGAM,JBU,F,HG2,BRC,WR,VADODARA,GUJARAT,
8166,KARAMSAD,KRYR,NA,HG2,BRC,WR,ANAND,GUJARAT,
8167,PANDORI,PNDR,F,HG2,BRC,WR,AMRELI,GUJARAT,
8168,SANKHEDA BAHADURPUR,SAK,F,HG2,BRC,WR,VADODARA,GUJARAT,
8169,SAYAMA,SAY,F,HG2,BRC,WR,ANAND,GUJARAT,
8170,TARAPUR JN.,TRP,F,HG2,BRC,WR,ANAND,GUJARAT,
8171,TEJGADH,TJH,F,HG2,BRC,WR,CHHOTAUDEPUR,GUJARAT,
8172,YAWARPURA,YVP,F,HG2,BRC,WR,ANAND,GUJARAT,
8173,ALINDRA ROAD,AIR,F,HG3,BRC,WR,VADODARA,GUJARAT,
8174,AMALPUR,AMLP,F,HG3,BRC,WR,VADODARA,GUJARAT,
8175,ANKLAV,ALV,F,HG3,BRC,WR,ANAND,GUJARAT,
8176,BACHAR,BCHR,F,HG3,BRC,WR,VADODARA,GUJARAT,
8177,BARIPUR MANDALA,BRPM,F,HG3,BRC,WR,VADODARA,GUJARAT,
8178,BAYAD,BAYD,A,HG3,BRC,WR,AHMADABAD,GUJARAT,
8179,"BHANER MINAWADA
ROAD",BMVR,F,HG3,BRC,WR,KHEDA,GUJARAT,
8180,BHARTHALI,BRTL,F,HG3,BRC,WR,VADODARA,GUJARAT,
8181,BHATIEL,BHAL,F,HG3,BRC,WR,ANAND,GUJARAT,
8182,BHETASI,BETI,F,HG3,BRC,WR,ANAND,GUJARAT,
8183,BHILAPUR,BILP,F,HG3,BRC,WR,VADODARA,GUJARAT,
8184,BORSAD,BO,F,HG3,BRC,WR,ANAND,GUJARAT,
8185,CHANDOD,CDD,F,HG3,BRC,WR,VADODARA,GUJARAT,
8186,DAVOL,DOW,F,HG3,BRC,WR,ANAND,GUJARAT,
8187,DHANSURA,DNUA,NA,HG3,BRC,WR,ARVALLI,GUJARAT,
8188,JOJWA,JJW,F,HG3,BRC,WR,VADODARA,GUJARAT,
8189,KALITALAWADI,KLWD,F,HG3,BRC,WR,ANAND,GUJARAT,
8190,KAPADVANJ,KVNJ,F,HG3,BRC,WR,KHEDA,GUJARAT,
8191,KASHIPURA,KSUA,NA,HG3,BRC,WR,ANAND,GUJARAT,
8192,KATHLAL,KTAL,F,HG3,BRC,WR,KHEDA,GUJARAT,
8193,KELANPUR,KEP,F,HG3,BRC,WR,VADODARA,GUJARAT,
8194,KUDSAD,KDSD,F,HG3,BRC,WR,SURAT,GUJARAT,
8195,LOTANA,LAN,F,HG3,BRC,WR,VADODARA,GUJARAT,
8196,MAHUDHA,MHUA,F,HG3,BRC,WR,KHEDA,GUJARAT,
8197,MALSAR,MLSR,F,HG3,BRC,WR,VADODARA,GUJARAT,
8198,MODASA,MDSA,F,HG3,BRC,WR,ARVALLI,GUJARAT,
8199,MOTI KORAL,MKRL,F,HG3,BRC,WR,VADODARA,GUJARAT,
8200,NADA,NADA,F,HG3,BRC,WR,BHARUCH,GUJARAT,
8201,NARESHWAR ROAD,NRUR,F,HG3,BRC,WR,VADODARA,GUJARAT,
8202,PARIKHA,PRKA,F,HG3,BRC,WR,VADODARA,GUJARAT,
8203,PUNIYAVANT,PQT,F,HG3,BRC,WR,CHHOTAUDEPUR,GUJARAT,
8204,SANIYAD,SNAD,F,HG3,BRC,WR,VADODARA,GUJARAT,
8205,SINOR,SINR,F,HG3,BRC,WR,VADODARA,GUJARAT,
8206,SUSKAL,SSKL,F,HG3,BRC,WR,VADODARA,GUJARAT,
8207,THUWAVI,TWV,A,HG3,BRC,WR,AHMADABAD,GUJARAT,
8208,VADAJ,VRJ,F,HG3,BRC,WR,VADODARA,GUJARAT,
8209,VADALI LUTER ROAD,VLTR,F,HG3,BRC,WR,KHEDA,GUJARAT,
8210,VADHVANA,VAN,F,HG3,BRC,WR,VADODARA,GUJARAT,
8211,VIRSAD,VRS,F,HG3,BRC,WR,ANAND,GUJARAT,
8212,VADODARA JN.,BRC,A1,NSG2,BRC,WR,VADODARA,GUJARAT,
8213,ANAND JN.,ANND,A,NSG3,BRC,WR,ANAND,GUJARAT,
8214,ANKLESHWAR JN.,AKV,A,NSG3,BRC,WR,BHARUCH,GUJARAT,
8215,BHARUCH JN.,BH,A,NSG3,BRC,WR,BHARUCH,GUJARAT,
8216,NADIAD JN.,ND,A,NSG3,BRC,WR,KHEDA,GUJARAT,
8217,KIM,KIM,D,NSG4,BRC,WR,SURAT,GUJARAT,
8218,KOSAMBA JN.,KSB,D,NSG4,BRC,WR,SURAT,GUJARAT,
8219,"MAHEMADAVAD KHEDA
RO",MHD,D,NSG4,BRC,WR,KHEDA,GUJARAT,
8220,MIYAGAM KARJAN JN.,MYG,D,NSG4,BRC,WR,VADODARA,GUJARAT,
8221,DEROL,DRL,D,NSG5,BRC,WR,PANCH MAHALS,GUJARAT,
8222,GODHRA JN.,GDA,B,NSG5,BRC,WR,PANCH MAHALS,GUJARAT,
8223,KHAMBHAT,CBY,D,NSG5,BRC,WR,ANAND,GUJARAT,
8224,PALEJ,PLJ,D,NSG5,BRC,WR,BHARUCH,GUJARAT,
8225,PETLAD JN.,PTD,E,NSG5,BRC,WR,ANAND,GUJARAT,
8226,VISHVAMITRI JN,VS,D,NSG5,BRC,WR,VADODARA,GUJARAT,
8227,ADAS ROAD,ADD,E,NSG6,BRC,WR,ANAND,GUJARAT,
8228,ANGADI,AGCI,E,NSG6,BRC,WR,KHEDA,GUJARAT,
8229,BAJVA,BJW,E,NSG6,BRC,WR,VADODARA,GUJARAT,
8230,BAKROL,BKRL,E,NSG6,BRC,WR,PANCH MAHALS,GUJARAT,
8231,BAREJADI (NANDEJ),BJD,E,NSG6,BRC,WR,AHMADABAD,GUJARAT,
8232,BHALEJ,BAJ,E,NSG6,BRC,WR,ANAND,GUJARAT,
8233,Bhatpur,BTPR,,NSG6,BRC,WR,,GUJARAT,
8234,BOCHASAN JN.,BCHN,E,NSG6,BRC,WR,ANAND,GUJARAT,
8235,BODELI,BDE,E,NSG6,BRC,WR,VADODARA,GUJARAT,
8236,CHAMPANER ROAD JN.,CPN,E,NSG6,BRC,WR,VADODARA,GUJARAT,
8237,CHAVAJ,CVJ,F,NSG6,BRC,WR,BHARUCH,GUJARAT,
8238,CHHAYAPURI,CYI,E,NSG6,BRC,WR,VADODARA,GUJARAT,
8239,CHHOTA UDEPUR,CTD,E,NSG6,BRC,WR,CHHOTAUDEPUR,GUJARAT,
8240,CHHUCHHAPURA JN.,CCP,E,NSG6,BRC,WR,VADODARA,GUJARAT,
8241,CHORANDA JN.,CRND,E,NSG6,BRC,WR,VADODARA,GUJARAT,
8242,DABHOI JN.,DB,E,NSG6,BRC,WR,VADODARA,GUJARAT,
8243,DAHEJ,DGFJ,NA,NSG6,BRC,WR,BHARUCH,GUJARAT,
8244,DAKOR,DK,E,NSG6,BRC,WR,KHEDA,GUJARAT,
8245,GERATPUR,GER,E,NSG6,BRC,WR,AHMADABAD,GUJARAT,
8246,GOTHAJ,GTE,E,NSG6,BRC,WR,KHEDA,GUJARAT,
8247,GOTHANGAM,GTX,E,NSG6,BRC,WR,SURAT,GUJARAT,
8248,HATHURAN,HAT,E,NSG6,BRC,WR,SURAT,GUJARAT,
8249,ITOLA,ITA,E,NSG6,BRC,WR,VADODARA,GUJARAT,
8250,KANIJ,KANJ,E,NSG6,BRC,WR,KHEDA,GUJARAT,
8251,KANJARI BORIYAVI,KBRV,E,NSG6,BRC,WR,KHEDA,GUJARAT,
8252,KASHIPURA SARAR,KSPR,E,NSG6,BRC,WR,VADODARA,GUJARAT,
8253,KATHANA,KTNA,E,NSG6,BRC,WR,ANAND,GUJARAT,
8254,KHARSALIYA,KRSA,E,NSG6,BRC,WR,PANCH MAHALS,GUJARAT,
8255,KOSAD,KSE,E,NSG6,BRC,WR,SURAT,GUJARAT,
8256,LAKODRA,LKD,E,NSG6,BRC,WR,VADODARA,GUJARAT,
8257,MAKARPURA,MPR,E,NSG6,BRC,WR,VADODARA,GUJARAT,
8258,NABIPUR,NIU,E,NSG6,BRC,WR,BHARUCH,GUJARAT,
8259,NANDESARI,NDR,E,NSG6,BRC,WR,VADODARA,GUJARAT,
8260,NENPUR,NEP,E,NSG6,BRC,WR,KHEDA,GUJARAT,
8261,ODE,ODE,E,NSG6,BRC,WR,ANAND,GUJARAT,
8262,PANOLI,PAO,E,NSG6,BRC,WR,BHARUCH,GUJARAT,
8263,PAVI,PAVI,E,NSG6,BRC,WR,VADODARA,GUJARAT,
8264,PILOL,PIO,E,NSG6,BRC,WR,VADODARA,GUJARAT,
8265,PRATAP NAGAR,PRTN,E,NSG6,BRC,WR,VADODARA,GUJARAT,
8266,RANOLI,RNO,E,NSG6,BRC,WR,VADODARA,GUJARAT,
8267,SADANAPURA,SNA,E,NSG6,BRC,WR,ANAND,GUJARAT,
8268,SAMLAYA JN.,SMLA,E,NSG6,BRC,WR,VADODARA,GUJARAT,
8269,SAYAN,SYN,E,NSG6,BRC,WR,SURAT,GUJARAT,
8270,SEVALIYA,SVL,E,NSG6,BRC,WR,PANCH MAHALS,GUJARAT,
8271,THASRA,TAS,E,NSG6,BRC,WR,KHEDA,GUJARAT,
8272,TIMBA ROAD,TBA,E,NSG6,BRC,WR,PANCH MAHALS,GUJARAT,
8273,TUWA,TUWA,NA,NSG6,BRC,WR,PANCH MAHALS,GUJARAT,
8274,UMRETH,UMH,E,NSG6,BRC,WR,ANAND,GUJARAT,
8275,UTARSANDA,UTD,E,NSG6,BRC,WR,KHEDA,GUJARAT,
8276,UTRAN,URN,E,NSG6,BRC,WR,SURAT,GUJARAT,
8277,VADOD,VXD,E,NSG6,BRC,WR,ANAND,GUJARAT,
8278,VALLABH-VIDHYA NAGAR,VLYN,E,NSG6,BRC,WR,ANAND,GUJARAT,
8279,VAREDIYA,VRE,E,NSG6,BRC,WR,BHARUCH,GUJARAT,
8280,VARNAMA,VRM,E,NSG6,BRC,WR,VADODARA,GUJARAT,
8281,VASAD JN.,VDA,E,NSG6,BRC,WR,ANAND,GUJARAT,
8282,VAVADI KHURD,VKG,E,NSG6,BRC,WR,PANCH MAHALS,GUJARAT,
8283,EKTA NAGAR,EKNR,NA,,BRC,WR,NARMADA,GUJARAT,
8284,MIYAGAM KARJAN JN.,MYGL,A,,BRC,WR,AHMADABAD,GUJARAT,
8285,MORIYA,MORY,NA,,BRC,WR,BANAS KANTHA,GUJARAT,
8286,MOTISADHLI,MTSI,E,,BRC,WR,CHHOTAUDEPUR,GUJARAT,
8287,PADALIYA ROAD,PLRD,E,,BRC,WR,CHHOTAUDEPUR,GUJARAT,
8288,TILAKWADA,TKWA,NA,,BRC,WR,NARMADA,GUJARAT,
8289,AMRELI PARA,AEP,F,HG2,BVP,WR,AMRELI,GUJARAT,
8290,ARNEJ,AEJ,F,HG2,BVP,WR,KHEDA,GUJARAT,
8291,BADODAR,BDDR,F,HG2,BVP,WR,JUNAGADH,GUJARAT,
8292,DUNGAR JN.,DGJ,F,HG2,BVP,WR,AMRELI,GUJARAT,
8293,GIR GADHARA,GEG,A,HG2,BVP,WR,AHMADABAD,GUJARAT,
8294,HADMADIYA,HRM,A,HG2,BVP,WR,AHMADABAD,GUJARAT,
8295,KOTHARIYA,RKY,F,HG2,BVP,WR,RAJKOT,GUJARAT,
8296,MADHADA,MDHA,F,HG2,BVP,WR,BHAVNAGAR,GUJARAT,
8297,TARSAI,TRSR,F,HG2,BVP,WR,JAMNAGAR,GUJARAT,
8298,AMRITVEL,AVL,F,HG3,BVP,WR,BHAVNAGAR,GUJARAT,
8299,BADHADA,BDHA,F,HG3,BVP,WR,AMRELI,GUJARAT,
8300,BAJUD,BJUD,F,HG3,BVP,WR,BHAVNAGAR,GUJARAT,
8301,BANDHNATH,BNTH,E,HG3,BVP,WR,JUNAGADH,GUJARAT,
8302,BHEMSWADI,BSWD,F,HG3,BVP,WR,AMRELI,GUJARAT,
8303,CHITRAWAD,CTRD,F,HG3,BVP,WR,GIR SOMNATH,GUJARAT,
8304,CHOKI SORATH,CKE,F,HG3,BVP,WR,JUNAGADH,GUJARAT,
8305,DHOLI (BHAL),DIBL,F,HG3,BVP,WR,AHMADABAD,GUJARAT,
8306,GHATWAD,GTWD,A,HG3,BVP,WR,AHMADABAD,GUJARAT,
8307,GIR HADMATIYA,GRHM,A,HG3,BVP,WR,AHMADABAD,GUJARAT,
8308,GODHANESWAR,GS,A,HG3,BVP,WR,AHMADABAD,GUJARAT,
8309,GOMTA,GTT,A,HG3,BVP,WR,AHMADABAD,GUJARAT,
8310,HATHIGADH,HTGR,A,HG3,BVP,WR,AHMADABAD,GUJARAT,
8311,INGORALA,IGRL,F,HG3,BVP,WR,BHAVNAGAR,GUJARAT,
8312,JAMBUR,JBB,F,HG3,BVP,WR,JUNAGADH,GUJARAT,
8313,JAMWALA,JVL,F,HG3,BVP,WR,GIR SOMNATH,GUJARAT,
8314,JASHAPAR,JSPR,F,HG3,BVP,WR,JAMNAGAR,GUJARAT,
8315,JETALVAD,JTV,F,HG3,BVP,WR,JUNAGADH,GUJARAT,
8316,JIRA ROAD,JIR,F,HG3,BVP,WR,AMRELI,GUJARAT,
8317,JUNICHAVAND,JCN,F,HG3,BVP,WR,JUNAGADH,GUJARAT,
8318,KANAD,KNAD,F,HG3,BVP,WR,BHAVNAGAR,GUJARAT,
8319,KATHKOLA,KTLA,F,HG3,BVP,WR,JAMNAGAR,GUJARAT,
8320,LOLIYA,LO,F,HG3,BVP,WR,SURENDRANAGAR,GUJARAT,
8321,MARIYANA,MRYA,F,HG3,BVP,WR,AMRELI,GUJARAT,
8322,MOTA-JADRA,MQZ,F,HG3,BVP,WR,BHAVNAGAR,GUJARAT,
8323,PANCHTALAVDA ROAD,PCT,F,HG3,BVP,WR,AMRELI,GUJARAT,
8324,RANA BORDI,RNBD,F,HG3,BVP,WR,PORBANDAR,GUJARAT,
8325,RAYAKA,RY,F,HG3,BVP,WR,AHMADABAD,GUJARAT,
8326,SAJANVAV ROAD,SJF,F,HG3,BVP,WR,AMRELI,GUJARAT,
8327,SAKHPUR,SKR,F,HG3,BVP,WR,PORBANDAR,GUJARAT,
8328,SANDHANIDHAR,SDHR,F,HG3,BVP,WR,GIR SOMNATH,GUJARAT,
8329,SUPEDI,SPD,F,HG3,BVP,WR,RAJKOT,GUJARAT,
8330,TORNIYA,TORA,F,HG3,BVP,WR,JUNAGADH,GUJARAT,
8331,VADIYA DEVLI,VDV,F,HG3,BVP,WR,AMRELI,GUJARAT,
8332,VALADAR,VLDR,F,HG3,BVP,WR,GIR SOMNATH,GUJARAT,
8333,VAVERA,VVV,F,HG3,BVP,WR,AMRELI,GUJARAT,
8334,VEJALKA,VJK,F,HG3,BVP,WR,SURENDRANAGAR,GUJARAT,
8335,BHAVNAGAR TERMINUS,BVC,A,NSG4,BVP,WR,BHAVNAGAR,GUJARAT,
8336,BOTAD JN.,BTD,B,NSG4,BVP,WR,BOTAD,GUJARAT,
8337,JUNAGADH JN.,JND,B,NSG4,BVP,WR,JUNAGADH,GUJARAT,
8338,PALITANA,PIT,E,NSG4,BVP,WR,BHAVNAGAR,GUJARAT,
8339,PORBANDAR,PBR,B,NSG4,BVP,WR,PORBANDAR,GUJARAT,
8340,Somnath,SMNH,,NSG4,BVP,WR,,GUJARAT,
8341,VERAVAL,VRL,A,NSG4,BVP,WR,GIR SOMNATH,GUJARAT,
8342,BHAVANAGAR PARA,BVP,D,NSG5,BVP,WR,BHAVNAGAR,GUJARAT,
8343,DHOLA JN.,DLJ,D,NSG5,BVP,WR,BHAVNAGAR,GUJARAT,
8344,GANDHIGRAM,GG,D,NSG5,BVP,WR,AHMADABAD,GUJARAT,
8345,GONDAL,GDL,B,NSG5,BVP,WR,RAJKOT,GUJARAT,
8346,JETALSAR JN.,JLR,D,NSG5,BVP,WR,RAJKOT,GUJARAT,
8347,JORAVARNAGAR,JVN,F,NSG5,BVP,WR,SURENDRANAGAR,GUJARAT,
8348,KESHOD,KSD,B,NSG5,BVP,WR,JUNAGADH,GUJARAT,
8349,LIMBDI,LM,D,NSG5,BVP,WR,SURENDRANAGAR,GUJARAT,
8350,MALIYA HATINA,MLHA,D,NSG5,BVP,WR,JUNAGADH,GUJARAT,
8351,NAVAGADH,NUD,F,NSG5,BVP,WR,RAJKOT,GUJARAT,
8352,SAVARKUNDLA,SVKD,NA,NSG5,BVP,WR,AMRELI,GUJARAT,
8353,SIHOR JN,SOJN,D,NSG5,BVP,WR,BHAVNAGAR,GUJARAT,
8354,SONGADH,SGD,D,NSG5,BVP,WR,BHAVNAGAR,GUJARAT,
8355,ADARI ROAD,ADE,E,NSG6,BVP,WR,JUNAGADH,GUJARAT,
8356,ALAMPUR,ALMR,E,NSG6,BVP,WR,BHAVNAGAR,GUJARAT,
8357,ALAU,AAZ,-,NSG6,BVP,WR,BOTAD,GUJARAT,
8358,AMRELI,AE,E,NSG6,BVP,WR,AMRELI,GUJARAT,
8359,BALWA,WAB,E,NSG6,BVP,WR,JAMNAGAR,GUJARAT,
8360,BAVLA,VLA,E,NSG6,BVP,WR,AHMADABAD,GUJARAT,
8361,BHADER,BADR,E,NSG6,BVP,WR,AMRELI,GUJARAT,
8362,BHANVAD,BNVD,D,NSG6,BVP,WR,JAMNAGAR,GUJARAT,
8363,BHAYAVADAR,BHY,HA,NSG6,BVP,WR,RAJKOT,GUJARAT,
8364,BHIMNATH,BNH,E,NSG6,BVP,WR,AHMADABAD,GUJARAT,
8365,BILKHA,BILK,E,NSG6,BVP,WR,JUNAGADH,GUJARAT,
8366,CHALALA,CLC,E,NSG6,BVP,WR,AMRELI,GUJARAT,
8367,CHANDARAVA,CDV,-,NSG6,BVP,WR,BOTAD,GUJARAT,
8368,CHITAL,CTL,E,NSG6,BVP,WR,AMRELI,GUJARAT,
8369,CHORWAD ROAD.,CVR,E,NSG6,BVP,WR,GIR SOMNATH,GUJARAT,
8370,CHUDA,CDA,E,NSG6,BVP,WR,SURENDRANAGAR,GUJARAT,
8371,DAMNAGAR,DME,E,NSG6,BVP,WR,AMRELI,GUJARAT,
8372,DELVADA,DVA,E,NSG6,BVP,WR,GIR SOMNATH,GUJARAT,
8373,DHANDHUKA,DCK,D,NSG6,BVP,WR,AHMADABAD,GUJARAT,
8374,DHARI,DARI,E,NSG6,BVP,WR,AMRELI,GUJARAT,
8375,DHASA JN.,DAS,E,NSG6,BVP,WR,BOTAD,GUJARAT,
8376,DHOLKA,DOK,E,NSG6,BVP,WR,AHMADABAD,GUJARAT,
8377,DHORAJI,DJI,E,NSG6,BVP,WR,RAJKOT,GUJARAT,
8378,GADHAKDA,GKD,E,NSG6,BVP,WR,AMRELI,GUJARAT,
8379,GOP JAM,GPP,E,NSG6,BVP,WR,JAMNAGAR,GUJARAT,
8380,HADALA BHAL,HLB,E,NSG6,BVP,WR,SURENDRANAGAR,GUJARAT,
8381,JALILA ROAD,JIL,E,NSG6,BVP,WR,BOTAD,GUJARAT,
8382,JALIYA,JA,E,NSG6,BVP,WR,BHAVNAGAR,GUJARAT,
8383,JAM JODHPUR,JDH,E,NSG6,BVP,WR,JAMNAGAR,GUJARAT,
8384,JETPUR,JTP,E,NSG6,BVP,WR,RAJKOT,GUJARAT,
8385,KANSIYA NES,KANS,E,NSG6,BVP,WR,GIR SOMNATH,GUJARAT,
8386,KHAKHRAIYA,KKK,E,NSG6,BVP,WR,AMRELI,GUJARAT,
8387,KHIJADIYA JN.,KJV,E,NSG6,BVP,WR,AMRELI,GUJARAT,
8388,KHODIYAR-MANDIR,KDMR,E,NSG6,BVP,WR,BHAVNAGAR,GUJARAT,
8389,KODINAR,KODR,E,NSG6,BVP,WR,AHMADABAD,GUJARAT,
8390,KOTHA GANGAD,KTGD,E,NSG6,BVP,WR,AHMADABAD,GUJARAT,
8391,KUNDLI,KDI,E,NSG6,BVP,WR,BOTAD,GUJARAT,
8392,KUNKAVAV JN.,KKV,E,NSG6,BVP,WR,AMRELI,GUJARAT,
8393,LALPUR JAM,LPJ,E,NSG6,BVP,WR,JAMNAGAR,GUJARAT,
8394,LATHI,LAT,E,NSG6,BVP,WR,AMRELI,GUJARAT,
8395,LATHIDAD,LTD,E,NSG6,BVP,WR,BOTAD,GUJARAT,
8396,LILIYA MOTA,LMO,E,NSG6,BVP,WR,AMRELI,GUJARAT,
8397,LOTHAL BHURKHI,LHBK,E,NSG6,BVP,WR,AHMADABAD,GUJARAT,
8398,LUNIDHAR,LDU,E,NSG6,BVP,WR,AMRELI,GUJARAT,
8399,LUSHALA,LAL,E,NSG6,BVP,WR,JUNAGADH,GUJARAT,
8400,MAHUVA JN.,MHV,D,NSG6,BVP,WR,BHAVNAGAR,GUJARAT,
8401,MORAIYA,MORA,E,NSG6,BVP,WR,AHMADABAD,GUJARAT,
8402,NINGALA,NGA,E,NSG6,BVP,WR,BHAVNAGAR,GUJARAT,
8403,PANELI MOTI,PLM,E,NSG6,BVP,WR,RAJKOT,GUJARAT,
8404,PRACHI ROAD JN.,PCC,E,NSG6,BVP,WR,GIR SOMNATH,GUJARAT,
8405,RAJULA CITY,RJU,E,NSG6,BVP,WR,AMRELI,GUJARAT,
8406,RAJULA JN.,RLA,E,NSG6,BVP,WR,AMRELI,GUJARAT,
8407,RANAVAV,RWO,E,NSG6,BVP,WR,PORBANDAR,GUJARAT,
8408,RANPUR,RUR,E,NSG6,BVP,WR,BOTAD,GUJARAT,
8409,RIBADA,RBR,E,NSG6,BVP,WR,RAJKOT,GUJARAT,
8410,SANOSRA,SOA,E,NSG6,BVP,WR,BHAVNAGAR,GUJARAT,
8411,SARANGPUR ROAD,SAPR,E,NSG6,BVP,WR,SURENDRANAGAR,GUJARAT,
8412,SARKHEJ,SEJ,E,NSG6,BVP,WR,AHMADABAD,GUJARAT,
8413,SASAN GIR,SASG,E,NSG6,BVP,WR,GIR SOMNATH,GUJARAT,
8414,SATADHAR,STDR,E,NSG6,BVP,WR,JUNAGADH,GUJARAT,
8415,SAVNI,SVB,E,NSG6,BVP,WR,GIR SOMNATH,GUJARAT,
8416,SHAPUR,SHH,E,NSG6,BVP,WR,JUNAGADH,GUJARAT,
8417,SURENDRANAGAR GATE,SRGT,F,NSG6,BVP,WR,SURENDRANAGAR,GUJARAT,
8418,TAGDI,TID,E,NSG6,BVP,WR,AHMADABAD,GUJARAT,
8419,TALALA JN.,TAV,E,NSG6,BVP,WR,GIR SOMNATH,GUJARAT,
8420,UJALVAV,UJ,E,NSG6,BVP,WR,BHAVNAGAR,GUJARAT,
8421,UNA,UNA,F,NSG6,BVP,WR,GIR SOMNATH,GUJARAT,
8422,UPLETA,UA,E,NSG6,BVP,WR,RAJKOT,GUJARAT,
8423,VADAL,VAL,E,NSG6,BVP,WR,JUNAGADH,GUJARAT,
8424,VARTEJ,VTJ,E,NSG6,BVP,WR,BHAVNAGAR,GUJARAT,
8425,VASTRAPUR,VTP,F,NSG6,BVP,WR,AHMADABAD,GUJARAT,
8426,VAVDI,VVD,E,NSG6,BVP,WR,AMRELI,GUJARAT,
8427,VIJPADI ROAD,VJD,E,NSG6,BVP,WR,AMRELI,GUJARAT,
8428,VIRPUR,VRR,E,NSG6,BVP,WR,RAJKOT,GUJARAT,
8429,VISAVADAR,VSW,E,NSG6,BVP,WR,JUNAGADH,GUJARAT,
8430,WADHWAN CITY,WC,E,NSG6,BVP,WR,SURENDRANAGAR,GUJARAT,
8431,WANSJALIYA JN.,WSJ,E,NSG6,BVP,WR,JAMNAGAR,GUJARAT,
8432,MATODA,MQA,A,,BVP,WR,AHMADABAD,GUJARAT,
8433,DHUVA,DU,F,HG3,RJT,WR,MORBI,GUJARAT,
8434,RAFLESHWAR,RF,F,HG3,RJT,WR,MORBI,GUJARAT,
8435,RAJKOT JN.,RJT,A1,NSG2,RJT,WR,RAJKOT,GUJARAT,
8436,JAMNAGAR,JAM,A,NSG3,RJT,WR,JAMNAGAR,GUJARAT,
8437,DWARKA,DWK,B,NSG4,RJT,WR,DEVBHUMI DWARKA,GUJARAT,
8438,SURENDRANAGAR,SUNR,A,NSG4,RJT,WR,SURENDRANAGAR,GUJARAT,
8439,BHAKTINAGAR,BKNG,D,NSG5,RJT,WR,RAJKOT,GUJARAT,
8440,HAPA,HAPA,E,NSG5,RJT,WR,JAMNAGAR,GUJARAT,
8441,KANALUS,KNLS,E,NSG5,RJT,WR,JAMNAGAR,GUJARAT,
8442,KHAMBHALIYA,KMBL,D,NSG5,RJT,WR,DEVBHUMI DWARKA,GUJARAT,
8443,MITHAPUR,MTHP,D,NSG5,RJT,WR,DEVBHUMI DWARKA,GUJARAT,
8444,MORBI,MVI,D,NSG5,RJT,WR,MORBI,GUJARAT,
8445,OKHA,OKHA,B,NSG5,RJT,WR,DEVBHUMI DWARKA,GUJARAT,
8446,PADADHARI,PDH,E,NSG5,RJT,WR,RAJKOT,GUJARAT,
8447,THAN JN.,THAN,D,NSG5,RJT,WR,SURENDRANAGAR,GUJARAT,
8448,WANKANER JN.,WKR,B,NSG5,RJT,WR,MORBI,GUJARAT,
8449,ALIYAWADA,ALB,E,NSG6,RJT,WR,JAMNAGAR,GUJARAT,
8450,AMARSAR,AXA,E,NSG6,RJT,WR,MORBI,GUJARAT,
8451,BALA ROAD,BLRD,E,NSG6,RJT,WR,SURENDRANAGAR,GUJARAT,
8452,BARWALA ROAD,BRL,HA,NSG6,RJT,WR,AHMADABAD,GUJARAT,
8453,BHATEL,BHTL,E,NSG6,RJT,WR,DEVBHUMI DWARKA,GUJARAT,
8454,BHATIYA,BHTA,E,NSG6,RJT,WR,DEVBHUMI DWARKA,GUJARAT,
8455,BHOPALKA,BPKA,E,NSG6,RJT,WR,DEVBHUMI DWARKA,GUJARAT,
8456,BILESHWAR,BLWR,E,NSG6,RJT,WR,RAJKOT,GUJARAT,
8457,CHAMARAJ,CJR,E,NSG6,RJT,WR,SURENDRANAGAR,GUJARAT,
8458,CHANOL,CX,E,NSG6,RJT,WR,RAJKOT,GUJARAT,
8459,DAHINSARA JN.,DAC,E,NSG6,RJT,WR,RAJKOT,GUJARAT,
8460,DALADI,DL,E,NSG6,RJT,WR,MORBI,GUJARAT,
8461,DIGSAR,DXR,F,NSG6,RJT,WR,SURENDRANAGAR,GUJARAT,
8462,GORINJA,GRJA,E,NSG6,RJT,WR,DEVBHUMI DWARKA,GUJARAT,
8463,HADMATIYA JN.,HM,E,NSG6,RJT,WR,RAJKOT,GUJARAT,
8464,JALIYA DEVANI,JALD,E,NSG6,RJT,WR,RAJKOT,GUJARAT,
8465,JAM WANTHALI,WTJ,E,NSG6,RJT,WR,JAMNAGAR,GUJARAT,
8466,KANAKOT,KNKT,E,NSG6,RJT,WR,MORBI,GUJARAT,
8467,KHANDERI,KHDI,E,NSG6,RJT,WR,RAJKOT,GUJARAT,
8468,KHORANA,KHC,E,NSG6,RJT,WR,RAJKOT,GUJARAT,
8469,LAKHABAWAL,LKBL,E,NSG6,RJT,WR,JAMNAGAR,GUJARAT,
8470,LAKHAMANCHI,LMC,E,NSG6,RJT,WR,SURENDRANAGAR,GUJARAT,
8471,LAKHTAR,LTR,E,NSG6,RJT,WR,SURENDRANAGAR,GUJARAT,
8472,LILAPUR ROAD,LPR,E,NSG6,RJT,WR,SURENDRANAGAR,GUJARAT,
8473,LUNSARIYA,LXR,E,NSG6,RJT,WR,MORBI,GUJARAT,
8474,MAKANSAR,MU,E,NSG6,RJT,WR,MORBI,GUJARAT,
8475,MODPUR,MDPR,E,NSG6,RJT,WR,JAMNAGAR,GUJARAT,
8476,MULI ROAD,MOL,E,NSG6,RJT,WR,SURENDRANAGAR,GUJARAT,
8477,NAZARBAG,NZG,HA,NSG6,RJT,WR,MORBI,GUJARAT,
8478,OKHA MADHI,OKD,HA,NSG6,RJT,WR,DEVBHUMI DWARKA,GUJARAT,
8479,PIPLI,PPLI,E,NSG6,RJT,WR,JAMNAGAR,GUJARAT,
8480,RAMPARDA,RA,E,NSG6,RJT,WR,SURENDRANAGAR,GUJARAT,
8481,SABLI ROAD,SR,E,NSG6,RJT,WR,SURENDRANAGAR,GUJARAT,
8482,SINDHAWADAR,SDD,E,NSG6,RJT,WR,MORBI,GUJARAT,
8483,VAGDIYA,VD,E,NSG6,RJT,WR,SURENDRANAGAR,GUJARAT,
8484,VANI ROAD,VNRD,E,NSG6,RJT,WR,SURENDRANAGAR,GUJARAT,
8485,VAVANIYA,WWA,NA,NSG6,RJT,WR,MORBI,GUJARAT,
8486,KACHNARA,KHNR,F,HG2,RTM,WR,MANDSAUR,MADHYA PRADESH,
8487,OSRA,OSRA,A,HG2,RTM,WR,Indore,MADHYA PRADESH,
8488,AJIT KHERI,AJKI,A,HG3,RTM,WR,,MADHYA PRADESH,
8489,BALAUDA TAKUN,BLDK,A,HG3,RTM,WR,Indore,MADHYA PRADESH,
8490,BHATISUDA HALT,BTSD,A,HG3,RTM,WR,Ujjain,MADHYA PRADESH,
8491,CHAKROD,CKOD,A,HG3,RTM,WR,SHAJAPUR,MADHYA PRADESH,
8492,CHINTAMAN GANESH,CNN,A,HG3,RTM,WR,Ujjain,MADHYA PRADESH,
8493,DONTA,DON,F,HG3,RTM,WR,DEWAS,MADHYA PRADESH,
8494,HARANYAKHERI,HKH,E,HG3,RTM,WR,INDORE,MADHYA PRADESH,
8495,KISONI,KONY,A,HG3,RTM,WR,Shajapur,MADHYA PRADESH,
8496,KOTLAKHERI,KTKH,A,HG3,RTM,WR,KHARGONE,MADHYA PRADESH,
8497,LEKODA,LOD,F,HG3,RTM,WR,UJJAIN,MADHYA PRADESH,
8498,LOKMANYA NAGAR,LKMN,A,HG3,RTM,WR,Indore,MADHYA PRADESH,
8499,MOHAMMADKHERA,MQE,A,HG3,RTM,WR,Shajapur,GUJARAT,
8500,PIR JHALAR,PJH,F,HG3,RTM,WR,UJJAIN,MADHYA PRADESH,
8501,PRITAM NAGAR,PRNG,A,HG3,RTM,WR,RATLAM,MADHYA PRADESH,
8502,SAIFEE NAGAR HALT,SFNR,HA,HG3,RTM,WR,INDORE,MADHYA PRADESH,
8503,SHIVPURA,SVT,A,HG3,RTM,WR,UJJAIN,MADHYA PRADESH,
8504,SUNDERABAD,SNBD,A,HG3,RTM,WR,Ujjain,MADHYA PRADESH,
8505,UNDASA MADHAWAPU,UDM,A,HG3,RTM,WR,Ujjain,MADHYA PRADESH,
8506,INDORE JN.,INDB,A1,NSG2,RTM,WR,INDORE,MADHYA PRADESH,
8507,UJJAIN JN.,UJN,A,NSG2,RTM,WR,UJJAIN,MADHYA PRADESH,
8508,CHITTAURGARH,COR,A,NSG3,RTM,WR,CHITTORGARH,RAJASTHAN,
8509,RATLAM JN.,RTM,A,NSG3,RTM,WR,RATLAM,MADHYA PRADESH,
8510,DAHOD,DHD,B,NSG4,RTM,WR,DOHAD,GUJARAT,
8511,DEWAS,DWX,B,NSG4,RTM,WR,DEWAS,MADHYA PRADESH,
8512,MANDSOR,MDS,B,NSG4,RTM,WR,MANDSAUR,MADHYA PRADESH,
8513,NAGDA JN.,NAD,A,NSG4,RTM,WR,UJJAIN,MADHYA PRADESH,
8514,NIMACH,NMH,B,NSG4,RTM,WR,NEEMUCH,MADHYA PRADESH,
8515,AKODIA,AKD,D,NSG5,RTM,WR,SHAJAPUR,MADHYA PRADESH,
8516,BAMNIA,BMI,D,NSG5,RTM,WR,JHABUA,MADHYA PRADESH,
8517,BERCHHA,BCH,E,NSG5,RTM,WR,SHAJAPUR,MADHYA PRADESH,
8518,CHANDERIYA,CNA,E,NSG5,RTM,WR,CHITTORGARH,RAJASTHAN,
8519,DR AMBEDKAR NGR,DADN,B,NSG5,RTM,WR,INDORE,MADHYA PRADESH,
8520,JAORA,JAO,D,NSG5,RTM,WR,RATLAM,MADHYA PRADESH,
8521,KALAPIPAL,KPP,D,NSG5,RTM,WR,SHAJAPUR,MADHYA PRADESH,
8522,KHACHROD,KUH,D,NSG5,RTM,WR,UJJAIN,MADHYA PRADESH,
8523,LIMKHEDA,LMK,E,NSG5,RTM,WR,DOHAD,GUJARAT,
8524,MAKSI,MKC,D,NSG5,RTM,WR,SHAJAPUR,MADHYA PRADESH,
8525,MEGHNAGAR,MGN,D,NSG5,RTM,WR,JHABUA,MADHYA PRADESH,
8526,NIMBAHERA,NBH,D,NSG5,RTM,WR,CHITTORGARH,RAJASTHAN,
8527,PIPLIA,PIP,E,NSG5,RTM,WR,MANDSAUR,MADHYA PRADESH,
8528,SEHORE,SEH,E,NSG5,RTM,WR,SEHORE,MADHYA PRADESH,
8529,SHUJALPUR,SJP,D,NSG5,RTM,WR,SHAJAPUR,MADHYA PRADESH,
8530,THANDLA ROAD,THDR,D,NSG5,RTM,WR,JHABUA,MADHYA PRADESH,
8531,AJANTI,ANI,E,NSG6,RTM,WR,EAST NIMAR,MADHYA PRADESH,
8532,AJNOD,AJN,E,NSG6,RTM,WR,INDORE,MADHYA PRADESH,
8533,AMARGARH,AGR,E,NSG6,RTM,WR,JHABUA,MADHYA PRADESH,
8534,ANAS,ANAS,E,NSG6,RTM,WR,DOHAD,GUJARAT,
8535,ASLAODA,ASL,E,NSG6,RTM,WR,UJJAIN,MADHYA PRADESH,
8536,ATTAR,ATR,E,NSG6,RTM,WR,Khandwa,MADHYA PRADESH,
8537,BAJRANGGARH,BJG,E,NSG6,RTM,WR,JHABUA,MADHYA PRADESH,
8538,BAKANIAN BHAUNRI,BQE,E,NSG6,RTM,WR,BHOPAL,MADHYA PRADESH,
8539,BAKTAL,BKTL,E,NSG6,RTM,WR,SEHORE,MADHYA PRADESH,
8540,BANGROD,BOD,E,NSG6,RTM,WR,RATLAM,MADHYA PRADESH,
8541,BARAYALA CHAURASI,BRLA,E,NSG6,RTM,WR,RATLAM,MADHYA PRADESH,
8542,BARLAI,BLAX,E,NSG6,RTM,WR,INDORE,MADHYA PRADESH,
8543,BARNAGAR,BNG,D,NSG6,RTM,WR,UJJAIN,MADHYA PRADESH,
8544,BARWAHA,BWW,E,NSG6,RTM,WR,KHARGONE,MADHYA PRADESH,
8545,BERAWANYA,BRNA,E,NSG6,RTM,WR,UJJAIN,MADHYA PRADESH,
8546,BHAIRONGARH,BOG,E,NSG6,RTM,WR,RATLAM,MADHYA PRADESH,
8547,BILDI,BILD,E,NSG6,RTM,WR,RATLAM,MADHYA PRADESH,
8548,BISALWAS KALAN,BIWK,E,NSG6,RTM,WR,NEEMUCH,MADHYA PRADESH,
8549,BOLAI,BLX,E,NSG6,RTM,WR,SHAJAPUR,MADHYA PRADESH,
8550,BORDI,BIO,E,NSG6,RTM,WR,DOHAD,GUJARAT,
8551,CHANCHELAV,CCL,E,NSG6,RTM,WR,PANCH MAHALS,GUJARAT,
8552,CHORAL,CRL,E,NSG6,RTM,WR,INDORE,MADHYA PRADESH,
8553,DALAUDA,DLD,E,NSG6,RTM,WR,MANDSAUR,MADHYA PRADESH,
8554,DHODHAR,DOD,E,NSG6,RTM,WR,RATLAM,MADHYA PRADESH,
8555,"FATEHABAD
CHANDRAWAT",FTD,E,NSG6,RTM,WR,UJJAIN,MADHYA PRADESH,
8556,GAMBHIRI ROAD,GRF,E,NSG6,RTM,WR,CHITTORGARH,RAJASTHAN,
8557,GAUTAMPURA ROAD,GPX,E,NSG6,RTM,WR,INDORE,MADHYA PRADESH,
8558,HARKIA KHAL,HKL,E,NSG6,RTM,WR,NEEMUCH,MADHYA PRADESH,
8559,JABRI,JBX,E,NSG6,RTM,WR,SHAJAPUR,MADHYA PRADESH,
8560,JAWAD ROAD,JWO,E,NSG6,RTM,WR,NEEMUCH,MADHYA PRADESH,
8561,JEKOT,JKT,E,NSG6,RTM,WR,DOHAD,GUJARAT,
8562,KALAKUND,KKD,E,NSG6,RTM,WR,INDORE,MADHYA PRADESH,
8563,KALI SINDH,KSH,E,NSG6,RTM,WR,SHAJAPUR,MADHYA PRADESH,
8564,KANSUDHI,KIZ,E,NSG6,RTM,WR,PANCH MAHALS,GUJARAT,
8565,KARACHHA,KDHA,E,NSG6,RTM,WR,UJJAIN,MADHYA PRADESH,
8566,LAKSHMIBAI NAGAR,LMNR,D,NSG6,RTM,WR,INDORE,MADHYA PRADESH,
8567,MALHARGARH,MLG,E,NSG6,RTM,WR,MANDSAUR,MADHYA PRADESH,
8568,MANGAL MAHUDI,MAM,E,NSG6,RTM,WR,DOHAD,GUJARAT,
8569,MANGLIYAGAON,MGG,E,NSG6,RTM,WR,INDORE,MADHYA PRADESH,
8570,MORWANI,MRN,E,NSG6,RTM,WR,RATLAM,MADHYA PRADESH,
8571,MUKHTIARA BALWARA,MKT,E,NSG6,RTM,WR,KHARGONE,MADHYA PRADESH,
8572,NAIKHERI,NKI,E,NSG6,RTM,WR,UJJAIN,MADHYA PRADESH,
8573,NAMLI,NLI,E,NSG6,RTM,WR,RATLAM,MADHYA PRADESH,
8574,NARANJIPUR,NRGR,E,NSG6,RTM,WR,DEWAS,MADHYA PRADESH,
8575,NAUGANWAN,NGW,E,NSG6,RTM,WR,RATLAM,MADHYA PRADESH,
8576,NIMAR-KHERI,NKR,E,NSG6,RTM,WR,EAST NIMAR,MADHYA PRADESH,
8577,OMKARESHWAR ROAD,OM,D,NSG6,RTM,WR,EAST NIMAR,MADHYA PRADESH,
8578,PACHAWAN,PNWN,E,NSG6,RTM,WR,SEHORE,MADHYA PRADESH,
8579,PALIA,PLA,E,NSG6,RTM,WR,INDORE,MADHYA PRADESH,
8580,PALSORA MAKRAWAN,PSO,E,NSG6,RTM,WR,UJJAIN,MADHYA PRADESH,
8581,PANCH PIPLIA,PCN,E,NSG6,RTM,WR,JHABUA,MADHYA PRADESH,
8582,PARBATI,PRB,E,NSG6,RTM,WR,SHAJAPUR,MADHYA PRADESH,
8583,PATAL PANI,PTP,E,NSG6,RTM,WR,INDORE,MADHYA PRADESH,
8584,PHANDA,PUD,E,NSG6,RTM,WR,SEHORE,MADHYA PRADESH,
8585,PINGLESWAR,PLW,E,NSG6,RTM,WR,UJJAIN,MADHYA PRADESH,
8586,PIPLOD JN.,PPD,E,NSG6,RTM,WR,DOHAD,GUJARAT,
8587,PIPLODA BAGLA,PPG,E,NSG6,RTM,WR,UJJAIN,MADHYA PRADESH,
8588,PIR UMROD,PUO,E,NSG6,RTM,WR,SHAJAPUR,MADHYA PRADESH,
8589,RAJENDRA NAGAR,RJQ,D,NSG6,RTM,WR,INDORE,MADHYA PRADESH,
8590,RANYALA JASMIYA,RCJ,E,NSG6,RTM,WR,DEWAS,MADHYA PRADESH,
8591,RAOTI,RTI,E,NSG6,RTM,WR,RATLAM,MADHYA PRADESH,
8592,RAU,RAU,E,NSG6,RTM,WR,INDORE,MADHYA PRADESH,
8593,RENTIYA,RET,E,NSG6,RTM,WR,DOHAD,GUJARAT,
8594,RUNIJA,RNJ,E,NSG6,RTM,WR,UJJAIN,MADHYA PRADESH,
8595,RUNKHERA,RNH,E,NSG6,RTM,WR,UJJAIN,MADHYA PRADESH,
8596,SANAWAD,SWD,A,NSG6,RTM,WR,Khargone,MADHYA PRADESH,
8597,SANT ROAD,SAT,E,NSG6,RTM,WR,PANCH MAHALS,GUJARAT,
8598,SHAMBHUPARA,SMP,E,NSG6,RTM,WR,CHITTORGARH,RAJASTHAN,
8599,TAJPUR,TJP,E,NSG6,RTM,WR,UJJAIN,MADHYA PRADESH,
8600,TARANA ROAD,TAN,E,NSG6,RTM,WR,UJJAIN,MADHYA PRADESH,
8601,UNHEL,UNL,E,NSG6,RTM,WR,UJJAIN,MADHYA PRADESH,
8602,USRA,USRA,E,NSG6,RTM,WR,DOHAD,GUJARAT,
8603,VIKRAMNAGAR,VRG,E,NSG6,RTM,WR,UJJAIN,MADHYA PRADESH,
8604,NAGDA CABIN,NADC,A,,RTM,WR,UJJAIN,MADHYA PRADESH,
